30	2L	Common literary adjective rather than specialist classical study.
39	2S	Formal anatomical identification beyond everyday basic body parts.
80	3T	Specialist zoological species name.
101	3T	Botanical species and fodder term; familiarity assessed on the written name.
102	2L	Literary lexical form for a rock, rather than an elementary object word.
120	3T	Specialist amphibian taxonomy.
151	3T	Botanical name rather than an ordinary everyday plant name.
171	3T	Specialist zoological species name.
226	3T	Less familiar named fish species.
233	3T	Written botanical name for coriander; familiarity of the named food does not settle recognition.
263	1H	Name of a language in general cultural and historical knowledge.
280	2S	Fermentation starter within school-level fermentation knowledge.
350	1S	Elementary-school geometry of solid shapes.
396	3T	Specialist fishing technique.
430	3T	Specialist species-based timber name.
509	3T	Rare botanical species name.
567	0O	Elementary contrasting states, with a basic-word reason code.
633	3T	Named botanical crop whose written lexical form is uncommon.
644	3T	Specialist named stork species.
651	3T	Specialist named vine species.
734	1G	Recognition of the specific verb exceeds very basic Grade 1 wording.
736	3T	Botanical and medicinal plant name.
750	3T	Specialist crustacean anatomical terminology.
782	1G	The specific glance verb exceeds the most elementary looking actions.
787	1S	Introductory tree-versus-shrub classification.
817	3T	Specialist botanical species name.
904	3T	Chemical substance not an ordinary school-level substance name.
991	2L	Familiarity through high-school poetry rather than an elementary flower word.
1005	3T	Industrial weighing-equipment name.
1052	4C	Older literary lexical name for nail polish.
1086	1S	Introductory ordinary hydraulic structure.
1105	2H	Formal historical military wording rather than ordinary daily trench wording.
1121	3T	Specialized timber species name.
1162	3T	Specialized fabric/material name.
1216	1G	Specific written application verb exceeds the elementary daily-action band.
1220	1H	Less familiar surname recognition.
1222	2L	Formal literary insect word rather than the everyday bookworm wording.
1225	3T	Specialist fiber-plant species name.
1231	3U	Modern academic modesty formula in article titles.
1237	3T	Specialist named oil-bearing plant.
1240	1H	Less familiar surname recognition.
1241	1H	Less familiar surname recognition.
1251	3T	Specific zoological species name rather than the ordinary mountain-chicken name.
1264	3T	Specific hawk species name.
1281	3T	Formal mycological noun.
1283	1H	Less familiar surname recognition.
1294	1G	Specific lexical verb exceeds the elementary driving-away wording.
1295	3T	Specialist botanical species name.
1299	1G	Specific verb of gathering sleeves exceeds the most elementary action wording.
1308	3T	Traditional structural construction terminology.
1314	4C	Classical lexical alternative for pregnancy; confirmed by the retained ancient-book examples.
1316	3T	Specialized wood-shaping tool.
1353	3T	Named weasel species rather than generic everyday animal wording.
1373	3T	Specific fish species name.
1383	2L	Recognition through common poetic imagery.
1393	2L	Older literary and proverbial lexical form for monkey.
1412	3T	Specialist zoological hair/anatomy term.
1425	3T	Dated specialist scientific lexical form, even though the underlying enzyme concept is school-level.
1439	3T	Specialist botanical species name.
1442	2F	Formal commercial wording for fur.
1455	4C	Literary lexical name for slender bamboo, not the elementary bamboo word.
1469	3T	Specific mineral/pigment material name.
1479	2L	Less familiar literary form for hoarseness.
1480	2L	Less familiar literary form for hoarseness.
1486	3T	Formal clinical scar terminology.
1506	1G	Specific kicking verb exceeds the most elementary action wording.
1529	3T	Specialist anatomical lexical form.
1531	3T	Specific venomous snake taxonomy.
1536	3T	Specific mineral/gem species.
1556	2S	School biological examples of insect adaptation.
1568	1H	Less familiar surname recognition.
1570	2L	Character meaning accessible through common school idioms.
1589	3T	Specialist botanical species name.
1591	3T	Specialist botanical genus name.
1593	3T	Specialist botanical genus name.
1595	1H	Less familiar surname recognition.
1596	1G	Specific colloquial stroke verb exceeds the most elementary Grade 1 wording.
1601	1H	Less familiar surname recognition.
1605	3T	Specific zoological species name.
1608	3T	Specialist botanical shoot terminology.
1615	2S	General school-level parasite and public-health knowledge.
1627	3T	Specialist named tree species.
1675	2H	A character in a historical legendary-ruler name rather than specialist literary analysis.
1676	3T	Specialist named plant species.
1677	1S	Familiar species from introductory conservation and wildlife education.
1689	3T	Formal botanical and medicinal lexical name rather than the common food name.
1698	2L	Familiar literary wording for fertile land.
1715	1G	Specific teeth-baring verb exceeds the elementary Grade 1 action band.
1732	1G	Specific grip verb exceeds the elementary Grade 1 action band.
1735	1G	Specific teeth-baring lexical form exceeds the elementary Grade 1 action band.
1744	3T	Specialist named tree genus.
1749	3T	Specialist weapon-part term.
1751	2S	Ordinary middle-school biological example.
1753	3T	Specific fish species name.
1754	3T	Specific fish species name.
1757	3T	Specific deer species name.
1764	3T	Specialist botanical plant name.
1766	3T	Specialist anatomical bone name.
1767	2H	More specific historical feudal land terminology.
1772	2L	Formal literary lexical form for a skull.
1774	3T	Specific zoological species name.
1775	2L	Recognized through common high-school classical prose.
1778	2L	Familiar from ordinary school classical prose and idiom usage.
1779	3T	Less familiar named grain species.
1782	3T	Specialist named oak species.
1798	3T	Specialist named tree species.
1802	4C	Older literary lexical name for a familiar fruit.
1806	2L	Accessible through common literary idiom exposure.
1808	2L	Accessible through standard high-school classical prose.
1810	3T	Specific beetle taxonomy.
1819	4C	Uncommon classical personal-name reading, not the ordinary shi word.
1821	2L	Formal combined literary raptor wording.
1827	3T	Specific fish taxonomy.
1829	3T	Less familiar specific fish lexical name.
1830	3T	Specific rodent species name.
1845	3T	Specific deer taxonomy.
1862	3T	Dated specialist scientific lexical form rather than the familiar school protein term.
1874	3T	Specific primate taxonomy.
1882	3T	Specialist named tree genus.
1894	4C	Older literary lexical item for a tool.
1895	3T	Specialist weapon-part term.
1897	3T	Formal clinical term rather than everyday pimple wording.
1898	3T	Specific insect taxonomy.
1899	3T	Specialist larval terminology.
1900	3T	Specialist locust development term.
1901	3T	Specific snake taxonomy.
1903	3T	Specific fish taxonomy.
1904	3T	Specific fish taxonomy.
1905	3T	Specific fish taxonomy.
1906	3T	Specific fish taxonomy.
1909	3T	Specific deer taxonomy.
1914	3T	Specific insect taxonomy.
1963	3T	Named parasitic plant and medicinal material.
1964	3T	Written botanical crop name.
1966	2L	Formal literary combined wording for oars.
1977	3T	Specialist species-based timber name.
1981	2L	Formal literary lexical form for roots.
2003	1H	Surname recognition beyond the most elementary name band.
2021	4C	Older written lexical spelling of the modern discover word.
2045	3T	Specific botanical and aromatic medicinal plant name.
2082	1H	Less familiar surname recognition, with a general-school reason.
2089	3T	Specialized traditional grain-processing tool.
2095	1H	Less familiar surname recognition.
2106	2S	Agricultural fertilizer preparation within school-level science.
2107	2L	Formal literary swim verb rather than the elementary colloquial equivalent.
2110	3T	Specific named shellfish species.
2115	2L	Less familiar literary adjective for strong tea.
2126	3T	Specific species-based timber name.
2136	1H	Less familiar surname recognition.
2137	3T	Specific species-based timber name.
2140	3T	Specific traditional cultivation tool name.
2193	2L	Formal literary wording for stone inscription tablets.
2212	1H	Familiar monastic self-address in general historical stories.
2219	2L	Accessible through common high-school classical verse.
2253	2H	Ordinary school prosody and couplet terminology, rather than specialist historical phonology.
2263	3T	Specific aquatic botanical and food species name.
2274	2H	Familiar historical military title in general history reading.
2311	3T	Specific navigation action terminology.
2313	1G	Regional everyday tree-part word, not a specialist botanical process.
2324	3T	Less familiar chemical element name rather than standard ordinary school substances.
2345	2L	Accessible through common middle-school classical prose.
2359	1G	Regional everyday bound word for crow, rather than a specialist classical term.
2362	2L	The recorded dawn meaning is literary rather than merely personal-name identification.
2368	4C	Classical literary fragrant-plant lexical name; not literary-analysis terminology.
2373	2L	Accessible through common high-school classical prose.
2389	3U	Advanced formal accusation wording in modern use.
2390	2H	General historical court-title recognition.
2393	2L	Traditional gentry wording accessible through school classical prose.
2458	1L	Recognition through common primary-school classical verse.
2486	2L	Accessible through common middle-school classical prose.
2563	3U	Advanced formal public-finance wording in modern use.
2594	2L	Accessible through ordinary middle-school classical prose.
2609	4C	Ancient textile lexical term; retained examples concern ancient jiaoxie fabric.
2612	4C	Recorded happiness meaning is explicitly ancient-prose usage in the retained examples.
2613	4C	Recorded dawn meaning is the rare classical lexical sense, not a personal-name label.
2614	3U	Advanced formal verb in modern prose, rather than a classical-only lexical item.
2629	1H	Ordinary first-year middle-school dynastic-history terminology.
2646	3T	Specific named fish taxonomy rather than the familiar colloquial food name.
2653	4C	Rare lexical treasure sense rather than merely recognition of a name character.
2731	2S	School geography of Loess Plateau landforms.
2780	3U	Advanced formal gathering verb in modern prose.
2782	2L	Ordinary literary bodily description rather than specialist classical study.
2790	1G	Regional everyday knife-honing action rather than a tertiary technical process.
1910	2L	Ordinary literary dark-color vocabulary rather than specialist classical study.
2362	4C	Dawn lexical sense rather than recognition of a modern personal-name character.
2805	4C	Rare classical expression for difficult wording, rather than a specialist literary-analysis category.
2831	2L	Accessible through common middle-school classical prose.
2856	1H	Ordinary first-year middle-school history identification of Laozi.
2869	4C	Older literary lexical name for an anthill.
2874	1I	Meaning accessible from a common primary-school idiom.
2919	3U	Advanced formal modern electoral wording, rather than classical literary terminology.
2945	2L	Accessible through common middle-school classical prose.
2951	4C	Traditional classical lexical name for an engraving knife.
2954	4C	Rare classical expression for difficult wording, rather than a specialist literary-analysis category.
2984	3T	Specific modern botanical and food-product name rather than an exclusively classical item.
3038	3U	Advanced formal conspicuousness word in modern summaries.
3063	2L	Combined gaze word accessible through common school literary vocabulary.
264	1H	Surname recognition beyond the elementary Grade 1 core.
284	1H	Expressive written color vocabulary beyond the elementary red word.
328	1G	Specific written utensil/measure name rather than the elementary spoon word.
454	1H	Surname recognition beyond the elementary Grade 1 core.
552	1H	Surname recognition beyond the elementary Grade 1 core.
605	1H	Expressive written color vocabulary beyond the elementary green word.
635	1H	Surname recognition beyond the elementary Grade 1 core.
661	1H	Surname recognition beyond the elementary Grade 1 core.
682	1G	General tool-name recognition beyond the elementary object core.
693	1G	Specific fastening verb beyond the elementary tying word.
694	1G	Specific fastening verb beyond the elementary tying word.
707	1H	Surname recognition beyond the elementary Grade 1 core.
747	0O	Basic familiar personal-name identification, with a noun reason code.
748	1G	Formal lexical scratching verb rather than the elementary colloquial equivalent.
779	1H	Surname recognition beyond the elementary Grade 1 core.
790	0O	Basic familiar personal-name identification, with a noun reason code.
801	1H	Surname recognition beyond the elementary Grade 1 core.
818	1H	General foreign-name recognition rather than elementary Chinese name vocabulary.
839	1H	General foreign-name recognition rather than elementary Chinese name vocabulary.
890	1H	Surname recognition beyond the elementary Grade 1 core.
894	1H	Surname recognition beyond the elementary Grade 1 core.
895	1H	Surname recognition beyond the elementary Grade 1 core.
899	1H	Surname recognition beyond the elementary Grade 1 core.
937	1G	Less familiar tent lexical spelling than the ordinary elementary form.
938	1H	Surname recognition beyond the elementary Grade 1 core.
992	1H	Surname recognition beyond the elementary Grade 1 core.
1000	0O	Basic familiar personal-name identification, with a noun reason code.
1013	1H	Surname recognition beyond the elementary Grade 1 core.
1019	1H	Surname recognition beyond the elementary Grade 1 core.
1100	1H	Surname recognition beyond the elementary Grade 1 core.
1112	1H	Surname recognition beyond the elementary Grade 1 core.
1119	1H	Surname recognition beyond the elementary Grade 1 core.
1201	1G	Specific puncturing verb beyond the elementary breaking word.
1288	1G	Specific stinging verb beyond elementary animal-action wording.
1291	1G	Specific grip verb beyond the elementary pulling word.
1311	1G	Specific lip-pressing verb beyond elementary facial-action wording.
1324	1G	Specific written jostling verb beyond the elementary pushing word.
1456	1H	Surname recognition beyond the elementary Grade 1 core.
1525	1G	Specific press verb beyond the elementary pressing word.
1911	0O	Basic familiar personal-name identification, with a noun reason code.
1937	1G	Fruit-name recognition beyond the most elementary food core.
