id	word	rarity	reason
wl_00001	东方	0	BASIC_OBJECT
wl_00002	冷冻	1	GENERAL_LIFE
wl_00003	通过	1	SCHOOL_GENERAL
wl_00004	儿童	0	BASIC_OBJECT
wl_00005	共同	1	GENERAL_LIFE
wl_00006	喉咙	0	BASIC_OBJECT
wl_00007	隆重	2	FORMAL_ABSTRACT
wl_00008	聪明	0	BASIC_ACTION
wl_00009	热衷	1	GENERAL_LIFE
wl_00010	忠心	1	GENERAL_LIFE
wl_00011	中间	0	BASIC_GRAMMAR
wl_00012	群众	1	GENERAL_LIFE
wl_00013	最终	1	GENERAL_LIFE
wl_00014	充满	1	GENERAL_LIFE
wl_00015	功劳	1	GENERAL_LIFE
wl_00016	工人	0	BASIC_OBJECT
wl_00017	公平	1	GENERAL_LIFE
wl_00018	攻击	1	GENERAL_LIFE
wl_00019	天空	0	BASIC_OBJECT
wl_00020	彩虹	0	BASIC_OBJECT
wl_00021	红色	0	BASIC_OBJECT
wl_00022	英雄	1	GENERAL_LIFE
wl_00023	融化	1	SCHOOL_GENERAL
wl_00024	帐篷	0	BASIC_OBJECT
wl_00025	蜜蜂	0	BASIC_OBJECT
wl_00026	柠檬	0	BASIC_OBJECT
wl_00027	梦想	1	GENERAL_LIFE
wl_00028	丰富	1	GENERAL_LIFE
wl_00029	贫穷	1	GENERAL_LIFE
wl_00030	动物	0	BASIC_OBJECT
wl_00031	总是	0	BASIC_GRAMMAR
wl_00032	疼痛	1	GENERAL_LIFE
wl_00033	玩弄	2	FORMAL_ABSTRACT
wl_00034	贡献	1	GENERAL_LIFE
wl_00035	讽刺	2	FORMAL_ABSTRACT
wl_00036	凤凰	1	GENERAL_LIFE
wl_00037	独立	1	GENERAL_LIFE
wl_00038	忙碌	1	GENERAL_LIFE
wl_00039	角落	0	BASIC_OBJECT
wl_00040	角色	1	SCHOOL_GENERAL
wl_00041	民族	1	SCHOOL_GENERAL
wl_00042	确凿	2	FORMAL_ABSTRACT
wl_00043	速度	1	SCHOOL_GENERAL
wl_00044	严肃	1	GENERAL_LIFE
wl_00045	建筑	1	SCHOOL_GENERAL
wl_00046	逐渐	1	GENERAL_LIFE
wl_00047	淑女	1	GENERAL_LIFE
wl_00048	成熟	1	GENERAL_LIFE
wl_00049	叔叔	0	BASIC_OBJECT
wl_00050	牛肉	0	BASIC_OBJECT
wl_00051	山谷	1	SCHOOL_GENERAL
wl_00052	哭泣	1	GENERAL_LIFE
wl_00053	房屋	0	BASIC_OBJECT
wl_00054	教育	1	SCHOOL_GENERAL
wl_00055	腹部	1	SCHOOL_GENERAL
wl_00056	蝙蝠	0	BASIC_OBJECT
wl_00057	幸福	1	GENERAL_LIFE
wl_00058	仆人	1	GENERAL_LIFE
wl_00059	衣服	0	BASIC_OBJECT
wl_00060	目光	1	GENERAL_LIFE
wl_00061	冬天	0	BASIC_OBJECT
wl_00062	宗教	2	FORMAL_ABSTRACT
wl_00063	轻松	0	BASIC_ACTION
wl_00064	统一	1	GENERAL_LIFE
wl_00065	综合	2	FORMAL_ABSTRACT
wl_00066	监督	1	GENERAL_LIFE
wl_00067	病毒	1	SCHOOL_GENERAL
wl_00068	残酷	1	GENERAL_LIFE
wl_00069	放纵	2	FORMAL_ABSTRACT
wl_00070	踪迹	1	GENERAL_LIFE
wl_00071	诉讼	2	FORMAL_ABSTRACT
wl_00072	重新	0	BASIC_GRAMMAR
wl_00073	重量	1	SCHOOL_GENERAL
wl_00074	重要	1	GENERAL_LIFE
wl_00075	公共	1	GENERAL_LIFE
wl_00076	提供	1	GENERAL_LIFE
wl_00077	容易	0	BASIC_ACTION
wl_00078	封闭	1	GENERAL_LIFE
wl_00079	裂缝	1	GENERAL_LIFE
wl_00080	锋利	1	GENERAL_LIFE
wl_00081	种子	0	BASIC_OBJECT
wl_00082	恐惧	1	GENERAL_LIFE
wl_00083	拥有	1	GENERAL_LIFE
wl_00084	勇敢	0	BASIC_ACTION
wl_00085	奉献	2	FORMAL_ABSTRACT
wl_00086	使用	1	GENERAL_LIFE
wl_00087	绿色	0	BASIC_OBJECT
wl_00088	记录	1	SCHOOL_GENERAL
wl_00089	继续	1	GENERAL_LIFE
wl_00090	蜡烛	0	BASIC_OBJECT
wl_00091	属于	1	GENERAL_LIFE
wl_00092	接触	1	GENERAL_LIFE
wl_00093	约束	2	FORMAL_ABSTRACT
wl_00094	赎罪	2	FORMAL_ABSTRACT
wl_00095	耻辱	2	FORMAL_ABSTRACT
wl_00096	监狱	1	GENERAL_LIFE
wl_00097	地狱	1	GENERAL_LIFE
wl_00098	玉米	0	BASIC_OBJECT
wl_00099	欲望	2	FORMAL_ABSTRACT
wl_00100	局面	2	FORMAL_ABSTRACT
wl_00101	撞击	1	GENERAL_LIFE
wl_00102	控制	1	GENERAL_LIFE
wl_00103	投降	1	SCHOOL_GENERAL
wl_00104	降落	1	GENERAL_LIFE
wl_00105	庞大	1	GENERAL_LIFE
wl_00106	演讲	1	SCHOOL_GENERAL
wl_00107	港口	1	SCHOOL_GENERAL
wl_00108	项链	0	BASIC_OBJECT
wl_00109	小巷	0	BASIC_OBJECT
wl_00110	桌子	0	BASIC_OBJECT
wl_00111	捕捉	1	GENERAL_LIFE
wl_00112	捉弄	1	GENERAL_LIFE
wl_00113	确定	1	GENERAL_LIFE
wl_00114	的确	1	GENERAL_LIFE
wl_00115	学习	0	BASIC_ACTION
wl_00116	学校	0	BASIC_OBJECT
wl_00117	握手	0	BASIC_ACTION
wl_00118	喔	0	BASIC_GRAMMAR
wl_00119	剥夺	2	FORMAL_ABSTRACT
wl_00120	反驳	1	SCHOOL_GENERAL
wl_00121	分离	1	GENERAL_LIFE
wl_00122	华丽	1	GENERAL_LIFE
wl_00123	玻璃	0	BASIC_OBJECT
wl_00124	跟随	1	GENERAL_LIFE
wl_00125	支持	1	GENERAL_LIFE
wl_00126	只有	0	BASIC_GRAMMAR
wl_00127	树枝	0	BASIC_OBJECT
wl_00128	提高	1	GENERAL_LIFE
wl_00129	钥匙	0	BASIC_OBJECT
wl_00130	实施	2	FORMAL_ABSTRACT
wl_00131	儿子	0	BASIC_OBJECT
wl_00132	规则	1	SCHOOL_GENERAL
wl_00133	堕落	2	FORMAL_ABSTRACT
wl_00134	移动	1	GENERAL_LIFE
wl_00135	卑鄙	1	GENERAL_LIFE
wl_00136	脾气	0	BASIC_ACTION
wl_00137	弥补	1	GENERAL_LIFE
wl_00138	表示	1	GENERAL_LIFE
wl_00139	紫色	0	BASIC_OBJECT
wl_00140	彼此	1	GENERAL_LIFE
wl_00141	奢侈	2	FORMAL_ABSTRACT
wl_00142	是非	1	GENERAL_LIFE
wl_00143	企业	1	GENERAL_LIFE
wl_00144	刺激	1	GENERAL_LIFE
wl_00145	睡觉	0	BASIC_ACTION
wl_00146	翅膀	0	BASIC_OBJECT
wl_00147	交易	1	GENERAL_LIFE
wl_00148	手臂	0	BASIC_OBJECT
wl_00149	避免	1	GENERAL_LIFE
wl_00150	知道	0	BASIC_ACTION
wl_00151	知识	1	SCHOOL_GENERAL
wl_00152	蜘蛛	0	BASIC_OBJECT
wl_00153	差别	1	SCHOOL_GENERAL
wl_00154	出差	1	GENERAL_LIFE
wl_00155	妓女	2	FORMAL_ABSTRACT
wl_00156	仪式	1	SCHOOL_GENERAL
wl_00157	危险	0	BASIC_ACTION
wl_00158	牺牲	1	GENERAL_LIFE
wl_00159	游戏	0	BASIC_OBJECT
wl_00160	椅子	0	BASIC_OBJECT
wl_00161	委托	2	FORMAL_ABSTRACT
wl_00162	作为	1	GENERAL_LIFE
wl_00163	为了	0	BASIC_GRAMMAR
wl_00164	疲劳	1	GENERAL_LIFE
wl_00165	罢休	1	GENERAL_LIFE
wl_00166	皮肤	0	BASIC_OBJECT
wl_00167	奇怪	0	BASIC_ACTION
wl_00168	骑马	0	BASIC_ACTION
wl_00169	诡计	1	GENERAL_LIFE
wl_00170	跪下	0	BASIC_ACTION
wl_00171	蚂蚁	0	BASIC_OBJECT
wl_00172	销毁	1	GENERAL_LIFE
wl_00173	技术	1	SCHOOL_GENERAL
wl_00174	智慧	1	SCHOOL_GENERAL
wl_00175	友谊	1	GENERAL_LIFE
wl_00176	正义	2	FORMAL_ABSTRACT
wl_00177	会议	1	GENERAL_LIFE
wl_00178	咨询	1	GENERAL_LIFE
wl_00179	资源	1	SCHOOL_GENERAL
wl_00180	姿态	1	GENERAL_LIFE
wl_00181	虽然	1	SCHOOL_GENERAL
wl_00182	私人	1	GENERAL_LIFE
wl_00183	脂肪	1	SCHOOL_GENERAL
wl_00184	尸体	1	GENERAL_LIFE
wl_00185	羡慕	1	GENERAL_LIFE
wl_00186	唯一	1	GENERAL_LIFE
wl_00187	维持	1	GENERAL_LIFE
wl_00188	阿姨	0	BASIC_OBJECT
wl_00189	比较	1	SCHOOL_GENERAL
wl_00190	堡垒	1	SCHOOL_GENERAL
wl_00191	履行	2	FORMAL_ABSTRACT
wl_00192	死亡	1	GENERAL_LIFE
wl_00193	手指	0	BASIC_OBJECT
wl_00194	电视	0	BASIC_OBJECT
wl_00195	水果	0	BASIC_OBJECT
wl_00196	地方	0	BASIC_OBJECT
wl_00197	眼泪	0	BASIC_OBJECT
wl_00198	利益	2	FORMAL_ABSTRACT
wl_00199	种类	1	SCHOOL_GENERAL
wl_00200	次数	1	SCHOOL_GENERAL
wl_00201	自己	0	BASIC_GRAMMAR
wl_00202	嫉妒	1	GENERAL_LIFE
wl_00203	纯粹	2	FORMAL_ABSTRACT
wl_00204	隧道	0	BASIC_OBJECT
wl_00205	至少	1	GENERAL_LIFE
wl_00206	出现	1	GENERAL_LIFE
wl_00207	季节	0	BASIC_OBJECT
wl_00208	放弃	1	GENERAL_LIFE
wl_00209	庇护	2	FORMAL_ABSTRACT
wl_00210	鼻子	0	BASIC_OBJECT
wl_00211	梦寐以求	1	COMMON_IDIOM
wl_00212	屁股	0	BASIC_OBJECT
wl_00213	你呢	0	BASIC_GRAMMAR
wl_00214	追求	1	GENERAL_LIFE
wl_00215	迟到	0	BASIC_ACTION
wl_00216	老师	0	BASIC_OBJECT
wl_00217	狮子	0	BASIC_OBJECT
wl_00218	肌肉	1	SCHOOL_GENERAL
wl_00219	乌龟	0	BASIC_OBJECT
wl_00220	饥饿	1	GENERAL_LIFE
wl_00221	悲伤	1	GENERAL_LIFE
wl_00222	眉毛	0	BASIC_OBJECT
wl_00223	轨道	1	SCHOOL_GENERAL
wl_00224	鄙视	1	GENERAL_LIFE
wl_00225	否定	1	SCHOOL_GENERAL
wl_00226	美丽	0	BASIC_ACTION
wl_00227	导致	2	FORMAL_ABSTRACT
wl_00228	物质	2	SCHOOL_SCIENCE
wl_00229	人质	1	GENERAL_LIFE
wl_00230	坠落	1	GENERAL_LIFE
wl_00231	幼稚	1	GENERAL_LIFE
wl_00232	精致	1	GENERAL_LIFE
wl_00233	效率	1	GENERAL_LIFE
wl_00234	惭愧	1	GENERAL_LIFE
wl_00235	机器	0	BASIC_OBJECT
wl_00236	位置	1	GENERAL_LIFE
wl_00237	秘密	1	GENERAL_LIFE
wl_00238	费用	1	GENERAL_LIFE
wl_00239	准备	0	BASIC_ACTION
wl_00240	魅力	1	GENERAL_LIFE
wl_00241	柜台	1	GENERAL_LIFE
wl_00242	狐狸	0	BASIC_OBJECT
wl_00243	仔细	0	BASIC_ACTION
wl_00244	滋味	1	GENERAL_LIFE
wl_00245	思想	2	FORMAL_ABSTRACT
wl_00246	意思	0	BASIC_GRAMMAR
wl_00247	伺候	1	GENERAL_LIFE
wl_00248	公司	1	GENERAL_LIFE
wl_00249	词语	0	BASIC_GRAMMAR
wl_00250	辞职	1	GENERAL_LIFE
wl_00251	痴迷	1	GENERAL_LIFE
wl_00252	保持	1	GENERAL_LIFE
wl_00253	之后	0	BASIC_GRAMMAR
wl_00254	时间	0	BASIC_OBJECT
wl_00255	诗歌	1	SCHOOL_GENERAL
wl_00256	而且	0	BASIC_GRAMMAR
wl_00257	居住	1	GENERAL_LIFE
wl_00258	基本	1	GENERAL_LIFE
wl_00259	欺负	0	BASIC_ACTION
wl_00260	怀疑	1	GENERAL_LIFE
wl_00261	医生	0	BASIC_OBJECT
wl_00262	日期	1	SCHOOL_GENERAL
wl_00263	其他	0	BASIC_GRAMMAR
wl_00264	公里	1	SCHOOL_GENERAL
wl_00265	道理	1	GENERAL_LIFE
wl_00266	相似	1	SCHOOL_GENERAL
wl_00267	士兵	1	GENERAL_LIFE
wl_00268	历史	1	SCHOOL_GENERAL
wl_00269	使者	2	FORMAL_ABSTRACT
wl_00270	驾驶	1	GENERAL_LIFE
wl_00271	停止	0	BASIC_ACTION
wl_00272	地址	1	GENERAL_LIFE
wl_00273	牙齿	0	BASIC_OBJECT
wl_00274	城市	0	BASIC_OBJECT
wl_00275	开始	0	BASIC_ACTION
wl_00276	耳朵	0	BASIC_OBJECT
wl_00277	纪念	1	SCHOOL_GENERAL
wl_00278	起来	0	BASIC_GRAMMAR
wl_00279	喜欢	0	BASIC_ACTION
wl_00280	已经	0	BASIC_GRAMMAR
wl_00281	可以	0	BASIC_GRAMMAR
wl_00282	文字	0	BASIC_GRAMMAR
wl_00283	植物	0	BASIC_OBJECT
wl_00284	价值	1	GENERAL_LIFE
wl_00285	事情	0	BASIC_OBJECT
wl_00286	厕所	0	BASIC_OBJECT
wl_00287	杂志	1	GENERAL_LIFE
wl_00288	认识	0	BASIC_ACTION
wl_00289	考试	0	BASIC_OBJECT
wl_00290	食物	0	BASIC_OBJECT
wl_00291	异常	1	GENERAL_LIFE
wl_00292	回归	2	FORMAL_ABSTRACT
wl_00293	机会	1	GENERAL_LIFE
wl_00294	指挥	1	GENERAL_LIFE
wl_00295	光辉	1	GENERAL_LIFE
wl_00296	希望	0	BASIC_ACTION
wl_00297	徽章	1	GENERAL_LIFE
wl_00298	依靠	1	GENERAL_LIFE
wl_00299	威胁	1	GENERAL_LIFE
wl_00300	周围	0	BASIC_GRAMMAR
wl_00301	违反	1	GENERAL_LIFE
wl_00302	飞行	1	GENERAL_LIFE
wl_00303	非常	0	BASIC_GRAMMAR
wl_00304	肥胖	1	GENERAL_LIFE
wl_00305	祈祷	1	GENERAL_LIFE
wl_00306	几个	0	BASIC_GRAMMAR
wl_00307	几乎	1	GENERAL_LIFE
wl_00308	魔鬼	1	GENERAL_LIFE
wl_00309	伟大	1	GENERAL_LIFE
wl_00310	尾巴	0	BASIC_OBJECT
wl_00311	既然	1	GENERAL_LIFE
wl_00312	珍贵	1	GENERAL_LIFE
wl_00313	天气	0	BASIC_OBJECT
wl_00314	安慰	1	GENERAL_LIFE
wl_00315	畏惧	1	GENERAL_LIFE
wl_00316	胃口	1	GENERAL_LIFE
wl_00317	所谓	2	FORMAL_ABSTRACT
wl_00318	词汇	1	SCHOOL_GENERAL
wl_00319	沸腾	1	SCHOOL_GENERAL
wl_00320	未来	1	GENERAL_LIFE
wl_00321	味道	0	BASIC_OBJECT
wl_00322	棕榈	1	SCHOOL_GENERAL
wl_00323	沮丧	1	GENERAL_LIFE
wl_00324	猪肉	0	BASIC_OBJECT
wl_00325	清除	1	GENERAL_LIFE
wl_00326	屠杀	2	FORMAL_ABSTRACT
wl_00327	着急	0	BASIC_ACTION
wl_00328	蔬菜	0	BASIC_OBJECT
wl_00329	舒适	1	GENERAL_LIFE
wl_00330	如果	0	BASIC_GRAMMAR
wl_00331	汽车	0	BASIC_OBJECT
wl_00332	根据	1	SCHOOL_GENERAL
wl_00333	废墟	1	SCHOOL_GENERAL
wl_00334	空虚	2	FORMAL_ABSTRACT
wl_00335	嘘	0	BASIC_GRAMMAR
wl_00336	关于	1	GENERAL_LIFE
wl_00337	给予	1	GENERAL_LIFE
wl_00338	剩余	1	GENERAL_LIFE
wl_00339	与	1	GENERAL_LIFE
wl_00340	参与	1	GENERAL_LIFE
wl_00341	名誉	2	FORMAL_ABSTRACT
wl_00342	渠道	1	SCHOOL_GENERAL
wl_00343	女儿	0	BASIC_OBJECT
wl_00344	旅行	1	GENERAL_LIFE
wl_00345	伴侣	1	GENERAL_LIFE
wl_00346	顺序	1	SCHOOL_GENERAL
wl_00347	情绪	1	GENERAL_LIFE
wl_00348	阻止	1	GENERAL_LIFE
wl_00349	清楚	0	BASIC_ACTION
wl_00350	基础	1	SCHOOL_GENERAL
wl_00351	所以	0	BASIC_GRAMMAR
wl_00352	处理	1	GENERAL_LIFE
wl_00353	住处	1	GENERAL_LIFE
wl_00354	别墅	1	GENERAL_LIFE
wl_00355	野外	1	GENERAL_LIFE
wl_00356	老鼠	0	BASIC_OBJECT
wl_00357	暑假	0	BASIC_OBJECT
wl_00358	举起	0	BASIC_ACTION
wl_00359	去年	0	BASIC_OBJECT
wl_00360	防御	1	SCHOOL_GENERAL
wl_00361	语言	1	SCHOOL_GENERAL
wl_00362	允许	1	GENERAL_LIFE
wl_00363	距离	1	SCHOOL_GENERAL
wl_00364	巨大	1	GENERAL_LIFE
wl_00365	火炬	1	SCHOOL_GENERAL
wl_00366	拒绝	1	GENERAL_LIFE
wl_00367	考虑	1	GENERAL_LIFE
wl_00368	帮助	0	BASIC_ACTION
wl_00369	宽恕	1	GENERAL_LIFE
wl_00370	香烟	1	GENERAL_LIFE
wl_00371	犹豫	1	GENERAL_LIFE
wl_00372	预计	2	FORMAL_ABSTRACT
wl_00373	都市	1	GENERAL_LIFE
wl_00374	图案	1	SCHOOL_GENERAL
wl_00375	前途	2	FORMAL_ABSTRACT
wl_00376	奴隶	1	SCHOOL_GENERAL
wl_00377	出租	1	GENERAL_LIFE
wl_00378	苏醒	1	GENERAL_LIFE
wl_00379	辜负	2	FORMAL_ABSTRACT
wl_00380	孤独	1	GENERAL_LIFE
wl_00381	呼吸	0	BASIC_ACTION
wl_00382	糊涂	1	GENERAL_LIFE
wl_00383	在乎	1	GENERAL_LIFE
wl_00384	恶毒	1	GENERAL_LIFE
wl_00385	可恶	1	GENERAL_LIFE
wl_00386	模糊	1	GENERAL_LIFE
wl_00387	触摸	1	GENERAL_LIFE
wl_00388	目睹	1	GENERAL_LIFE
wl_00389	赌博	1	GENERAL_LIFE
wl_00390	土地	0	BASIC_OBJECT
wl_00391	肚子	0	BASIC_OBJECT
wl_00392	努力	0	BASIC_ACTION
wl_00393	怒火	1	GENERAL_LIFE
wl_00394	俘虏	1	SCHOOL_GENERAL
wl_00395	鲁莽	1	GENERAL_LIFE
wl_00396	组织	1	GENERAL_LIFE
wl_00397	祖先	1	SCHOOL_GENERAL
wl_00398	粗糙	1	GENERAL_LIFE
wl_00399	鼓掌	0	BASIC_ACTION
wl_00400	估计	1	SCHOOL_GENERAL
wl_00401	古代	1	SCHOOL_GENERAL
wl_00402	股票	2	SCHOOL_SCIENCE
wl_00403	辛苦	0	BASIC_ACTION
wl_00404	中午	0	BASIC_OBJECT
wl_00405	队伍	0	BASIC_OBJECT
wl_00406	老虎	0	BASIC_OBJECT
wl_00407	雇佣	1	GENERAL_LIFE
wl_00408	窗户	0	BASIC_OBJECT
wl_00409	补充	1	SCHOOL_GENERAL
wl_00410	部分	1	SCHOOL_GENERAL
wl_00411	妈妈	0	BASIC_OBJECT
wl_00412	普通	1	GENERAL_LIFE
wl_00413	兔子	0	BASIC_OBJECT
wl_00414	渡过	1	GENERAL_LIFE
wl_00415	道路	1	GENERAL_LIFE
wl_00416	暴露	2	FORMAL_ABSTRACT
wl_00417	贿赂	2	FORMAL_ABSTRACT
wl_00418	工作	0	BASIC_ACTION
wl_00419	措施	2	FORMAL_ABSTRACT
wl_00420	错误	0	BASIC_ACTION
wl_00421	告诉	0	BASIC_ACTION
wl_00422	塑料	1	SCHOOL_GENERAL
wl_00423	故事	0	BASIC_OBJECT
wl_00424	照顾	0	BASIC_ACTION
wl_00425	仓库	1	GENERAL_LIFE
wl_00426	互相	0	BASIC_GRAMMAR
wl_00427	保护	0	BASIC_ACTION
wl_00428	布置	1	GENERAL_LIFE
wl_00429	脚步	0	BASIC_OBJECT
wl_00430	坟墓	1	GENERAL_LIFE
wl_00431	招募	2	FORMAL_ABSTRACT
wl_00432	恐怖	1	GENERAL_LIFE
wl_00433	需要	0	BASIC_GRAMMAR
wl_00434	必须	1	GENERAL_LIFE
wl_00435	厨房	0	BASIC_OBJECT
wl_00436	珍珠	1	GENERAL_LIFE
wl_00437	特殊	1	GENERAL_LIFE
wl_00438	运输	1	SCHOOL_GENERAL
wl_00439	懦弱	1	GENERAL_LIFE
wl_00440	拘留	2	FORMAL_ABSTRACT
wl_00441	区别	1	SCHOOL_GENERAL
wl_00442	愚蠢	1	GENERAL_LIFE
wl_00443	娱乐	1	GENERAL_LIFE
wl_00444	等于	0	BASIC_GRAMMAR
wl_00445	污染	1	SCHOOL_GENERAL
wl_00446	愉快	1	GENERAL_LIFE
wl_00447	符号	1	SCHOOL_GENERAL
wl_00448	无法	1	GENERAL_LIFE
wl_00449	巫师	1	GENERAL_LIFE
wl_00450	取得	1	GENERAL_LIFE
wl_00451	聚集	1	GENERAL_LIFE
wl_00452	数一数	0	BASIC_ACTION
wl_00453	数字	0	BASIC_OBJECT
wl_00454	主人	1	GENERAL_LIFE
wl_00455	规矩	1	GENERAL_LIFE
wl_00456	噢	0	BASIC_GRAMMAR
wl_00457	羽毛	0	BASIC_OBJECT
wl_00458	宇宙	1	SCHOOL_GENERAL
wl_00459	治愈	1	GENERAL_LIFE
wl_00460	父亲	0	BASIC_OBJECT
wl_00461	政府	1	SCHOOL_GENERAL
wl_00462	腐败	2	FORMAL_ABSTRACT
wl_00463	武器	1	GENERAL_LIFE
wl_00464	侮辱	1	GENERAL_LIFE
wl_00465	舞蹈	1	SCHOOL_GENERAL
wl_00466	抚摸	1	GENERAL_LIFE
wl_00467	解剖	3	TECHNICAL_NONLANGUAGE
wl_00468	逗留	1	GENERAL_LIFE
wl_00469	注意	0	BASIC_ACTION
wl_00470	遇见	0	BASIC_ACTION
wl_00471	公寓	1	GENERAL_LIFE
wl_00472	比喻	1	SCHOOL_GENERAL
wl_00473	支付	1	GENERAL_LIFE
wl_00474	搏斗	1	GENERAL_LIFE
wl_00475	天赋	1	GENERAL_LIFE
wl_00476	附近	0	BASIC_GRAMMAR
wl_00477	任务	1	GENERAL_LIFE
wl_00478	烟雾	1	SCHOOL_GENERAL
wl_00479	工具	0	BASIC_OBJECT
wl_00480	惧怕	1	GENERAL_LIFE
wl_00481	携带	1	GENERAL_LIFE
wl_00482	淘汰	1	GENERAL_LIFE
wl_00483	太阳	0	BASIC_OBJECT
wl_00484	大人	0	BASIC_OBJECT
wl_00485	最后	0	BASIC_GRAMMAR
wl_00486	覆盖	1	GENERAL_LIFE
wl_00487	外面	0	BASIC_GRAMMAR
wl_00488	会面	1	GENERAL_LIFE
wl_00489	会计	1	GENERAL_LIFE
wl_00490	懂得	0	BASIC_ACTION
wl_00491	害怕	0	BASIC_ACTION
wl_00492	泡沫	0	BASIC_OBJECT
wl_00493	快速	1	GENERAL_LIFE
wl_00494	说话	0	BASIC_ACTION
wl_00495	喝水	0	BASIC_ACTION
wl_00496	失败	1	GENERAL_LIFE
wl_00497	交叉	1	SCHOOL_GENERAL
wl_00498	检查	1	GENERAL_LIFE
wl_00499	街道	0	BASIC_OBJECT
wl_00500	鞋子	0	BASIC_OBJECT
wl_00501	青蛙	0	BASIC_OBJECT
wl_00502	哇	0	BASIC_GRAMMAR
wl_00503	娃娃	0	BASIC_OBJECT
wl_00504	品牌	1	GENERAL_LIFE
wl_00505	拐杖	1	GENERAL_LIFE
wl_00506	伙伴	1	GENERAL_LIFE
wl_00507	解决	1	GENERAL_LIFE
wl_00508	摇摆	1	GENERAL_LIFE
wl_00509	购买	1	GENERAL_LIFE
wl_00510	债务	2	SCHOOL_SCIENCE
wl_00511	八卦	3	UNIVERSITY_ABSTRACT
wl_00512	出售	1	GENERAL_LIFE
wl_00513	怀念	1	GENERAL_LIFE
wl_00514	和谐	1	GENERAL_LIFE
wl_00515	介绍	1	GENERAL_LIFE
wl_00516	破坏	1	GENERAL_LIFE
wl_00517	尴尬	1	GENERAL_LIFE
wl_00518	世界	0	BASIC_OBJECT
wl_00519	戒备	1	GENERAL_LIFE
wl_00520	机械	1	SCHOOL_GENERAL
wl_00521	拜访	1	GENERAL_LIFE
wl_00522	疲惫	1	GENERAL_LIFE
wl_00523	严厉	1	GENERAL_LIFE
wl_00524	例如	1	SCHOOL_GENERAL
wl_00525	鼓励	1	GENERAL_LIFE
wl_00526	国际	1	SCHOOL_GENERAL
wl_00527	岁月	1	GENERAL_LIFE
wl_00528	制度	2	FORMAL_ABSTRACT
wl_00529	制造	1	GENERAL_LIFE
wl_00530	吞噬	1	GENERAL_LIFE
wl_00531	誓言	1	GENERAL_LIFE
wl_00532	喜悦	1	GENERAL_LIFE
wl_00533	势力	2	FORMAL_ABSTRACT
wl_00534	艺术	1	SCHOOL_GENERAL
wl_00535	泄露	1	GENERAL_LIFE
wl_00536	别扭	1	GENERAL_LIFE
wl_00537	保卫	1	GENERAL_LIFE
wl_00538	降低	1	GENERAL_LIFE
wl_00539	楼梯	0	BASIC_OBJECT
wl_00540	题目	1	SCHOOL_GENERAL
wl_00541	骨折	1	GENERAL_LIFE
wl_00542	泥土	0	BASIC_OBJECT
wl_00543	黎明	1	GENERAL_LIFE
wl_00544	拥挤	1	GENERAL_LIFE
wl_00545	妻子	1	GENERAL_LIFE
wl_00546	整齐	0	BASIC_ACTION
wl_00547	西方	0	BASIC_OBJECT
wl_00548	鸡肉	0	BASIC_OBJECT
wl_00549	迷路	0	BASIC_ACTION
wl_00550	批评	1	GENERAL_LIFE
wl_00551	抵抗	1	GENERAL_LIFE
wl_00552	底部	1	GENERAL_LIFE
wl_00553	鼻涕	0	BASIC_OBJECT
wl_00554	身体	0	BASIC_OBJECT
wl_00555	传递	1	GENERAL_LIFE
wl_00556	弟弟	0	BASIC_OBJECT
wl_00557	礼物	0	BASIC_OBJECT
wl_00558	洗澡	0	BASIC_ACTION
wl_00559	陛下	1	SCHOOL_GENERAL
wl_00560	代替	1	GENERAL_LIFE
wl_00561	逮捕	1	GENERAL_LIFE
wl_00562	第一	0	BASIC_GRAMMAR
wl_00563	一切	1	GENERAL_LIFE
wl_00564	计划	1	SCHOOL_GENERAL
wl_00565	联系	1	GENERAL_LIFE
wl_00566	系鞋带	0	BASIC_ACTION
wl_00567	继承	1	SCHOOL_GENERAL
wl_00568	关系	1	GENERAL_LIFE
wl_00569	契约	2	FORMAL_ABSTRACT
wl_00570	系统	1	SCHOOL_GENERAL
wl_00571	轮胎	1	GENERAL_LIFE
wl_00572	舞台	1	GENERAL_LIFE
wl_00573	能力	1	GENERAL_LIFE
wl_00574	过来	0	BASIC_ACTION
wl_00575	灾难	1	GENERAL_LIFE
wl_00576	猜测	1	GENERAL_LIFE
wl_00577	材料	1	SCHOOL_GENERAL
wl_00578	财产	1	SCHOOL_GENERAL
wl_00579	裁判	1	GENERAL_LIFE
wl_00580	才能	0	BASIC_GRAMMAR
wl_00581	应该	0	BASIC_GRAMMAR
wl_00582	打开	0	BASIC_ACTION
wl_00583	孩子	0	BASIC_OBJECT
wl_00584	咳嗽	0	BASIC_ACTION
wl_00585	悲哀	1	GENERAL_LIFE
wl_00586	等待	1	GENERAL_LIFE
wl_00587	记载	1	SCHOOL_GENERAL
wl_00588	存在	1	GENERAL_LIFE
wl_00589	改变	1	GENERAL_LIFE
wl_00590	海洋	0	BASIC_OBJECT
wl_00591	态度	1	GENERAL_LIFE
wl_00592	代表	1	GENERAL_LIFE
wl_00593	口袋	0	BASIC_OBJECT
wl_00594	忍耐	1	GENERAL_LIFE
wl_00595	再次	1	GENERAL_LIFE
wl_00596	比赛	0	BASIC_OBJECT
wl_00597	大概	1	GENERAL_LIFE
wl_00598	障碍	1	GENERAL_LIFE
wl_00599	爱情	2	FORMAL_ABSTRACT
wl_00600	摧毁	1	GENERAL_LIFE
wl_00601	恢复	1	GENERAL_LIFE
wl_00602	头盔	0	BASIC_OBJECT
wl_00603	灰色	0	BASIC_OBJECT
wl_00604	回来	0	BASIC_ACTION
wl_00605	玫瑰	1	SCHOOL_GENERAL
wl_00606	徘徊	1	GENERAL_LIFE
wl_00607	杯子	0	BASIC_OBJECT
wl_00608	陪伴	1	GENERAL_LIFE
wl_00609	培养	1	GENERAL_LIFE
wl_00610	媒体	1	SCHOOL_GENERAL
wl_00611	草莓	0	BASIC_OBJECT
wl_00612	大腿	0	BASIC_OBJECT
wl_00613	犯罪	1	SCHOOL_GENERAL
wl_00614	后悔	1	GENERAL_LIFE
wl_00615	加倍	1	GENERAL_LIFE
wl_00616	每天	0	BASIC_GRAMMAR
wl_00617	咖啡	1	GENERAL_LIFE
wl_00618	面对	1	GENERAL_LIFE
wl_00619	后退	0	BASIC_ACTION
wl_00620	团队	1	GENERAL_LIFE
wl_00621	内部	1	GENERAL_LIFE
wl_00622	破碎	1	GENERAL_LIFE
wl_00623	背后	0	BASIC_GRAMMAR
wl_00624	佩服	1	GENERAL_LIFE
wl_00625	妹妹	0	BASIC_OBJECT
wl_00626	配合	1	GENERAL_LIFE
wl_00627	邻居	0	BASIC_OBJECT
wl_00628	讨论	1	SCHOOL_GENERAL
wl_00629	遵守	1	GENERAL_LIFE
wl_00630	亲人	0	BASIC_OBJECT
wl_00631	薪水	1	GENERAL_LIFE
wl_00632	询问	1	GENERAL_LIFE
wl_00633	巡逻	1	GENERAL_LIFE
wl_00634	循环	1	SCHOOL_GENERAL
wl_00635	真实	1	GENERAL_LIFE
wl_00636	春天	0	BASIC_OBJECT
wl_00637	早晨	0	BASIC_OBJECT
wl_00638	申请	1	GENERAL_LIFE
wl_00639	绅士	1	GENERAL_LIFE
wl_00640	嘴唇	0	BASIC_OBJECT
wl_00641	人类	1	SCHOOL_GENERAL
wl_00642	仁慈	1	GENERAL_LIFE
wl_00643	平均	1	SCHOOL_GENERAL
wl_00644	因为	0	BASIC_GRAMMAR
wl_00645	婚姻	2	FORMAL_ABSTRACT
wl_00646	来宾	1	GENERAL_LIFE
wl_00647	苹果	0	BASIC_OBJECT
wl_00648	频繁	1	GENERAL_LIFE
wl_00649	人民	1	SCHOOL_GENERAL
wl_00650	尽力	1	GENERAL_LIFE
wl_00651	诊断	1	GENERAL_LIFE
wl_00652	批准	1	GENERAL_LIFE
wl_00653	标准	1	SCHOOL_GENERAL
wl_00654	矛盾	2	FORMAL_ABSTRACT
wl_00655	紧张	0	BASIC_ACTION
wl_00656	引导	1	GENERAL_LIFE
wl_00657	进步	1	GENERAL_LIFE
wl_00658	英俊	1	GENERAL_LIFE
wl_00659	讯息	1	GENERAL_LIFE
wl_00660	迅速	1	GENERAL_LIFE
wl_00661	信任	1	GENERAL_LIFE
wl_00662	地震	1	SCHOOL_GENERAL
wl_00663	谨慎	1	GENERAL_LIFE
wl_00664	瞬间	1	GENERAL_LIFE
wl_00665	顺利	1	GENERAL_LIFE
wl_00666	打印	1	GENERAL_LIFE
wl_00667	法律	1	SCHOOL_GENERAL
wl_00668	油漆	1	GENERAL_LIFE
wl_00669	疾病	1	GENERAL_LIFE
wl_00670	熟悉	1	GENERAL_LIFE
wl_00671	膝盖	0	BASIC_OBJECT
wl_00672	失去	1	GENERAL_LIFE
wl_00673	教室	0	BASIC_OBJECT
wl_00674	橘子	0	BASIC_OBJECT
wl_00675	一个	0	BASIC_GRAMMAR
wl_00676	必要	1	GENERAL_LIFE
wl_00677	毕业	1	SCHOOL_GENERAL
wl_00678	匹配	1	GENERAL_LIFE
wl_00679	珍惜	1	GENERAL_LIFE
wl_00680	镇定	1	GENERAL_LIFE
wl_00681	灰尘	0	BASIC_OBJECT
wl_00682	毛巾	0	BASIC_OBJECT
wl_00683	月份	1	SCHOOL_GENERAL
wl_00684	怜悯	1	GENERAL_LIFE
wl_00685	细菌	1	SCHOOL_GENERAL
wl_00686	衬衫	0	BASIC_OBJECT
wl_00687	仅仅	1	GENERAL_LIFE
wl_00688	窒息	1	SCHOOL_GENERAL
wl_00689	秩序	1	SCHOOL_GENERAL
wl_00690	侄子	1	GENERAL_LIFE
wl_00691	铅笔	0	BASIC_OBJECT
wl_00692	痕迹	1	GENERAL_LIFE
wl_00693	很好	0	BASIC_GRAMMAR
wl_00694	仇恨	1	GENERAL_LIFE
wl_00695	臀部	1	SCHOOL_GENERAL
wl_00696	尊重	1	GENERAL_LIFE
wl_00697	村庄	1	SCHOOL_GENERAL
wl_00698	孙子	0	BASIC_OBJECT
wl_00699	结婚	1	GENERAL_LIFE
wl_00700	温度	1	SCHOOL_GENERAL
wl_00701	奔跑	1	GENERAL_LIFE
wl_00702	大门	0	BASIC_OBJECT
wl_00703	损失	1	GENERAL_LIFE
wl_00704	混乱	1	GENERAL_LIFE
wl_00705	稳定	1	GENERAL_LIFE
wl_00706	根本	1	GENERAL_LIFE
wl_00707	笨拙	1	GENERAL_LIFE
wl_00708	安顿	1	GENERAL_LIFE
wl_00709	迟钝	1	GENERAL_LIFE
wl_00710	尺寸	1	GENERAL_LIFE
wl_00711	困难	1	GENERAL_LIFE
wl_00712	郁闷	1	GENERAL_LIFE
wl_00713	突然	1	GENERAL_LIFE
wl_00714	骨头	0	BASIC_OBJECT
wl_00715	滑稽	1	GENERAL_LIFE
wl_00716	忽然	1	GENERAL_LIFE
wl_00717	脖子	0	BASIC_OBJECT
wl_00718	没有	0	BASIC_GRAMMAR
wl_00719	欣赏	1	GENERAL_LIFE
wl_00720	隐藏	1	GENERAL_LIFE
wl_00721	靠近	0	BASIC_ACTION
wl_00722	吃饭	0	BASIC_ACTION
wl_00723	军队	1	SCHOOL_GENERAL
wl_00724	人员	1	GENERAL_LIFE
wl_00725	分开	0	BASIC_ACTION
wl_00726	打扮	1	GENERAL_LIFE
wl_00727	新闻	1	SCHOOL_GENERAL
wl_00728	愤怒	1	GENERAL_LIFE
wl_00729	亲吻	1	GENERAL_LIFE
wl_00730	教训	1	SCHOOL_GENERAL
wl_00731	运动	0	BASIC_ACTION
wl_00732	头晕	0	BASIC_ACTION
wl_00733	奋斗	1	GENERAL_LIFE
wl_00734	问题	1	SCHOOL_GENERAL
wl_00735	仿佛	1	GENERAL_LIFE
wl_00736	物品	1	GENERAL_LIFE
wl_00737	挖掘	1	GENERAL_LIFE
wl_00738	单纯	1	GENERAL_LIFE
wl_00739	沙滩	0	BASIC_OBJECT
wl_00740	团结	1	GENERAL_LIFE
wl_00741	弹药	1	SCHOOL_GENERAL
wl_00742	但是	0	BASIC_GRAMMAR
wl_00743	钻石	1	GENERAL_LIFE
wl_00744	餐厅	1	GENERAL_LIFE
wl_00745	棺材	1	GENERAL_LIFE
wl_00746	肝脏	1	SCHOOL_GENERAL
wl_00747	参观	1	GENERAL_LIFE
wl_00748	冠军	1	GENERAL_LIFE
wl_00749	官员	1	SCHOOL_GENERAL
wl_00750	干涉	2	FORMAL_ABSTRACT
wl_00751	宽容	1	GENERAL_LIFE
wl_00752	看守	1	GENERAL_LIFE
wl_00753	看待	1	GENERAL_LIFE
wl_00754	欢乐	1	GENERAL_LIFE
wl_00755	院子	0	BASIC_OBJECT
wl_00756	寒冷	1	GENERAL_LIFE
wl_00757	完成	0	BASIC_ACTION
wl_00758	安全	0	BASIC_ACTION
wl_00759	一般	0	BASIC_GRAMMAR
wl_00760	折断	0	BASIC_ACTION
wl_00761	短暂	1	GENERAL_LIFE
wl_00762	坦白	1	GENERAL_LIFE
wl_00763	瘫痪	1	GENERAL_LIFE
wl_00764	诞生	1	GENERAL_LIFE
wl_00765	温暖	0	BASIC_ACTION
wl_00766	散步	0	BASIC_ACTION
wl_00767	计算	0	BASIC_ACTION
wl_00768	管理	1	GENERAL_LIFE
wl_00769	满意	1	GENERAL_LIFE
wl_00770	锻炼	1	GENERAL_LIFE
wl_00771	腐烂	1	SCHOOL_GENERAL
wl_00772	称赞	1	GENERAL_LIFE
wl_00773	赞成	1	GENERAL_LIFE
wl_00774	灿烂	1	GENERAL_LIFE
wl_00775	罐头	1	GENERAL_LIFE
wl_00776	宾馆	1	GENERAL_LIFE
wl_00777	海岸	1	SCHOOL_GENERAL
wl_00778	去玩	0	BASIC_ACTION
wl_00779	呼唤	1	GENERAL_LIFE
wl_00780	交换	1	GENERAL_LIFE
wl_00781	强悍	1	GENERAL_LIFE
wl_00782	档案	2	FORMAL_ABSTRACT
wl_00783	按钮	0	BASIC_OBJECT
wl_00784	手腕	0	BASIC_OBJECT
wl_00785	一半	0	BASIC_GRAMMAR
wl_00786	背叛	2	FORMAL_ABSTRACT
wl_00787	漫长	1	GENERAL_LIFE
wl_00788	判断	1	SCHOOL_GENERAL
wl_00789	发达	1	SCHOOL_GENERAL
wl_00790	争夺	1	GENERAL_LIFE
wl_00791	脱离	1	GENERAL_LIFE
wl_00792	生活	0	BASIC_OBJECT
wl_00793	包括	1	GENERAL_LIFE
wl_00794	口渴	0	BASIC_ACTION
wl_00795	褐色	1	GENERAL_LIFE
wl_00796	来源	1	GENERAL_LIFE
wl_00797	原来	0	BASIC_GRAMMAR
wl_00798	言语	1	SCHOOL_GENERAL
wl_00799	怨恨	2	FORMAL_ABSTRACT
wl_00800	公园	0	BASIC_OBJECT
wl_00801	援助	1	GENERAL_LIFE
wl_00802	烦恼	1	GENERAL_LIFE
wl_00803	反对	1	GENERAL_LIFE
wl_00804	返回	1	GENERAL_LIFE
wl_00805	挽救	1	GENERAL_LIFE
wl_00806	夜晚	0	BASIC_OBJECT
wl_00807	建设	1	SCHOOL_GENERAL
wl_00808	愿意	0	BASIC_ACTION
wl_00809	宪法	2	FORMAL_ABSTRACT
wl_00810	贩卖	1	GENERAL_LIFE
wl_00811	千万	1	GENERAL_LIFE
wl_00812	健康	0	BASIC_ACTION
wl_00813	月亮	0	BASIC_OBJECT
wl_00814	超越	1	GENERAL_LIFE
wl_00815	头发	0	BASIC_OBJECT
wl_00816	发展	1	SCHOOL_GENERAL
wl_00817	处罚	1	GENERAL_LIFE
wl_00818	袜子	0	BASIC_OBJECT
wl_00819	搭讪	1	GENERAL_LIFE
wl_00820	删除	1	GENERAL_LIFE
wl_00821	关心	0	BASIC_ACTION
wl_00822	顽固	1	GENERAL_LIFE
wl_00823	颜色	0	BASIC_OBJECT
wl_00824	环境	1	SCHOOL_GENERAL
wl_00825	归还	1	GENERAL_LIFE
wl_00826	海湾	1	SCHOOL_GENERAL
wl_00827	野蛮	1	GENERAL_LIFE
wl_00828	版本	1	SCHOOL_GENERAL
wl_00829	习惯	1	GENERAL_LIFE
wl_00830	缓慢	1	GENERAL_LIFE
wl_00831	瞎子	1	GENERAL_LIFE
wl_00832	舌头	0	BASIC_OBJECT
wl_00833	艰难	1	GENERAL_LIFE
wl_00834	生产	1	SCHOOL_GENERAL
wl_00835	简单	0	BASIC_ACTION
wl_00836	眼睛	0	BASIC_OBJECT
wl_00837	限制	1	GENERAL_LIFE
wl_00838	幻想	1	GENERAL_LIFE
wl_00839	盼望	1	GENERAL_LIFE
wl_00840	挣扎	1	GENERAL_LIFE
wl_00841	观察	1	SCHOOL_GENERAL
wl_00842	刹车	1	GENERAL_LIFE
wl_00843	狡猾	1	GENERAL_LIFE
wl_00844	命令	1	GENERAL_LIFE
wl_00845	煎熬	2	FORMAL_ABSTRACT
wl_00846	痊愈	1	GENERAL_LIFE
wl_00847	完全	1	GENERAL_LIFE
wl_00848	金钱	1	GENERAL_LIFE
wl_00849	新鲜	0	BASIC_ACTION
wl_00850	宣传	2	FORMAL_ABSTRACT
wl_00851	旋转	1	SCHOOL_GENERAL
wl_00852	专门	1	GENERAL_LIFE
wl_00853	燃烧	1	SCHOOL_GENERAL
wl_00854	然后	0	BASIC_GRAMMAR
wl_00855	边缘	1	GENERAL_LIFE
wl_00856	延长	1	GENERAL_LIFE
wl_00857	便利	1	GENERAL_LIFE
wl_00858	平安	1	GENERAL_LIFE
wl_00859	棉花	0	BASIC_OBJECT
wl_00860	偏离	2	FORMAL_ABSTRACT
wl_00861	剪刀	0	BASIC_OBJECT
wl_00862	实践	2	FORMAL_ABSTRACT
wl_00863	选择	1	GENERAL_LIFE
wl_00864	善良	1	GENERAL_LIFE
wl_00865	柔软	1	GENERAL_LIFE
wl_00866	表演	1	GENERAL_LIFE
wl_00867	恋爱	2	FORMAL_ABSTRACT
wl_00868	路线	1	GENERAL_LIFE
wl_00869	颤抖	1	GENERAL_LIFE
wl_00870	战争	1	SCHOOL_GENERAL
wl_00871	擅长	1	GENERAL_LIFE
wl_00872	谴责	2	FORMAL_ABSTRACT
wl_00873	面前	0	BASIC_GRAMMAR
wl_00874	恶劣	1	GENERAL_LIFE
wl_00875	强烈	1	GENERAL_LIFE
wl_00876	破裂	1	GENERAL_LIFE
wl_00877	绝对	1	GENERAL_LIFE
wl_00878	下雪	0	BASIC_ACTION
wl_00879	假设	2	SCHOOL_SCIENCE
wl_00880	热闹	0	BASIC_ACTION
wl_00881	消灭	1	GENERAL_LIFE
wl_00882	传播	1	SCHOOL_GENERAL
wl_00883	虔诚	2	FORMAL_ABSTRACT
wl_00884	权力	2	FORMAL_ABSTRACT
wl_00885	拳头	0	BASIC_OBJECT
wl_00886	展览	1	SCHOOL_GENERAL
wl_00887	转变	1	GENERAL_LIFE
wl_00888	辩论	1	SCHOOL_GENERAL
wl_00889	文件	1	SCHOOL_GENERAL
wl_00890	这个	0	BASIC_GRAMMAR
wl_00891	疲倦	1	GENERAL_LIFE
wl_00892	哲学	2	SCHOOL_SCIENCE
wl_00893	撤退	1	SCHOOL_GENERAL
wl_00894	彻底	1	GENERAL_LIFE
wl_00895	分别	1	GENERAL_LIFE
wl_00896	颠倒	1	GENERAL_LIFE
wl_00897	年龄	0	BASIC_OBJECT
wl_00898	可怜	0	BASIC_ACTION
wl_00899	前面	0	BASIC_GRAMMAR
wl_00900	首先	0	BASIC_GRAMMAR
wl_00901	肩膀	0	BASIC_OBJECT
wl_00902	坚强	1	GENERAL_LIFE
wl_00903	研究	1	SCHOOL_GENERAL
wl_00904	旁边	0	BASIC_GRAMMAR
wl_00905	编辑	1	GENERAL_LIFE
wl_00906	睡眠	1	GENERAL_LIFE
wl_00907	猎犬	1	SCHOOL_GENERAL
wl_00908	明显	1	GENERAL_LIFE
wl_00909	宴会	1	GENERAL_LIFE
wl_00910	电话	0	BASIC_OBJECT
wl_00911	宫殿	1	SCHOOL_GENERAL
wl_00912	练习	0	BASIC_ACTION
wl_00913	推荐	1	GENERAL_LIFE
wl_00914	看见	0	BASIC_ACTION
wl_00915	炫耀	1	GENERAL_LIFE
wl_00916	现在	0	BASIC_GRAMMAR
wl_00917	普遍	1	GENERAL_LIFE
wl_00918	面条	0	BASIC_OBJECT
wl_00919	图片	0	BASIC_OBJECT
wl_00920	跌倒	0	BASIC_ACTION
wl_00921	捏造	2	FORMAL_ABSTRACT
wl_00922	节日	0	BASIC_OBJECT
wl_00923	盗窃	1	GENERAL_LIFE
wl_00924	结束	0	BASIC_ACTION
wl_00925	抉择	2	FORMAL_ABSTRACT
wl_00926	清洁	1	GENERAL_LIFE
wl_00927	缺少	1	GENERAL_LIFE
wl_00928	决定	1	GENERAL_LIFE
wl_00929	血液	1	SCHOOL_GENERAL
wl_00930	洞穴	1	SCHOOL_GENERAL
wl_00931	唠叨	1	GENERAL_LIFE
wl_00932	逃跑	0	BASIC_ACTION
wl_00933	葡萄	0	BASIC_OBJECT
wl_00934	糟糕	0	BASIC_ACTION
wl_00935	遭遇	1	GENERAL_LIFE
wl_00936	骚扰	2	FORMAL_ABSTRACT
wl_00937	高大	0	BASIC_ACTION
wl_00938	号码	0	BASIC_OBJECT
wl_00939	豪华	1	GENERAL_LIFE
wl_00940	丝毫	1	GENERAL_LIFE
wl_00941	毛衣	0	BASIC_OBJECT
wl_00942	时髦	1	GENERAL_LIFE
wl_00943	倒下	0	BASIC_ACTION
wl_00944	祷告	1	GENERAL_LIFE
wl_00945	手套	0	BASIC_OBJECT
wl_00946	脑袋	0	BASIC_OBJECT
wl_00947	老人	0	BASIC_OBJECT
wl_00948	草地	0	BASIC_OBJECT
wl_00949	打扫	0	BASIC_ACTION
wl_00950	友好	1	GENERAL_LIFE
wl_00951	宝贝	0	BASIC_OBJECT
wl_00952	城堡	0	BASIC_OBJECT
wl_00953	拥抱	0	BASIC_ACTION
wl_00954	到达	1	GENERAL_LIFE
wl_00955	领导	1	GENERAL_LIFE
wl_00956	噪音	1	GENERAL_LIFE
wl_00957	报告	1	SCHOOL_GENERAL
wl_00958	忠告	1	GENERAL_LIFE
wl_00959	骄傲	1	GENERAL_LIFE
wl_00960	报纸	1	SCHOOL_GENERAL
wl_00961	帽子	0	BASIC_OBJECT
wl_00962	冒犯	1	GENERAL_LIFE
wl_00963	嘲笑	1	GENERAL_LIFE
wl_00964	抓住	0	BASIC_ACTION
wl_00965	钞票	1	GENERAL_LIFE
wl_00966	交流	1	GENERAL_LIFE
wl_00967	教书	1	GENERAL_LIFE
wl_00968	郊区	1	SCHOOL_GENERAL
wl_00969	摔跤	0	BASIC_ACTION
wl_00970	敲门	0	BASIC_ACTION
wl_00971	细胞	1	SCHOOL_GENERAL
wl_00972	跑步	0	BASIC_ACTION
wl_00973	灯泡	0	BASIC_OBJECT
wl_00974	抛弃	1	GENERAL_LIFE
wl_00975	爪子	0	BASIC_OBJECT
wl_00976	巧妙	1	GENERAL_LIFE
wl_00977	稍微	1	GENERAL_LIFE
wl_00978	直觉	2	FORMAL_ABSTRACT
wl_00979	快乐	0	BASIC_ACTION
wl_00980	音乐	0	BASIC_OBJECT
wl_00981	效果	1	GENERAL_LIFE
wl_00982	爆炸	1	GENERAL_LIFE
wl_00983	香蕉	0	BASIC_OBJECT
wl_00984	辣椒	0	BASIC_OBJECT
wl_00985	消失	0	BASIC_ACTION
wl_00986	销售	1	GENERAL_LIFE
wl_00987	招呼	1	GENERAL_LIFE
wl_00988	要求	1	GENERAL_LIFE
wl_00989	腰带	0	BASIC_OBJECT
wl_00990	遥远	1	GENERAL_LIFE
wl_00991	谣言	2	FORMAL_ABSTRACT
wl_00992	漂亮	0	BASIC_ACTION
wl_00993	悄悄	0	BASIC_GRAMMAR
wl_00994	小心	0	BASIC_GRAMMAR
wl_00995	沼泽	1	SCHOOL_GENERAL
wl_00996	多少	0	BASIC_GRAMMAR
wl_00997	打扰	1	GENERAL_LIFE
wl_00998	围绕	1	GENERAL_LIFE
wl_00999	吵闹	0	BASIC_ACTION
wl_01000	治疗	1	GENERAL_LIFE
wl_01001	微笑	0	BASIC_ACTION
wl_01002	照片	0	BASIC_OBJECT
wl_01003	约定	1	GENERAL_LIFE
wl_01004	美妙	1	GENERAL_LIFE
wl_01005	超过	1	GENERAL_LIFE
wl_01006	轿车	1	GENERAL_LIFE
wl_01007	征兆	1	GENERAL_LIFE
wl_01008	召唤	1	GENERAL_LIFE
wl_01009	跳跃	1	GENERAL_LIFE
wl_01010	调味	1	GENERAL_LIFE
wl_01011	条件	1	GENERAL_LIFE
wl_01012	聊天	0	BASIC_ACTION
wl_01013	明了	1	GENERAL_LIFE
wl_01014	邀请	1	GENERAL_LIFE
wl_01015	侥幸	1	GENERAL_LIFE
wl_01016	了解	1	GENERAL_LIFE
wl_01017	晓得	0	BASIC_ACTION
wl_01018	钓鱼	0	BASIC_ACTION
wl_01019	激动	1	GENERAL_LIFE
wl_01020	他们	0	BASIC_GRAMMAR
wl_01021	它们	0	BASIC_GRAMMAR
wl_01022	那个	0	BASIC_GRAMMAR
wl_01023	穿梭	1	GENERAL_LIFE
wl_01024	过程	1	GENERAL_LIFE
wl_01025	哥哥	0	BASIC_OBJECT
wl_01026	歌曲	1	GENERAL_LIFE
wl_01027	课程	1	SCHOOL_GENERAL
wl_01028	科学	1	SCHOOL_GENERAL
wl_01029	哦	0	BASIC_GRAMMAR
wl_01030	靴子	0	BASIC_OBJECT
wl_01031	如何	1	GENERAL_LIFE
wl_01032	苛刻	1	GENERAL_LIFE
wl_01033	河流	1	SCHOOL_GENERAL
wl_01034	摩擦	1	SCHOOL_GENERAL
wl_01035	雪茄	1	GENERAL_LIFE
wl_01036	妥当	1	GENERAL_LIFE
wl_01037	左右	0	BASIC_GRAMMAR
wl_01038	坐下	0	BASIC_ACTION
wl_01039	锁门	0	BASIC_ACTION
wl_01040	包裹	1	GENERAL_LIFE
wl_01041	我们	0	BASIC_GRAMMAR
wl_01042	火焰	1	GENERAL_LIFE
wl_01043	爸爸	0	BASIC_OBJECT
wl_01044	什么	0	BASIC_GRAMMAR
wl_01045	拖延	1	GENERAL_LIFE
wl_01046	逻辑	2	FORMAL_ABSTRACT
wl_01047	挫折	1	GENERAL_LIFE
wl_01048	座位	0	BASIC_OBJECT
wl_01049	个人	1	SCHOOL_GENERAL
wl_01050	卧室	0	BASIC_OBJECT
wl_01051	货物	1	GENERAL_LIFE
wl_01052	祝贺	1	GENERAL_LIFE
wl_01053	播放	1	GENERAL_LIFE
wl_01054	束缚	2	FORMAL_ABSTRACT
wl_01055	一些	0	BASIC_GRAMMAR
wl_01056	鲨鱼	0	BASIC_OBJECT
wl_01057	沙子	0	BASIC_OBJECT
wl_01058	增加	1	SCHOOL_GENERAL
wl_01059	嘉宾	1	GENERAL_LIFE
wl_01060	家人	0	BASIC_OBJECT
wl_01061	夸奖	0	BASIC_ACTION
wl_01062	哎呀	0	BASIC_GRAMMAR
wl_01063	丫头	0	BASIC_OBJECT
wl_01064	邪恶	1	GENERAL_LIFE
wl_01065	巴士	0	BASIC_OBJECT
wl_01066	麻烦	1	GENERAL_LIFE
wl_01067	酒吧	1	GENERAL_LIFE
wl_01068	好吧	0	BASIC_GRAMMAR
wl_01069	姐姐	0	BASIC_OBJECT
wl_01070	写字	0	BASIC_ACTION
wl_01071	傻瓜	1	GENERAL_LIFE
wl_01072	作者	1	SCHOOL_GENERAL
wl_01073	社会	1	SCHOOL_GENERAL
wl_01074	宿舍	1	GENERAL_LIFE
wl_01075	寡妇	1	GENERAL_LIFE
wl_01076	假如	1	GENERAL_LIFE
wl_01077	放假	0	BASIC_ACTION
wl_01078	优雅	1	GENERAL_LIFE
wl_01079	脚踝	1	SCHOOL_GENERAL
wl_01080	夏天	0	BASIC_OBJECT
wl_01081	大厦	1	GENERAL_LIFE
wl_01082	下面	0	BASIC_GRAMMAR
wl_01083	一下	0	BASIC_GRAMMAR
wl_01084	也许	0	BASIC_GRAMMAR
wl_01085	把握	1	GENERAL_LIFE
wl_01086	码头	1	SCHOOL_GENERAL
wl_01087	马上	0	BASIC_GRAMMAR
wl_01088	借口	1	GENERAL_LIFE
wl_01089	感谢	0	BASIC_ACTION
wl_01090	诈骗	2	FORMAL_ABSTRACT
wl_01091	排斥	2	FORMAL_ABSTRACT
wl_01092	赦免	2	FORMAL_ABSTRACT
wl_01093	价格	1	GENERAL_LIFE
wl_01094	架子	0	BASIC_OBJECT
wl_01095	惊讶	1	GENERAL_LIFE
wl_01096	惊吓	0	BASIC_ACTION
wl_01097	吓唬	0	BASIC_ACTION
wl_01098	变化	1	GENERAL_LIFE
wl_01099	发射	1	SCHOOL_GENERAL
wl_01100	高档	1	GENERAL_LIFE
wl_01101	当然	0	BASIC_GRAMMAR
wl_01102	适当	1	GENERAL_LIFE
wl_01103	糖果	0	BASIC_OBJECT
wl_01104	教堂	1	GENERAL_LIFE
wl_01105	新郎	1	GENERAL_LIFE
wl_01106	走廊	0	BASIC_OBJECT
wl_01107	苍白	1	GENERAL_LIFE
wl_01108	收藏	1	GENERAL_LIFE
wl_01109	丧失	2	FORMAL_ABSTRACT
wl_01110	刚才	0	BASIC_GRAMMAR
wl_01111	岗位	1	GENERAL_LIFE
wl_01112	光明	1	GENERAL_LIFE
wl_01113	昂贵	1	GENERAL_LIFE
wl_01114	航行	1	SCHOOL_GENERAL
wl_01115	银行	1	GENERAL_LIFE
wl_01116	步行	1	GENERAL_LIFE
wl_01117	反抗	1	GENERAL_LIFE
wl_01118	黄色	0	BASIC_OBJECT
wl_01119	辉煌	1	GENERAL_LIFE
wl_01120	磅	1	SCHOOL_GENERAL
wl_01121	肮脏	1	GENERAL_LIFE
wl_01122	慷慨	1	GENERAL_LIFE
wl_01123	反映	1	GENERAL_LIFE
wl_01124	阻挡	1	GENERAL_LIFE
wl_01125	埋葬	1	GENERAL_LIFE
wl_01126	扩大	1	GENERAL_LIFE
wl_01127	拜托	0	BASIC_GRAMMAR
wl_01128	诺言	1	GENERAL_LIFE
wl_01129	联络	1	GENERAL_LIFE
wl_01130	昨天	0	BASIC_OBJECT
wl_01131	风格	1	GENERAL_LIFE
wl_01132	阁楼	1	GENERAL_LIFE
wl_01133	胳膊	0	BASIC_OBJECT
wl_01134	各自	1	GENERAL_LIFE
wl_01135	噩梦	1	GENERAL_LIFE
wl_01136	收获	1	SCHOOL_GENERAL
wl_01137	博士	1	SCHOOL_GENERAL
wl_01138	寂寞	1	GENERAL_LIFE
wl_01139	沙漠	0	BASIC_OBJECT
wl_01140	屏幕	0	BASIC_OBJECT
wl_01141	姑娘	0	BASIC_OBJECT
wl_01142	测量	1	SCHOOL_GENERAL
wl_01143	将来	1	GENERAL_LIFE
wl_01144	抢劫	1	GENERAL_LIFE
wl_01145	枪支	1	SCHOOL_GENERAL
wl_01146	墙壁	0	BASIC_OBJECT
wl_01147	车厢	0	BASIC_OBJECT
wl_01148	箱子	0	BASIC_OBJECT
wl_01149	飞翔	0	BASIC_ACTION
wl_01150	张开	0	BASIC_ACTION
wl_01151	长久	1	GENERAL_LIFE
wl_01152	长大	0	BASIC_ACTION
wl_01153	场所	1	GENERAL_LIFE
wl_01154	化妆	1	GENERAL_LIFE
wl_01155	装饰	1	GENERAL_LIFE
wl_01156	创伤	2	FORMAL_ABSTRACT
wl_01157	创造	1	GENERAL_LIFE
wl_01158	保障	2	FORMAL_ABSTRACT
wl_01159	文章	1	SCHOOL_GENERAL
wl_01160	尝试	1	GENERAL_LIFE
wl_01161	平常	1	GENERAL_LIFE
wl_01162	赔偿	1	GENERAL_LIFE
wl_01163	高尚	1	GENERAL_LIFE
wl_01164	商店	0	BASIC_OBJECT
wl_01165	伤害	1	GENERAL_LIFE
wl_01166	僵硬	1	GENERAL_LIFE
wl_01167	家乡	1	GENERAL_LIFE
wl_01168	香味	0	BASIC_OBJECT
wl_01169	中央	1	GENERAL_LIFE
wl_01170	国王	1	SCHOOL_GENERAL
wl_01171	详细	1	GENERAL_LIFE
wl_01172	山羊	0	BASIC_OBJECT
wl_01173	阳光	0	BASIC_OBJECT
wl_01174	方向	1	SCHOOL_GENERAL
wl_01175	防止	1	GENERAL_LIFE
wl_01176	光芒	1	GENERAL_LIFE
wl_01177	妨碍	1	GENERAL_LIFE
wl_01178	强壮	0	BASIC_ACTION
wl_01179	勉强	1	GENERAL_LIFE
wl_01180	疯狂	1	GENERAL_LIFE
wl_01181	两个	0	BASIC_GRAMMAR
wl_01182	奖励	1	GENERAL_LIFE
wl_01183	橡胶	1	SCHOOL_GENERAL
wl_01184	好像	0	BASIC_GRAMMAR
wl_01185	大象	0	BASIC_OBJECT
wl_01186	打仗	1	SCHOOL_GENERAL
wl_01187	丈夫	1	GENERAL_LIFE
wl_01188	手掌	0	BASIC_OBJECT
wl_01189	敞开	1	GENERAL_LIFE
wl_01190	工厂	1	SCHOOL_GENERAL
wl_01191	上面	0	BASIC_GRAMMAR
wl_01192	上去	0	BASIC_ACTION
wl_01193	信仰	1	SCHOOL_GENERAL
wl_01194	向往	1	GENERAL_LIFE
wl_01195	往常	1	GENERAL_LIFE
wl_01196	放心	0	BASIC_ACTION
wl_01197	网络	1	SCHOOL_GENERAL
wl_01198	模仿	1	GENERAL_LIFE
wl_01199	原谅	1	GENERAL_LIFE
wl_01200	状态	1	GENERAL_LIFE
wl_01201	唱歌	0	BASIC_ACTION
wl_01202	情况	1	GENERAL_LIFE
wl_01203	忘记	0	BASIC_ACTION
wl_01204	访问	1	GENERAL_LIFE
wl_01205	战略	2	FORMAL_ABSTRACT
wl_01206	勺子	0	BASIC_OBJECT
wl_01207	软弱	1	GENERAL_LIFE
wl_01208	虐待	1	GENERAL_LIFE
wl_01209	药物	1	GENERAL_LIFE
wl_01210	盯住	0	BASIC_ACTION
wl_01211	澄清	2	FORMAL_ABSTRACT
wl_01212	更改	1	GENERAL_LIFE
wl_01213	更加	1	GENERAL_LIFE
wl_01214	欢迎	0	BASIC_ACTION
wl_01215	兄弟	0	BASIC_OBJECT
wl_01216	平衡	1	SCHOOL_GENERAL
wl_01217	光荣	1	GENERAL_LIFE
wl_01218	榜样	1	GENERAL_LIFE
wl_01219	草坪	0	BASIC_OBJECT
wl_01220	盲目	1	GENERAL_LIFE
wl_01221	联盟	1	SCHOOL_GENERAL
wl_01222	明天	0	BASIC_OBJECT
wl_01223	引擎	1	SCHOOL_GENERAL
wl_01224	鲸鱼	0	BASIC_OBJECT
wl_01225	打击	1	GENERAL_LIFE
wl_01226	打人	0	BASIC_ACTION
wl_01227	警察	0	BASIC_OBJECT
wl_01228	风景	1	GENERAL_LIFE
wl_01229	电影	0	BASIC_OBJECT
wl_01230	永远	0	BASIC_GRAMMAR
wl_01231	尊敬	0	BASIC_ACTION
wl_01232	眼镜	0	BASIC_OBJECT
wl_01233	竟然	1	GENERAL_LIFE
wl_01234	庆祝	1	GENERAL_LIFE
wl_01235	游泳	0	BASIC_ACTION
wl_01236	生命	1	SCHOOL_GENERAL
wl_01237	竞争	1	GENERAL_LIFE
wl_01238	住宅	1	GENERAL_LIFE
wl_01239	客人	0	BASIC_OBJECT
wl_01240	额头	0	BASIC_OBJECT
wl_01241	一百	0	BASIC_GRAMMAR
wl_01242	压迫	2	FORMAL_ABSTRACT
wl_01243	白色	0	BASIC_OBJECT
wl_01244	陌生	1	GENERAL_LIFE
wl_01245	拍照	0	BASIC_ACTION
wl_01246	戏剧	1	SCHOOL_GENERAL
wl_01247	轰动	2	FORMAL_ABSTRACT
wl_01248	绷带	0	BASIC_OBJECT
wl_01249	责任	1	GENERAL_LIFE
wl_01250	手册	1	GENERAL_LIFE
wl_01251	政策	2	FORMAL_ABSTRACT
wl_01252	隔壁	0	BASIC_GRAMMAR
wl_01253	革命	1	SCHOOL_GENERAL
wl_01254	获得	1	GENERAL_LIFE
wl_01255	核心	1	SCHOOL_GENERAL
wl_01256	精神	1	GENERAL_LIFE
wl_01257	水晶	1	SCHOOL_GENERAL
wl_01258	感情	1	GENERAL_LIFE
wl_01259	征服	1	SCHOOL_GENERAL
wl_01260	真诚	1	GENERAL_LIFE
wl_01261	成功	1	GENERAL_LIFE
wl_01262	声音	0	BASIC_OBJECT
wl_01263	婴儿	0	BASIC_OBJECT
wl_01264	经营	1	GENERAL_LIFE
wl_01265	赢得	1	GENERAL_LIFE
wl_01266	合并	1	SCHOOL_GENERAL
wl_01267	名字	0	BASIC_OBJECT
wl_01268	陷阱	1	GENERAL_LIFE
wl_01269	安静	0	BASIC_ACTION
wl_01270	整体	1	SCHOOL_GENERAL
wl_01271	干净	0	BASIC_ACTION
wl_01272	性格	1	GENERAL_LIFE
wl_01273	姓名	0	BASIC_OBJECT
wl_01274	政治	2	FORMAL_ABSTRACT
wl_01275	神圣	2	FORMAL_ABSTRACT
wl_01276	使劲	0	BASIC_ACTION
wl_01277	可惜	1	GENERAL_LIFE
wl_01278	出席	1	GENERAL_LIFE
wl_01279	一只	0	BASIC_GRAMMAR
wl_01280	石头	0	BASIC_OBJECT
wl_01281	解释	1	GENERAL_LIFE
wl_01282	适合	1	GENERAL_LIFE
wl_01283	液体	1	SCHOOL_GENERAL
wl_01284	演绎	1	GENERAL_LIFE
wl_01285	睾丸	1	SCHOOL_GENERAL
wl_01286	服役	1	SCHOOL_GENERAL
wl_01287	侦探	1	GENERAL_LIFE
wl_01288	呈现	2	FORMAL_ABSTRACT
wl_01289	钉子	0	BASIC_OBJECT
wl_01290	客厅	0	BASIC_OBJECT
wl_01291	家庭	0	BASIC_OBJECT
wl_01292	安宁	1	GENERAL_LIFE
wl_01293	聆听	1	GENERAL_LIFE
wl_01294	心灵	1	GENERAL_LIFE
wl_01295	青年	1	GENERAL_LIFE
wl_01296	醒来	0	BASIC_ACTION
wl_01297	血腥	1	GENERAL_LIFE
wl_01298	星星	0	BASIC_OBJECT
wl_01299	经过	0	BASIC_ACTION
wl_01300	类型	1	SCHOOL_GENERAL
wl_01301	形状	0	BASIC_OBJECT
wl_01302	瓶子	0	BASIC_OBJECT
wl_01303	铭记	1	GENERAL_LIFE
wl_01304	山顶	0	BASIC_OBJECT
wl_01305	并且	0	BASIC_GRAMMAR
wl_01306	一定	0	BASIC_GRAMMAR
wl_01307	目的	1	GENERAL_LIFE
wl_01308	警惕	1	GENERAL_LIFE
wl_01309	敌人	1	GENERAL_LIFE
wl_01310	成绩	1	SCHOOL_GENERAL
wl_01311	亲戚	0	BASIC_OBJECT
wl_01312	分析	1	SCHOOL_GENERAL
wl_01313	灯光	0	BASIC_OBJECT
wl_01314	登记	1	GENERAL_LIFE
wl_01315	憎恨	1	GENERAL_LIFE
wl_01316	曾经	1	GENERAL_LIFE
wl_01317	层次	2	FORMAL_ABSTRACT
wl_01318	崩溃	2	FORMAL_ABSTRACT
wl_01319	朋友	0	BASIC_OBJECT
wl_01320	肯定	1	GENERAL_LIFE
wl_01321	得到	0	BASIC_ACTION
wl_01322	特别	0	BASIC_GRAMMAR
wl_01323	肋骨	1	SCHOOL_GENERAL
wl_01324	国家	1	SCHOOL_GENERAL
wl_01325	时刻	1	GENERAL_LIFE
wl_01326	克服	1	GENERAL_LIFE
wl_01327	黑色	0	BASIC_OBJECT
wl_01328	疑惑	1	GENERAL_LIFE
wl_01329	或者	0	BASIC_GRAMMAR
wl_01330	北方	0	BASIC_OBJECT
wl_01331	沉默	1	GENERAL_LIFE
wl_01332	凌晨	1	GENERAL_LIFE
wl_01333	征求	1	GENERAL_LIFE
wl_01334	惩罚	1	GENERAL_LIFE
wl_01335	称呼	1	GENERAL_LIFE
wl_01336	称职	1	GENERAL_LIFE
wl_01337	承认	1	GENERAL_LIFE
wl_01338	上升	1	GENERAL_LIFE
wl_01339	升起	0	BASIC_ACTION
wl_01340	胜任	1	GENERAL_LIFE
wl_01341	胜利	1	GENERAL_LIFE
wl_01342	绳子	0	BASIC_OBJECT
wl_01343	仍然	1	GENERAL_LIFE
wl_01344	扔掉	0	BASIC_ACTION
wl_01345	回应	1	GENERAL_LIFE
wl_01346	苍蝇	0	BASIC_OBJECT
wl_01347	拯救	1	GENERAL_LIFE
wl_01348	证明	1	SCHOOL_GENERAL
wl_01349	怀孕	1	SCHOOL_GENERAL
wl_01350	匿名	2	FORMAL_ABSTRACT
wl_01351	力量	1	GENERAL_LIFE
wl_01352	立即	1	GENERAL_LIFE
wl_01353	熄灭	1	GENERAL_LIFE
wl_01354	休息	0	BASIC_ACTION
wl_01355	直接	1	GENERAL_LIFE
wl_01356	侧面	1	GENERAL_LIFE
wl_01357	职业	1	GENERAL_LIFE
wl_01358	方式	1	GENERAL_LIFE
wl_01359	记忆	1	SCHOOL_GENERAL
wl_01360	抑制	2	FORMAL_ABSTRACT
wl_01361	区域	1	GENERAL_LIFE
wl_01362	极端	1	GENERAL_LIFE
wl_01363	肿瘤	2	SCHOOL_SCIENCE
wl_01364	浏览	1	GENERAL_LIFE
wl_01365	保留	1	GENERAL_LIFE
wl_01366	秋天	0	BASIC_OBJECT
wl_01367	害羞	0	BASIC_ACTION
wl_01368	修改	1	SCHOOL_GENERAL
wl_01369	囚犯	1	GENERAL_LIFE
wl_01370	搜索	1	GENERAL_LIFE
wl_01371	搜集	1	GENERAL_LIFE
wl_01372	报酬	1	GENERAL_LIFE
wl_01373	收入	1	GENERAL_LIFE
wl_01374	温柔	1	GENERAL_LIFE
wl_01375	优秀	1	GENERAL_LIFE
wl_01376	担忧	1	GENERAL_LIFE
wl_01377	尤其	1	GENERAL_LIFE
wl_01378	邮件	1	SCHOOL_GENERAL
wl_01379	石油	1	SCHOOL_GENERAL
wl_01380	理由	1	GENERAL_LIFE
wl_01381	不是	0	BASIC_GRAMMAR
wl_01382	地球	0	BASIC_OBJECT
wl_01383	扭转	2	FORMAL_ABSTRACT
wl_01384	啤酒	1	GENERAL_LIFE
wl_01385	丑陋	1	GENERAL_LIFE
wl_01386	接受	1	GENERAL_LIFE
wl_01387	守护	1	GENERAL_LIFE
wl_01388	保守	2	FORMAL_ABSTRACT
wl_01389	手工	1	GENERAL_LIFE
wl_01390	所有	1	GENERAL_LIFE
wl_01391	右手	0	BASIC_OBJECT
wl_01392	诱惑	2	FORMAL_ABSTRACT
wl_01393	负责	1	GENERAL_LIFE
wl_01394	妇女	1	GENERAL_LIFE
wl_01395	溜走	0	BASIC_ACTION
wl_01396	就是	0	BASIC_GRAMMAR
wl_01397	袖子	0	BASIC_OBJECT
wl_01398	祝福	1	GENERAL_LIFE
wl_01399	臭味	0	BASIC_OBJECT
wl_01400	教授	1	SCHOOL_GENERAL
wl_01401	野兽	1	SCHOOL_GENERAL
wl_01402	狩猎	1	GENERAL_LIFE
wl_01403	内疚	1	GENERAL_LIFE
wl_01404	救命	0	BASIC_GRAMMAR
wl_01405	保佑	1	GENERAL_LIFE
wl_01406	辐射	2	SCHOOL_SCIENCE
wl_01407	富有	1	GENERAL_LIFE
wl_01408	复杂	1	GENERAL_LIFE
wl_01409	复原	1	GENERAL_LIFE
wl_01410	回复	1	GENERAL_LIFE
wl_01411	埋伏	1	SCHOOL_GENERAL
wl_01412	兜风	1	GENERAL_LIFE
wl_01413	偷窃	1	GENERAL_LIFE
wl_01414	投入	2	FORMAL_ABSTRACT
wl_01415	沟通	1	GENERAL_LIFE
wl_01416	能够	0	BASIC_GRAMMAR
wl_01417	猴子	0	BASIC_OBJECT
wl_01418	呕吐	1	GENERAL_LIFE
wl_01419	走路	0	BASIC_ACTION
wl_01420	兴趣	1	GENERAL_LIFE
wl_01421	出口	0	BASIC_OBJECT
wl_01422	偶然	1	GENERAL_LIFE
wl_01423	后面	0	BASIC_GRAMMAR
wl_01424	皇后	1	SCHOOL_GENERAL
wl_01425	某人	1	GENERAL_LIFE
wl_01426	拇指	1	SCHOOL_GENERAL
wl_01427	母亲	0	BASIC_OBJECT
wl_01428	战斗	1	SCHOOL_GENERAL
wl_01429	透过	1	GENERAL_LIFE
wl_01430	豆子	0	BASIC_OBJECT
wl_01431	演奏	1	GENERAL_LIFE
wl_01432	结构	1	SCHOOL_GENERAL
wl_01433	等候	1	GENERAL_LIFE
wl_01434	保姆	1	GENERAL_LIFE
wl_01435	贸易	1	SCHOOL_GENERAL
wl_01436	纠正	1	GENERAL_LIFE
wl_01437	临时	1	GENERAL_LIFE
wl_01438	森林	0	BASIC_OBJECT
wl_01439	侵略	1	SCHOOL_GENERAL
wl_01440	心脏	1	SCHOOL_GENERAL
wl_01441	寻找	0	BASIC_ACTION
wl_01442	甚至	1	GENERAL_LIFE
wl_01443	审查	2	FORMAL_ABSTRACT
wl_01444	烹饪	1	GENERAL_LIFE
wl_01445	立刻	1	GENERAL_LIFE
wl_01446	集合	1	GENERAL_LIFE
wl_01447	袭击	1	SCHOOL_GENERAL
wl_01448	果汁	0	BASIC_OBJECT
wl_01449	执行	2	FORMAL_ABSTRACT
wl_01450	十个	0	BASIC_GRAMMAR
wl_01451	入口	0	BASIC_OBJECT
wl_01452	沉重	1	GENERAL_LIFE
wl_01453	枕头	0	BASIC_OBJECT
wl_01454	参加	0	BASIC_ACTION
wl_01455	黄金	1	GENERAL_LIFE
wl_01456	今天	0	BASIC_OBJECT
wl_01457	禁止	1	GENERAL_LIFE
wl_01458	钦佩	1	GENERAL_LIFE
wl_01459	品质	1	SCHOOL_GENERAL
wl_01460	闯入	1	GENERAL_LIFE
wl_01461	紧急	1	GENERAL_LIFE
wl_01462	级别	1	GENERAL_LIFE
wl_01463	及时	1	GENERAL_LIFE
wl_01464	谈话	0	BASIC_ACTION
wl_01465	蓝色	0	BASIC_OBJECT
wl_01466	篮球	0	BASIC_OBJECT
wl_01467	三个	0	BASIC_GRAMMAR
wl_01468	胆量	1	GENERAL_LIFE
wl_01469	暂时	1	GENERAL_LIFE
wl_01470	搭配	1	GENERAL_LIFE
wl_01471	严格	1	GENERAL_LIFE
wl_01472	作业	0	BASIC_OBJECT
wl_01473	平凡	1	GENERAL_LIFE
wl_01474	缺乏	1	GENERAL_LIFE
wl_01475	岩石	1	SCHOOL_GENERAL
wl_01476	头衔	1	GENERAL_LIFE
wl_01477	舰队	1	SCHOOL_GENERAL
wl_01478	指甲	0	BASIC_OBJECT
wl_01479	鸭子	0	BASIC_OBJECT
wl_01480	压力	1	GENERAL_LIFE
wl_01481	减少	1	SCHOOL_GENERAL
wl_01482	车站	0	BASIC_OBJECT
wl_01483	陷入	1	GENERAL_LIFE
wl_01484	眨眼	0	BASIC_ACTION
wl_01485	插入	1	GENERAL_LIFE
wl_01486	恰当	1	GENERAL_LIFE
wl_01487	融洽	1	GENERAL_LIFE
wl_01488	窗帘	0	BASIC_OBJECT
wl_01489	脸色	1	GENERAL_LIFE
wl_01490	标签	1	GENERAL_LIFE
wl_01491	潜水	1	GENERAL_LIFE
wl_01492	占领	1	SCHOOL_GENERAL
wl_01493	闪电	0	BASIC_OBJECT
wl_01494	传染	1	SCHOOL_GENERAL
wl_01495	厌恶	1	GENERAL_LIFE
wl_01496	涉及	1	GENERAL_LIFE
wl_01497	拍摄	1	GENERAL_LIFE
wl_01498	淹没	1	GENERAL_LIFE
wl_01499	掩盖	1	GENERAL_LIFE
wl_01500	经验	1	GENERAL_LIFE
wl_01501	甜蜜	1	GENERAL_LIFE
wl_01502	谦虚	1	GENERAL_LIFE
wl_01503	玷污	2	LITERARY_COMMON
wl_01504	点心	0	BASIC_OBJECT
wl_01505	道歉	0	BASIC_ACTION
wl_01506	垫子	0	BASIC_OBJECT
wl_01507	想念	0	BASIC_ACTION
wl_01508	蝴蝶	0	BASIC_OBJECT
wl_01509	喋喋不休	1	COMMON_IDIOM
wl_01510	协助	1	GENERAL_LIFE
wl_01511	耽误	1	GENERAL_LIFE
wl_01512	探索	1	SCHOOL_GENERAL
wl_01513	贪婪	1	GENERAL_LIFE
wl_01514	南方	0	BASIC_OBJECT
wl_01515	男人	0	BASIC_OBJECT
wl_01516	不堪	2	FORMAL_ABSTRACT
wl_01517	包含	1	GENERAL_LIFE
wl_01518	悲惨	1	GENERAL_LIFE
wl_01519	感激	1	GENERAL_LIFE
wl_01520	震撼	1	GENERAL_LIFE
wl_01521	遗憾	1	GENERAL_LIFE
wl_01522	黑暗	0	BASIC_OBJECT
wl_01523	回答	0	BASIC_ACTION
wl_01524	鸽子	0	BASIC_OBJECT
wl_01525	盒子	0	BASIC_OBJECT
wl_01526	合格	1	GENERAL_LIFE
wl_01527	垃圾	0	BASIC_OBJECT
wl_01528	享受	1	GENERAL_LIFE
wl_01529	蛋糕	0	BASIC_OBJECT
wl_01530	伤疤	0	BASIC_OBJECT
wl_01531	撒谎	0	BASIC_ACTION
wl_01532	支撑	1	GENERAL_LIFE
wl_01533	挣钱	1	GENERAL_LIFE
wl_01534	周末	0	BASIC_OBJECT
wl_01535	她们	0	BASIC_GRAMMAR
wl_01536	牛奶	0	BASIC_OBJECT
wl_01537	老板	1	GENERAL_LIFE
wl_01538	躲藏	0	BASIC_ACTION
wl_01539	罕见	1	GENERAL_LIFE
wl_01540	嘴巴	0	BASIC_OBJECT
wl_01541	空间	1	SCHOOL_GENERAL
wl_01542	馅饼	0	BASIC_OBJECT
wl_01543	崭新	1	GENERAL_LIFE
wl_01544	淘气	0	BASIC_ACTION
wl_01545	品尝	1	GENERAL_LIFE
wl_01546	耽搁	1	GENERAL_LIFE
wl_01547	您好	0	BASIC_GRAMMAR
wl_01548	捣乱	0	BASIC_ACTION
wl_01549	搞乱	0	BASIC_ACTION
wl_01550	摔倒	0	BASIC_ACTION
wl_01551	车辆	1	GENERAL_LIFE
wl_01552	欺骗	1	GENERAL_LIFE
wl_01553	手表	0	BASIC_OBJECT
wl_01554	怎么	0	BASIC_GRAMMAR
wl_01555	嗯嗯	0	BASIC_GRAMMAR
wl_01556	吗	0	BASIC_GRAMMAR
wl_01557	吗啡	3	TECHNICAL_NONLANGUAGE
wl_01558	嗓音	1	SCHOOL_GENERAL
wl_01559	鳄鱼	0	BASIC_OBJECT
wl_01560	烧烤	1	GENERAL_LIFE
wl_01561	匆忙	1	GENERAL_LIFE
wl_01562	说谎	0	BASIC_ACTION
wl_01563	里面	0	BASIC_GRAMMAR
wl_01564	尽管	1	GENERAL_LIFE
wl_01565	尽量	1	GENERAL_LIFE
wl_01566	哎哟	0	BASIC_GRAMMAR
wl_01567	喇叭	0	BASIC_OBJECT
wl_01568	内脏	1	SCHOOL_GENERAL
wl_01569	鸡蛋	0	BASIC_OBJECT
wl_01570	灵魂	1	SCHOOL_GENERAL
wl_01571	鱿鱼	1	GENERAL_LIFE
wl_01572	好啦	0	BASIC_GRAMMAR
wl_01573	好啊	0	BASIC_GRAMMAR
wl_01574	启发	1	GENERAL_LIFE
wl_01575	抽屉	0	BASIC_OBJECT
wl_01576	饭团	0	BASIC_OBJECT
wl_01577	家伙	1	GENERAL_LIFE
wl_01578	哼	0	BASIC_GRAMMAR
wl_01579	哪里	0	BASIC_GRAMMAR
wl_01580	天哪	0	BASIC_GRAMMAR
wl_01581	英里	1	SCHOOL_GENERAL
wl_01582	勾当	2	FORMAL_ABSTRACT
wl_01583	瞄准	1	GENERAL_LIFE
wl_01584	瞧见	0	BASIC_ACTION
wl_01585	玩耍	0	BASIC_ACTION
wl_01586	另外	1	GENERAL_LIFE
wl_01587	你好	0	BASIC_GRAMMAR
wl_01588	模样	1	GENERAL_LIFE
wl_01589	虚伪	1	GENERAL_LIFE
wl_01590	车票	0	BASIC_OBJECT
wl_01591	嘿嘿	0	BASIC_GRAMMAR
wl_01592	裤子	0	BASIC_OBJECT
wl_01593	癌症	2	SCHOOL_SCIENCE
wl_01594	我俩	0	BASIC_GRAMMAR
wl_01595	厘米	1	SCHOOL_GENERAL
wl_01596	咱们	0	BASIC_GRAMMAR
wl_01597	咯	0	BASIC_GRAMMAR
wl_01598	咪咪	0	BASIC_OBJECT
wl_01599	吩咐	1	GENERAL_LIFE
wl_01600	咒语	1	SCHOOL_GENERAL
wl_01601	上瘾	1	GENERAL_LIFE
wl_01602	签名	1	GENERAL_LIFE
wl_01603	赚钱	1	GENERAL_LIFE
wl_01604	做饭	0	BASIC_ACTION
wl_01605	抬头	0	BASIC_ACTION
wl_01606	卡片	0	BASIC_OBJECT
wl_01607	清晰	1	GENERAL_LIFE
wl_01608	拿来	0	BASIC_ACTION
wl_01609	爷爷	0	BASIC_OBJECT
wl_01610	丢失	1	GENERAL_LIFE
wl_01611	蘑菇	0	BASIC_OBJECT
wl_01612	活泼	0	BASIC_ACTION
wl_01613	裙子	0	BASIC_OBJECT
wl_01614	肥皂	0	BASIC_OBJECT
wl_01615	复苏	1	GENERAL_LIFE
wl_01616	甩掉	1	GENERAL_LIFE
wl_01617	消耗	1	GENERAL_LIFE
wl_01618	趴下	0	BASIC_ACTION
wl_01619	症状	1	SCHOOL_GENERAL
wl_01620	赶快	0	BASIC_GRAMMAR
wl_01621	氧气	1	SCHOOL_GENERAL
wl_01622	麻痹	1	GENERAL_LIFE
wl_01623	忏悔	2	FORMAL_ABSTRACT
wl_01624	间谍	1	SCHOOL_GENERAL
wl_01625	扳机	1	SCHOOL_GENERAL
wl_01626	亵渎	2	LITERARY_COMMON
wl_01627	挑衅	1	GENERAL_LIFE
wl_01628	瘟疫	1	SCHOOL_GENERAL
wl_01629	磨蹭	1	GENERAL_LIFE
wl_01630	杀戮	2	LITERARY_COMMON
wl_01631	英镑	1	SCHOOL_GENERAL
wl_01632	保镖	1	GENERAL_LIFE
wl_01633	婊子	2	FORMAL_ABSTRACT
wl_01634	捍卫	1	GENERAL_LIFE
wl_01635	环绕	1	GENERAL_LIFE
wl_01636	飓风	1	SCHOOL_GENERAL
wl_01637	流氓	1	GENERAL_LIFE
wl_01638	酗酒	2	FORMAL_ABSTRACT
wl_01639	诅咒	1	SCHOOL_GENERAL
wl_01640	蹩脚	1	GENERAL_LIFE
wl_01641	英尺	1	SCHOOL_GENERAL
wl_01642	踹	0	BASIC_ACTION
wl_01643	英寸	1	SCHOOL_GENERAL
wl_01644	伎俩	2	FORMAL_ABSTRACT
wl_01645	手铐	1	GENERAL_LIFE
wl_01646	啥	0	BASIC_GRAMMAR
wl_01647	坨	1	GENERAL_LIFE
wl_01648	即使	1	GENERAL_LIFE
wl_01649	负担	1	GENERAL_LIFE
wl_01650	反复	1	GENERAL_LIFE
wl_01651	烧毁	1	GENERAL_LIFE
wl_01652	僵尸	1	SCHOOL_GENERAL
wl_01653	蜡	0	BASIC_OBJECT
wl_01654	宁静	1	GENERAL_LIFE
wl_01655	宁可	1	GENERAL_LIFE
wl_01656	确实	1	GENERAL_LIFE
wl_01657	升级	1	GENERAL_LIFE
wl_01658	圣人	1	SCHOOL_GENERAL
wl_01659	私家	1	GENERAL_LIFE
wl_01660	上网	1	GENERAL_LIFE
wl_01661	无论	1	GENERAL_LIFE
wl_01662	愿望	1	GENERAL_LIFE
wl_01663	山洞	0	BASIC_OBJECT
wl_01664	聋哑	1	GENERAL_LIFE
wl_01665	朦胧	1	GENERAL_LIFE
wl_01666	玲珑	1	GENERAL_LIFE
wl_01667	鸟笼	0	BASIC_OBJECT
wl_01668	窟窿	0	BASIC_OBJECT
wl_01669	烟囱	0	BASIC_OBJECT
wl_01670	花丛	0	BASIC_OBJECT
wl_01671	中奖	1	GENERAL_LIFE
wl_01672	忧心忡忡	1	COMMON_IDIOM
wl_01673	昆虫	1	SCHOOL_GENERAL
wl_01674	冲洗	0	BASIC_ACTION
wl_01675	崇高	2	FORMAL_ABSTRACT
wl_01676	绒毛	1	SCHOOL_GENERAL
wl_01677	蜈蚣	1	SCHOOL_GENERAL
wl_01678	鞠躬	1	GENERAL_LIFE
wl_01679	弓箭	1	SCHOOL_GENERAL
wl_01680	内讧	2	FORMAL_ABSTRACT
wl_01681	洪水	1	SCHOOL_GENERAL
wl_01682	烘干	1	GENERAL_LIFE
wl_01683	熊猫	0	BASIC_OBJECT
wl_01684	枫树	1	SCHOOL_GENERAL
wl_01685	台风	1	SCHOOL_GENERAL
wl_01686	蓬勃	1	GENERAL_LIFE
wl_01687	蒙蔽	2	FORMAL_ABSTRACT
wl_01688	董事	3	TECHNICAL_NONLANGUAGE
wl_01689	水桶	0	BASIC_OBJECT
wl_01690	靠拢	1	GENERAL_LIFE
wl_01691	孔雀	0	BASIC_OBJECT
wl_01692	懵懂	1	GENERAL_LIFE
wl_01693	送礼	1	GENERAL_LIFE
wl_01694	仲裁	3	TECHNICAL_NONLANGUAGE
wl_01695	哄骗	1	GENERAL_LIFE
wl_01696	乱哄哄	0	BASIC_ACTION
wl_01697	秃头	1	GENERAL_LIFE
wl_01698	牛犊	1	SCHOOL_GENERAL
wl_01699	渎职	2	FORMAL_ABSTRACT
wl_01700	朗读	0	BASIC_ACTION
wl_01701	麋鹿	1	SCHOOL_GENERAL
wl_01702	湿漉漉	0	BASIC_ACTION
wl_01703	陆地	1	SCHOOL_GENERAL
wl_01704	六月	0	BASIC_OBJECT
wl_01705	簇拥	1	GENERAL_LIFE
wl_01706	夙愿	2	LITERARY_COMMON
wl_01707	竹子	0	BASIC_OBJECT
wl_01708	轴承	3	TECHNICAL_NONLANGUAGE
wl_01709	矗立	1	GENERAL_LIFE
wl_01710	压缩	1	SCHOOL_GENERAL
wl_01711	谷物	1	SCHOOL_GENERAL
wl_01712	菊花	1	SCHOOL_GENERAL
wl_01713	储蓄	1	GENERAL_LIFE
wl_01714	浓郁	1	GENERAL_LIFE
wl_01715	占卜	1	SCHOOL_GENERAL
wl_01716	幅度	2	FORMAL_ABSTRACT
wl_01717	匍匐	2	LITERARY_COMMON
wl_01718	树木	0	BASIC_OBJECT
wl_01719	沐浴	1	GENERAL_LIFE
wl_01720	和睦	1	GENERAL_LIFE
wl_01721	肃穆	1	GENERAL_LIFE
wl_01722	牧场	1	SCHOOL_GENERAL
wl_01723	扑灭	1	GENERAL_LIFE
wl_01724	疼爱	0	BASIC_ACTION
wl_01725	农业	1	SCHOOL_GENERAL
wl_01726	鬃毛	1	SCHOOL_GENERAL
wl_01727	笃定	1	GENERAL_LIFE
wl_01728	被褥	1	GENERAL_LIFE
wl_01729	肥沃	1	SCHOOL_GENERAL
wl_01730	浓厚	1	GENERAL_LIFE
wl_01731	纵横	1	SCHOOL_GENERAL
wl_01732	从容	1	GENERAL_LIFE
wl_01733	松树	0	BASIC_OBJECT
wl_01734	钟声	0	BASIC_OBJECT
wl_01735	钟爱	1	GENERAL_LIFE
wl_01736	憧憬	1	GENERAL_LIFE
wl_01737	冲锋	1	SCHOOL_GENERAL
wl_01738	冲劲	1	GENERAL_LIFE
wl_01739	恭敬	1	GENERAL_LIFE
wl_01740	供奉	1	SCHOOL_GENERAL
wl_01741	凶狠	1	GENERAL_LIFE
wl_01742	汹涌	1	GENERAL_LIFE
wl_01743	凶猛	1	GENERAL_LIFE
wl_01744	芙蓉	1	SCHOOL_GENERAL
wl_01745	溶解	1	SCHOOL_GENERAL
wl_01746	佣金	3	TECHNICAL_NONLANGUAGE
wl_01747	歌颂	1	GENERAL_LIFE
wl_01748	平庸	1	GENERAL_LIFE
wl_01749	相逢	1	GENERAL_LIFE
wl_01750	裁缝	1	GENERAL_LIFE
wl_01751	耸立	1	GENERAL_LIFE
wl_01752	怂恿	1	GENERAL_LIFE
wl_01753	宠爱	1	GENERAL_LIFE
wl_01754	接踵而来	1	COMMON_IDIOM
wl_01755	肿胀	1	SCHOOL_GENERAL
wl_01756	种植	1	GENERAL_LIFE
wl_01757	巩固	1	GENERAL_LIFE
wl_01758	捧场	1	GENERAL_LIFE
wl_01759	背诵	0	BASIC_ACTION
wl_01760	促进	2	FORMAL_ABSTRACT
wl_01761	风俗	1	SCHOOL_GENERAL
wl_01762	叮嘱	1	GENERAL_LIFE
wl_01763	瞩目	2	LITERARY_COMMON
wl_01764	手镯	0	BASIC_OBJECT
wl_01765	弯曲	0	BASIC_ACTION
wl_01766	木桩	0	BASIC_OBJECT
wl_01767	碰撞	1	GENERAL_LIFE
wl_01768	肛门	1	SCHOOL_GENERAL
wl_01769	扛起	0	BASIC_ACTION
wl_01770	口腔	1	SCHOOL_GENERAL
wl_01771	事项	2	FORMAL_ABSTRACT
wl_01772	木棒	0	BASIC_OBJECT
wl_01773	街头巷尾	1	COMMON_IDIOM
wl_01774	雕琢	1	GENERAL_LIFE
wl_01775	卓越	2	FORMAL_ABSTRACT
wl_01776	浑浊	1	SCHOOL_GENERAL
wl_01777	岳父	1	GENERAL_LIFE
wl_01778	剥削	2	FORMAL_ABSTRACT
wl_01779	驳船	3	TECHNICAL_NONLANGUAGE
wl_01780	冰雹	1	SCHOOL_GENERAL
wl_01781	淋漓	1	GENERAL_LIFE
wl_01782	篱笆	1	GENERAL_LIFE
wl_01783	药剂	3	TECHNICAL_NONLANGUAGE
wl_01784	雌雄	1	SCHOOL_GENERAL
wl_01785	瑕疵	1	GENERAL_LIFE
wl_01786	斯文	1	GENERAL_LIFE
wl_01787	厮杀	1	GENERAL_LIFE
wl_01788	四肢	1	SCHOOL_GENERAL
wl_01789	姓氏	1	SCHOOL_GENERAL
wl_01790	吹风	0	BASIC_ACTION
wl_01791	垂直	1	SCHOOL_GENERAL
wl_01792	窥探	2	FORMAL_ABSTRACT
wl_01793	毒蛇	0	BASIC_OBJECT
wl_01794	弥漫	1	GENERAL_LIFE
wl_01795	歧途	2	FORMAL_ABSTRACT
wl_01796	积累	1	GENERAL_LIFE
wl_01797	连累	1	GENERAL_LIFE
wl_01798	骨髓	2	SCHOOL_SCIENCE
wl_01799	迁徙	1	SCHOOL_GENERAL
wl_01800	纸张	0	BASIC_OBJECT
wl_01801	咫尺	2	LITERARY_COMMON
wl_01802	松弛	1	GENERAL_LIFE
wl_01803	堆积	1	GENERAL_LIFE
wl_01804	污渍	1	GENERAL_LIFE
wl_01805	恩赐	2	FORMAL_ABSTRACT
wl_01806	惴惴不安	2	LITERARY_COMMON
wl_01807	吱吱	0	BASIC_OBJECT
wl_01808	譬如	1	GENERAL_LIFE
wl_01809	水池	0	BASIC_OBJECT
wl_01810	铁锤	0	BASIC_OBJECT
wl_01811	奔驰	1	GENERAL_LIFE
wl_01812	衰老	1	GENERAL_LIFE
wl_01813	畸形	3	TECHNICAL_NONLANGUAGE
wl_01814	崎岖	1	GENERAL_LIFE
wl_01815	亏损	2	SCHOOL_SCIENCE
wl_01816	山崖	1	SCHOOL_GENERAL
wl_01817	适宜	1	GENERAL_LIFE
wl_01818	天涯	1	GENERAL_LIFE
wl_01819	晨曦	2	LITERARY_COMMON
wl_01820	犄角	0	BASIC_OBJECT
wl_01821	涟漪	2	LITERARY_COMMON
wl_01822	枯萎	1	SCHOOL_GENERAL
wl_01823	下摆	1	GENERAL_LIFE
wl_01824	石碑	1	SCHOOL_GENERAL
wl_01825	糜烂	3	TECHNICAL_NONLANGUAGE
wl_01826	披露	2	FORMAL_ABSTRACT
wl_01827	奇数	1	SCHOOL_GENERAL
wl_01828	揣测	2	FORMAL_ABSTRACT
wl_01829	倚靠	1	GENERAL_LIFE
wl_01830	被动	1	GENERAL_LIFE
wl_01831	风靡	2	FORMAL_ABSTRACT
wl_01832	寄信	0	BASIC_ACTION
wl_01833	累累	1	GENERAL_LIFE
wl_01834	梨子	0	BASIC_OBJECT
wl_01835	瓷器	1	SCHOOL_GENERAL
wl_01836	推动	1	GENERAL_LIFE
wl_01837	谁家	0	BASIC_GRAMMAR
wl_01838	咦	0	BASIC_GRAMMAR
wl_01839	黝黑	1	GENERAL_LIFE
wl_01840	夷为平地	1	COMMON_IDIOM
wl_01841	惟妙惟肖	1	COMMON_IDIOM
wl_01842	遗失	1	GENERAL_LIFE
wl_01843	姊妹	1	GENERAL_LIFE
wl_01844	宗旨	2	FORMAL_ABSTRACT
wl_01845	矢量	2	SCHOOL_SCIENCE
wl_01846	痢疾	3	TECHNICAL_NONLANGUAGE
wl_01847	恣意	2	FORMAL_ABSTRACT
wl_01848	翡翠	1	SCHOOL_GENERAL
wl_01849	憔悴	1	GENERAL_LIFE
wl_01850	深邃	2	LITERARY_COMMON
wl_01851	四方	1	GENERAL_LIFE
wl_01852	肆意	2	FORMAL_ABSTRACT
wl_01853	作祟	2	FORMAL_ABSTRACT
wl_01854	驷马	2	LITERARY_COMMON
wl_01855	未遂	2	FORMAL_ABSTRACT
wl_01856	彗星	1	SCHOOL_GENERAL
wl_01857	挚友	1	GENERAL_LIFE
wl_01858	嗜好	1	GENERAL_LIFE
wl_01859	二手	1	GENERAL_LIFE
wl_01860	心悸	3	TECHNICAL_NONLANGUAGE
wl_01861	尼姑	1	SCHOOL_GENERAL
wl_01862	棒槌	1	GENERAL_LIFE
wl_01863	脊椎	1	SCHOOL_GENERAL
wl_01864	茉莉	1	SCHOOL_GENERAL
wl_01865	筛选	1	GENERAL_LIFE
wl_01866	帷幕	1	SCHOOL_GENERAL
wl_01867	蔷薇	1	SCHOOL_GENERAL
wl_01868	发霉	0	BASIC_ACTION
wl_01869	茶几	0	BASIC_OBJECT
wl_01870	元帅	1	SCHOOL_GENERAL
wl_01871	率领	1	GENERAL_LIFE
wl_01872	希冀	2	LITERARY_COMMON
wl_01873	分泌	1	SCHOOL_GENERAL
wl_01874	明媚	1	GENERAL_LIFE
wl_01875	馈赠	2	FORMAL_ABSTRACT
wl_01876	匮乏	2	FORMAL_ABSTRACT
wl_01877	猪仔	0	BASIC_OBJECT
wl_01878	孜孜不倦	1	COMMON_IDIOM
wl_01879	慈祥	1	GENERAL_LIFE
wl_01880	丝绸	1	SCHOOL_GENERAL
wl_01881	治理	1	GENERAL_LIFE
wl_01882	芝麻	0	BASIC_OBJECT
wl_01883	熙熙攘攘	1	COMMON_IDIOM
wl_01884	嬉戏	1	GENERAL_LIFE
wl_01885	旗帜	1	GENERAL_LIFE
wl_01886	李子	0	BASIC_OBJECT
wl_01887	鲤鱼	1	SCHOOL_GENERAL
wl_01888	子女	1	GENERAL_LIFE
wl_01889	祭祀	1	SCHOOL_GENERAL
wl_01890	对峙	2	FORMAL_ABSTRACT
wl_01891	仕途	2	FORMAL_ABSTRACT
wl_01892	趾高气扬	1	COMMON_IDIOM
wl_01893	杞人忧天	1	COMMON_IDIOM
wl_01894	拟定	2	FORMAL_ABSTRACT
wl_01895	寺庙	1	SCHOOL_GENERAL
wl_01896	饲养	1	GENERAL_LIFE
wl_01897	编织	1	GENERAL_LIFE
wl_01898	志愿	1	GENERAL_LIFE
wl_01899	炽热	2	LITERARY_COMMON
wl_01900	侍候	1	GENERAL_LIFE
wl_01901	鱼饵	0	BASIC_OBJECT
wl_01902	亟需	2	FORMAL_ABSTRACT
wl_01903	忌讳	2	FORMAL_ABSTRACT
wl_01904	叽叽喳喳	0	BASIC_ACTION
wl_01905	饥荒	1	SCHOOL_GENERAL
wl_01906	讥笑	1	GENERAL_LIFE
wl_01907	稀少	1	GENERAL_LIFE
wl_01908	微小	1	GENERAL_LIFE
wl_01909	花卉	1	SCHOOL_GENERAL
wl_01910	芦苇	1	SCHOOL_GENERAL
wl_01911	土匪	1	SCHOOL_GENERAL
wl_01912	灌溉	1	SCHOOL_GENERAL
wl_01913	毅力	1	GENERAL_LIFE
wl_01914	蔚蓝	1	GENERAL_LIFE
wl_01915	熨斗	1	GENERAL_LIFE
wl_01916	刺猬	0	BASIC_OBJECT
wl_01917	纬度	1	SCHOOL_GENERAL
wl_01918	驴子	0	BASIC_OBJECT
wl_01919	蛆虫	1	SCHOOL_GENERAL
wl_01920	徐徐	1	GENERAL_LIFE
wl_01921	涂鸦	1	GENERAL_LIFE
wl_01922	踌躇	2	LITERARY_COMMON
wl_01923	显著	2	FORMAL_ABSTRACT
wl_01924	着凉	1	GENERAL_LIFE
wl_01925	初一	1	SCHOOL_GENERAL
wl_01926	锄头	0	BASIC_OBJECT
wl_01927	疏通	1	GENERAL_LIFE
wl_01928	梳理	1	GENERAL_LIFE
wl_01929	诸多	2	FORMAL_ABSTRACT
wl_01930	书籍	1	SCHOOL_GENERAL
wl_01931	含辛茹苦	1	COMMON_IDIOM
wl_01932	鱼类	1	SCHOOL_GENERAL
wl_01933	渔民	1	GENERAL_LIFE
wl_01934	舆论	2	FORMAL_ABSTRACT
wl_01935	蟾蜍	1	SCHOOL_GENERAL
wl_01936	咀嚼	1	GENERAL_LIFE
wl_01937	岛屿	1	SCHOOL_GENERAL
wl_01938	叙述	1	SCHOOL_GENERAL
wl_01939	抒发	1	SCHOOL_GENERAL
wl_01940	贮藏	1	GENERAL_LIFE
wl_01941	越俎代庖	2	LITERARY_COMMON
wl_01942	巨款	1	GENERAL_LIFE
wl_01943	署名	1	GENERAL_LIFE
wl_01944	曙光	1	GENERAL_LIFE
wl_01945	锯子	0	BASIC_OBJECT
wl_01946	御用	2	LITERARY_COMMON
wl_01947	驾驭	1	GENERAL_LIFE
wl_01948	徒弟	1	GENERAL_LIFE
wl_01949	如火如荼	1	COMMON_IDIOM
wl_01950	头颅	1	SCHOOL_GENERAL
wl_01951	火炉	0	BASIC_OBJECT
wl_01952	顶呱呱	1	GENERAL_LIFE
wl_01953	姑姑	0	BASIC_OBJECT
wl_01954	珊瑚	1	SCHOOL_GENERAL
wl_01955	胡乱	1	GENERAL_LIFE
wl_01956	茶壶	0	BASIC_OBJECT
wl_01957	湖泊	1	SCHOOL_GENERAL
wl_01958	葫芦	0	BASIC_OBJECT
wl_01959	呜咽	2	LITERARY_COMMON
wl_01960	乌鸦	0	BASIC_OBJECT
wl_01961	朴素	1	GENERAL_LIFE
wl_01962	菩萨	1	SCHOOL_GENERAL
wl_01963	薄膜	1	SCHOOL_GENERAL
wl_01964	堵塞	1	GENERAL_LIFE
wl_01965	吐露	1	GENERAL_LIFE
wl_01966	杜绝	2	FORMAL_ABSTRACT
wl_01967	五月	0	BASIC_OBJECT
wl_01968	琥珀	1	SCHOOL_GENERAL
wl_01969	船坞	2	SCHOOL_SCIENCE
wl_01970	花圃	1	GENERAL_LIFE
wl_01971	交错	1	SCHOOL_GENERAL
wl_01972	素材	1	SCHOOL_GENERAL
wl_01973	牢固	1	GENERAL_LIFE
wl_01974	禁锢	2	FORMAL_ABSTRACT
wl_01975	觉悟	2	FORMAL_ABSTRACT
wl_01976	会晤	2	FORMAL_ABSTRACT
wl_01977	分布	1	SCHOOL_GENERAL
wl_01978	哺育	1	GENERAL_LIFE
wl_01979	搂抱	0	BASIC_ACTION
wl_01980	趋势	2	FORMAL_ABSTRACT
wl_01981	胡须	0	BASIC_OBJECT
wl_01982	排列	1	SCHOOL_GENERAL
wl_01983	雏鸟	1	SCHOOL_GENERAL
wl_01984	侏儒	3	TECHNICAL_NONLANGUAGE
wl_01985	枢纽	2	FORMAL_ABSTRACT
wl_01986	身躯	1	GENERAL_LIFE
wl_01987	驱赶	1	GENERAL_LIFE
wl_01988	抠门	1	GENERAL_LIFE
wl_01989	气喘吁吁	1	COMMON_IDIOM
wl_01990	迂腐	2	FORMAL_ABSTRACT
wl_01991	痰盂	1	GENERAL_LIFE
wl_01992	逾期	2	FORMAL_ABSTRACT
wl_01993	榆树	1	SCHOOL_GENERAL
wl_01994	农夫	1	GENERAL_LIFE
wl_01995	扶持	1	GENERAL_LIFE
wl_01996	荒芜	1	GENERAL_LIFE
wl_01997	诬陷	2	FORMAL_ABSTRACT
wl_01998	毋庸	2	FORMAL_ABSTRACT
wl_01999	铺张	2	FORMAL_ABSTRACT
wl_02000	店铺	1	GENERAL_LIFE
wl_02001	孵化	1	SCHOOL_GENERAL
wl_02002	敷衍	1	GENERAL_LIFE
wl_02003	俘获	1	GENERAL_LIFE
wl_02004	句子	0	BASIC_GRAMMAR
wl_02005	柱子	0	BASIC_OBJECT
wl_02006	乳汁	1	SCHOOL_GENERAL
wl_02007	栩栩如生	1	COMMON_IDIOM
wl_02008	斧头	0	BASIC_OBJECT
wl_02009	胸脯	1	SCHOOL_GENERAL
wl_02010	俯视	1	SCHOOL_GENERAL
wl_02011	辅助	1	GENERAL_LIFE
wl_02012	鹦鹉	0	BASIC_OBJECT
wl_02013	屡次	1	GENERAL_LIFE
wl_02014	足迹	1	GENERAL_LIFE
wl_02015	驻扎	1	SCHOOL_GENERAL
wl_02016	注释	1	SCHOOL_GENERAL
wl_02017	铸造	1	SCHOOL_GENERAL
wl_02018	呼吁	1	GENERAL_LIFE
wl_02019	富裕	1	GENERAL_LIFE
wl_02020	师傅	1	GENERAL_LIFE
wl_02021	赴约	1	GENERAL_LIFE
wl_02022	兑换	1	SCHOOL_GENERAL
wl_02023	无奈	1	GENERAL_LIFE
wl_02024	天籁	2	LITERARY_COMMON
wl_02025	赖以	2	FORMAL_ABSTRACT
wl_02026	乞丐	1	GENERAL_LIFE
wl_02027	管辖	2	FORMAL_ABSTRACT
wl_02028	涣散	2	FORMAL_ABSTRACT
wl_02029	绘画	1	SCHOOL_GENERAL
wl_02030	和蔼	1	GENERAL_LIFE
wl_02031	贝壳	0	BASIC_OBJECT
wl_02032	充沛	1	GENERAL_LIFE
wl_02033	狼狈	1	GENERAL_LIFE
wl_02034	污秽	2	LITERARY_COMMON
wl_02035	废除	1	SCHOOL_GENERAL
wl_02036	肺腑	2	LITERARY_COMMON
wl_02037	山寨	1	SCHOOL_GENERAL
wl_02038	迈步	0	BASIC_ACTION
wl_02039	木柴	0	BASIC_OBJECT
wl_02040	蜗牛	0	BASIC_OBJECT
wl_02041	佳节	1	GENERAL_LIFE
wl_02042	螃蟹	0	BASIC_OBJECT
wl_02043	矮小	0	BASIC_ACTION
wl_02044	拐弯	0	BASIC_ACTION
wl_02045	悬挂	1	GENERAL_LIFE
wl_02046	懈怠	2	FORMAL_ABSTRACT
wl_02047	邂逅	2	LITERARY_COMMON
wl_02048	图画	0	BASIC_OBJECT
wl_02049	派遣	2	FORMAL_ABSTRACT
wl_02050	斋戒	2	LITERARY_COMMON
wl_02051	阶梯	1	GENERAL_LIFE
wl_02052	皆大欢喜	1	COMMON_IDIOM
wl_02053	乖巧	1	GENERAL_LIFE
wl_02054	骸骨	2	LITERARY_COMMON
wl_02055	阴霾	2	LITERARY_COMMON
wl_02056	埋藏	1	GENERAL_LIFE
wl_02057	惊骇	2	LITERARY_COMMON
wl_02058	挨打	0	BASIC_ACTION
wl_02059	杀敌	1	SCHOOL_GENERAL
wl_02060	告诫	1	GENERAL_LIFE
wl_02061	届时	2	FORMAL_ABSTRACT
wl_02062	芥菜	1	SCHOOL_GENERAL
wl_02063	弹劾	3	TECHNICAL_NONLANGUAGE
wl_02064	澎湃	1	GENERAL_LIFE
wl_02065	牡蛎	1	SCHOOL_GENERAL
wl_02066	累赘	1	GENERAL_LIFE
wl_02067	逝世	1	GENERAL_LIFE
wl_02068	游说	2	FORMAL_ABSTRACT
wl_02069	蜕变	2	FORMAL_ABSTRACT
wl_02070	税收	2	SCHOOL_SCIENCE
wl_02071	钠	2	SCHOOL_SCIENCE
wl_02072	排泄	1	SCHOOL_GENERAL
wl_02073	尖锐	1	GENERAL_LIFE
wl_02074	摇曳	2	LITERARY_COMMON
wl_02075	后裔	1	SCHOOL_GENERAL
wl_02076	遮蔽	1	GENERAL_LIFE
wl_02077	毙命	2	FORMAL_ABSTRACT
wl_02078	弊端	2	FORMAL_ABSTRACT
wl_02079	货币	1	SCHOOL_GENERAL
wl_02080	辍学	1	GENERAL_LIFE
wl_02081	啜泣	2	LITERARY_COMMON
wl_02082	点缀	1	GENERAL_LIFE
wl_02083	滞留	2	FORMAL_ABSTRACT
wl_02084	揭示	2	FORMAL_ABSTRACT
wl_02085	马蹄	0	BASIC_OBJECT
wl_02086	缔造	2	FORMAL_ABSTRACT
wl_02087	拘泥	2	FORMAL_ABSTRACT
wl_02088	凄凉	1	GENERAL_LIFE
wl_02089	凄惨	1	GENERAL_LIFE
wl_02090	肚脐	0	BASIC_OBJECT
wl_02091	栖息	1	SCHOOL_GENERAL
wl_02092	犀牛	0	BASIC_OBJECT
wl_02093	撕毁	1	GENERAL_LIFE
wl_02094	闺房	2	LITERARY_COMMON
wl_02095	鲑鱼	3	TECHNICAL_NONLANGUAGE
wl_02096	无稽之谈	2	LITERARY_COMMON
wl_02097	溪流	1	SCHOOL_GENERAL
wl_02098	端倪	2	FORMAL_ABSTRACT
wl_02099	奚落	1	GENERAL_LIFE
wl_02100	府邸	2	LITERARY_COMMON
wl_02101	救济	2	FORMAL_ABSTRACT
wl_02102	大米	0	BASIC_OBJECT
wl_02103	皇帝	1	SCHOOL_GENERAL
wl_02104	喷嚏	0	BASIC_OBJECT
wl_02105	真谛	2	FORMAL_ABSTRACT
wl_02106	剃头	0	BASIC_ACTION
wl_02107	暴戾	2	FORMAL_ABSTRACT
wl_02108	急切	1	GENERAL_LIFE
wl_02109	恩惠	1	GENERAL_LIFE
wl_02110	谜语	0	BASIC_OBJECT
wl_02111	媲美	1	GENERAL_LIFE
wl_02112	栽培	1	GENERAL_LIFE
wl_02113	言简意赅	1	COMMON_IDIOM
wl_02114	尘埃	1	SCHOOL_GENERAL
wl_02115	乃至	2	FORMAL_ABSTRACT
wl_02116	采摘	1	GENERAL_LIFE
wl_02117	风采	1	GENERAL_LIFE
wl_02118	彩色	0	BASIC_OBJECT
wl_02119	彩带	0	BASIC_OBJECT
wl_02120	凯旋	1	GENERAL_LIFE
wl_02121	爱戴	1	GENERAL_LIFE
wl_02122	借贷	2	SCHOOL_SCIENCE
wl_02123	青睐	2	FORMAL_ABSTRACT
wl_02124	塞车	1	GENERAL_LIFE
wl_02125	感慨	1	GENERAL_LIFE
wl_02126	颓废	2	FORMAL_ABSTRACT
wl_02127	打雷	0	BASIC_ACTION
wl_02128	傀儡	1	GENERAL_LIFE
wl_02129	催促	1	GENERAL_LIFE
wl_02130	魁梧	1	GENERAL_LIFE
wl_02131	桅杆	1	SCHOOL_GENERAL
wl_02132	回旋	1	GENERAL_LIFE
wl_02133	依偎	1	GENERAL_LIFE
wl_02134	茶杯	0	BASIC_OBJECT
wl_02135	梅花	0	BASIC_OBJECT
wl_02136	煤炭	1	SCHOOL_GENERAL
wl_02137	气馁	1	GENERAL_LIFE
wl_02138	花蕾	1	SCHOOL_GENERAL
wl_02139	璀璨	2	LITERARY_COMMON
wl_02140	石块	0	BASIC_OBJECT
wl_02141	教诲	1	GENERAL_LIFE
wl_02142	晦气	1	GENERAL_LIFE
wl_02143	溃疡	3	TECHNICAL_NONLANGUAGE
wl_02144	前辈	1	GENERAL_LIFE
wl_02145	悖论	3	UNIVERSITY_ABSTRACT
wl_02146	愚昧	2	FORMAL_ABSTRACT
wl_02147	车轮	0	BASIC_OBJECT
wl_02148	伦理	3	UNIVERSITY_ABSTRACT
wl_02149	鱼鳞	0	BASIC_OBJECT
wl_02150	沦陷	1	SCHOOL_GENERAL
wl_02151	亲家	1	GENERAL_LIFE
wl_02152	驯养	1	GENERAL_LIFE
wl_02153	振奋	1	GENERAL_LIFE
wl_02154	甄选	2	FORMAL_ABSTRACT
wl_02155	淳朴	1	GENERAL_LIFE
wl_02156	时辰	1	SCHOOL_GENERAL
wl_02157	大臣	1	SCHOOL_GENERAL
wl_02158	纯净	1	GENERAL_LIFE
wl_02159	鹌鹑	1	SCHOOL_GENERAL
wl_02160	伸展	1	GENERAL_LIFE
wl_02161	呻吟	1	GENERAL_LIFE
wl_02162	神仙	1	SCHOOL_GENERAL
wl_02163	千钧一发	1	COMMON_IDIOM
wl_02164	均匀	1	SCHOOL_GENERAL
wl_02165	海滨	1	SCHOOL_GENERAL
wl_02166	缤纷	1	GENERAL_LIFE
wl_02167	湿疹	3	TECHNICAL_NONLANGUAGE
wl_02168	肾脏	1	SCHOOL_GENERAL
wl_02169	蚯蚓	0	BASIC_OBJECT
wl_02170	吝啬	1	GENERAL_LIFE
wl_02171	晋升	2	FORMAL_ABSTRACT
wl_02172	骏马	1	SCHOOL_GENERAL
wl_02173	殉职	2	FORMAL_ABSTRACT
wl_02174	打盹	0	BASIC_ACTION
wl_02175	刀刃	0	BASIC_OBJECT
wl_02176	滋润	1	GENERAL_LIFE
wl_02177	韧性	1	SCHOOL_GENERAL
wl_02178	鬓角	1	GENERAL_LIFE
wl_02179	栗子	0	BASIC_OBJECT
wl_02180	唧唧	0	BASIC_OBJECT
wl_02181	体恤	2	FORMAL_ABSTRACT
wl_02182	蟋蟀	0	BASIC_OBJECT
wl_02183	吉祥	1	GENERAL_LIFE
wl_02184	拮据	2	LITERARY_COMMON
wl_02185	安逸	1	GENERAL_LIFE
wl_02186	溢出	1	GENERAL_LIFE
wl_02187	静谧	2	LITERARY_COMMON
wl_02188	蜂蜜	0	BASIC_OBJECT
wl_02189	缝纫	1	GENERAL_LIFE
wl_02190	填写	1	GENERAL_LIFE
wl_02191	陈旧	1	GENERAL_LIFE
wl_02192	趁机	1	GENERAL_LIFE
wl_02193	白银	1	SCHOOL_GENERAL
wl_02194	彬彬有礼	1	COMMON_IDIOM
wl_02195	陨石	1	SCHOOL_GENERAL
wl_02196	敏捷	1	GENERAL_LIFE
wl_02197	窘迫	2	LITERARY_COMMON
wl_02198	阵地	1	SCHOOL_GENERAL
wl_02199	茁壮	1	GENERAL_LIFE
wl_02200	瑟瑟	2	LITERARY_COMMON
wl_02201	虱子	1	SCHOOL_GENERAL
wl_02202	吞咽	1	GENERAL_LIFE
wl_02203	树根	0	BASIC_OBJECT
wl_02204	恩情	1	GENERAL_LIFE
wl_02205	开垦	1	SCHOOL_GENERAL
wl_02206	诚恳	1	GENERAL_LIFE
wl_02207	海豚	0	BASIC_OBJECT
wl_02208	混沌	1	SCHOOL_GENERAL
wl_02209	子孙	1	SCHOOL_GENERAL
wl_02210	乾坤	2	LITERARY_COMMON
wl_02211	黄昏	1	GENERAL_LIFE
wl_02212	喷水	0	BASIC_ACTION
wl_02213	鳟鱼	3	TECHNICAL_NONLANGUAGE
wl_02214	棍棒	0	BASIC_OBJECT
wl_02215	谦逊	1	GENERAL_LIFE
wl_02216	咄咄逼人	2	LITERARY_COMMON
wl_02217	凸显	2	FORMAL_ABSTRACT
wl_02218	木屑	1	GENERAL_LIFE
wl_02219	光滑	0	BASIC_ACTION
wl_02220	突兀	2	LITERARY_COMMON
wl_02221	恍惚	1	GENERAL_LIFE
wl_02222	勃发	2	LITERARY_COMMON
wl_02223	筋骨	1	SCHOOL_GENERAL
wl_02224	牙龈	1	SCHOOL_GENERAL
wl_02225	芹菜	0	BASIC_OBJECT
wl_02226	勤奋	1	GENERAL_LIFE
wl_02227	口吃	1	GENERAL_LIFE
wl_02228	乞讨	1	GENERAL_LIFE
wl_02229	屹立	1	GENERAL_LIFE
wl_02230	迄今	2	FORMAL_ABSTRACT
wl_02231	君子	1	SCHOOL_GENERAL
wl_02232	功勋	2	FORMAL_ABSTRACT
wl_02233	蕴含	1	GENERAL_LIFE
wl_02234	云彩	0	BASIC_OBJECT
wl_02235	芸芸众生	2	LITERARY_COMMON
wl_02236	耕耘	1	SCHOOL_GENERAL
wl_02237	本分	1	GENERAL_LIFE
wl_02238	焚烧	1	GENERAL_LIFE
wl_02239	颁布	2	FORMAL_ABSTRACT
wl_02240	氛围	1	GENERAL_LIFE
wl_02241	蚊子	0	BASIC_OBJECT
wl_02242	花纹	1	GENERAL_LIFE
wl_02243	芬芳	1	GENERAL_LIFE
wl_02244	酝酿	2	FORMAL_ABSTRACT
wl_02245	粉末	1	SCHOOL_GENERAL
wl_02246	押韵	1	SCHOOL_GENERAL
wl_02247	粪便	1	SCHOOL_GENERAL
wl_02248	拚命	1	GENERAL_LIFE
wl_02249	紊乱	2	FORMAL_ABSTRACT
wl_02250	佛教	1	SCHOOL_GENERAL
wl_02251	请勿	1	GENERAL_LIFE
wl_02252	拂晓	1	GENERAL_LIFE
wl_02253	倔强	1	GENERAL_LIFE
wl_02254	崛起	2	FORMAL_ABSTRACT
wl_02255	端正	1	GENERAL_LIFE
wl_02256	湍急	1	SCHOOL_GENERAL
wl_02257	叹气	0	BASIC_ACTION
wl_02258	分摊	1	GENERAL_LIFE
wl_02259	论坛	1	SCHOOL_GENERAL
wl_02260	难民	2	FORMAL_ABSTRACT
wl_02261	山峦	1	SCHOOL_GENERAL
wl_02262	兰花	0	BASIC_OBJECT
wl_02263	波澜	1	GENERAL_LIFE
wl_02264	阻拦	1	GENERAL_LIFE
wl_02265	栏杆	0	BASIC_OBJECT
wl_02266	蹒跚	2	LITERARY_COMMON
wl_02267	酸味	0	BASIC_OBJECT
wl_02268	酸痛	1	GENERAL_LIFE
wl_02269	奸诈	1	GENERAL_LIFE
wl_02270	竹竿	0	BASIC_OBJECT
wl_02271	衣冠	2	LITERARY_COMMON
wl_02272	贯穿	2	FORMAL_ABSTRACT
wl_02273	干燥	1	GENERAL_LIFE
wl_02274	刊登	1	GENERAL_LIFE
wl_02275	鼾声	1	GENERAL_LIFE
wl_02276	流汗	0	BASIC_ACTION
wl_02277	可汗	2	LITERARY_COMMON
wl_02278	丸子	0	BASIC_OBJECT
wl_02279	盘旋	1	GENERAL_LIFE
wl_02280	馒头	0	BASIC_OBJECT
wl_02281	藤蔓	1	SCHOOL_GENERAL
wl_02282	鳗鱼	1	SCHOOL_GENERAL
wl_02283	曼妙	2	LITERARY_COMMON
wl_02284	搅拌	1	GENERAL_LIFE
wl_02285	袒护	1	GENERAL_LIFE
wl_02286	绸缎	1	SCHOOL_GENERAL
wl_02287	懒惰	1	GENERAL_LIFE
wl_02288	卵子	1	SCHOOL_GENERAL
wl_02289	散文	1	SCHOOL_GENERAL
wl_02290	雨伞	0	BASIC_OBJECT
wl_02291	款式	1	GENERAL_LIFE
wl_02292	干旱	1	SCHOOL_GENERAL
wl_02293	延缓	2	FORMAL_ABSTRACT
wl_02294	感叹	1	GENERAL_LIFE
wl_02295	木炭	1	SCHOOL_GENERAL
wl_02296	段落	1	SCHOOL_GENERAL
wl_02297	逃窜	1	GENERAL_LIFE
wl_02298	大蒜	0	BASIC_OBJECT
wl_02299	树干	0	BASIC_OBJECT
wl_02300	美轮美奂	2	LITERARY_COMMON
wl_02301	焕发	1	GENERAL_LIFE
wl_02302	浩瀚	2	LITERARY_COMMON
wl_02303	惋惜	1	GENERAL_LIFE
wl_02304	河畔	1	GENERAL_LIFE
wl_02305	水獭	1	SCHOOL_GENERAL
wl_02306	一小撮	1	GENERAL_LIFE
wl_02307	聒噪	2	LITERARY_COMMON
wl_02308	切割	1	GENERAL_LIFE
wl_02309	宽阔	1	GENERAL_LIFE
wl_02310	遏制	2	FORMAL_ABSTRACT
wl_02311	拨款	2	FORMAL_ABSTRACT
wl_02312	跋涉	2	LITERARY_COMMON
wl_02313	末尾	1	GENERAL_LIFE
wl_02314	涂抹	1	GENERAL_LIFE
wl_02315	掀开	0	BASIC_ACTION
wl_02316	喧哗	1	GENERAL_LIFE
wl_02317	寒暄	1	GENERAL_LIFE
wl_02318	鸳鸯	1	SCHOOL_GENERAL
wl_02319	心不在焉	1	COMMON_IDIOM
wl_02320	冤屈	1	GENERAL_LIFE
wl_02321	宛如	1	GENERAL_LIFE
wl_02322	蜿蜒	1	SCHOOL_GENERAL
wl_02323	猿猴	1	SCHOOL_GENERAL
wl_02324	繁荣	1	SCHOOL_GENERAL
wl_02325	轮番	1	GENERAL_LIFE
wl_02326	翻滚	1	GENERAL_LIFE
wl_02327	鼹鼠	1	SCHOOL_GENERAL
wl_02328	婉转	1	GENERAL_LIFE
wl_02329	远方	1	GENERAL_LIFE
wl_02330	猪圈	0	BASIC_OBJECT
wl_02331	圆圈	0	BASIC_OBJECT
wl_02332	债券	2	SCHOOL_SCIENCE
wl_02333	劝告	1	GENERAL_LIFE
wl_02334	歇息	1	GENERAL_LIFE
wl_02335	提拔	2	FORMAL_ABSTRACT
wl_02336	讨伐	2	LITERARY_COMMON
wl_02337	竭力	1	GENERAL_LIFE
wl_02338	斑点	0	BASIC_OBJECT
wl_02339	班级	0	BASIC_OBJECT
wl_02340	攀登	1	GENERAL_LIFE
wl_02341	撰写	2	FORMAL_ABSTRACT
wl_02342	木板	0	BASIC_OBJECT
wl_02343	患病	1	GENERAL_LIFE
wl_02344	印刷	1	SCHOOL_GENERAL
wl_02345	刮风	0	BASIC_ACTION
wl_02346	手帕	0	BASIC_OBJECT
wl_02347	潺潺	1	GENERAL_LIFE
wl_02348	山峰	1	SCHOOL_GENERAL
wl_02349	空闲	1	GENERAL_LIFE
wl_02350	挑拣	1	GENERAL_LIFE
wl_02351	绽放	1	GENERAL_LIFE
wl_02352	花瓣	0	BASIC_OBJECT
wl_02353	办理	1	GENERAL_LIFE
wl_02354	包扎	1	GENERAL_LIFE
wl_02355	嘎嘎	0	BASIC_OBJECT
wl_02356	搬迁	1	GENERAL_LIFE
wl_02357	诠释	2	FORMAL_ABSTRACT
wl_02358	泉水	0	BASIC_OBJECT
wl_02359	仙女	1	SCHOOL_GENERAL
wl_02360	山川	1	SCHOOL_GENERAL
wl_02361	穿衣	0	BASIC_ACTION
wl_02362	蝉联	2	FORMAL_ABSTRACT
wl_02363	扇子	0	BASIC_OBJECT
wl_02364	煽动	2	FORMAL_ABSTRACT
wl_02365	船只	1	SCHOOL_GENERAL
wl_02366	筵席	2	LITERARY_COMMON
wl_02367	捐献	1	GENERAL_LIFE
wl_02368	沿途	1	GENERAL_LIFE
wl_02369	鞭策	2	FORMAL_ABSTRACT
wl_02370	大腹便便	2	LITERARY_COMMON
wl_02371	绵延	1	GENERAL_LIFE
wl_02372	翩翩	1	GENERAL_LIFE
wl_02373	篇章	1	SCHOOL_GENERAL
wl_02374	扁平	1	GENERAL_LIFE
wl_02375	苔藓	1	SCHOOL_GENERAL
wl_02376	阐述	2	FORMAL_ABSTRACT
wl_02377	喘气	1	GENERAL_LIFE
wl_02378	衍生	2	FORMAL_ABSTRACT
wl_02379	缅怀	2	FORMAL_ABSTRACT
wl_02380	卑贱	2	FORMAL_ABSTRACT
wl_02381	渲染	3	TECHNICAL_NONLANGUAGE
wl_02382	手绢	0	BASIC_OBJECT
wl_02383	拙劣	1	GENERAL_LIFE
wl_02384	检阅	1	SCHOOL_GENERAL
wl_02385	自传	1	SCHOOL_GENERAL
wl_02386	缠绕	1	GENERAL_LIFE
wl_02387	圆形	0	BASIC_OBJECT
wl_02388	席卷	2	FORMAL_ABSTRACT
wl_02389	蜷缩	1	GENERAL_LIFE
wl_02390	键盘	0	BASIC_OBJECT
wl_02391	试卷	1	SCHOOL_GENERAL
wl_02392	卷曲	1	GENERAL_LIFE
wl_02393	辗转	2	LITERARY_COMMON
wl_02394	自转	1	SCHOOL_GENERAL
wl_02395	辨别	1	GENERAL_LIFE
wl_02396	加冕	2	FORMAL_ABSTRACT
wl_02397	免除	2	FORMAL_ABSTRACT
wl_02398	眷属	2	LITERARY_COMMON
wl_02399	谚语	1	SCHOOL_GENERAL
wl_02400	呐喊	1	GENERAL_LIFE
wl_02401	清澈	1	GENERAL_LIFE
wl_02402	癫狂	2	FORMAL_ABSTRACT
wl_02403	巅峰	2	FORMAL_ABSTRACT
wl_02404	田地	0	BASIC_OBJECT
wl_02405	零分	0	BASIC_GRAMMAR
wl_02406	莲花	0	BASIC_OBJECT
wl_02407	浅水	0	BASIC_OBJECT
wl_02408	信笺	2	LITERARY_COMMON
wl_02409	飞溅	1	GENERAL_LIFE
wl_02410	牵挂	1	GENERAL_LIFE
wl_02411	眩晕	3	TECHNICAL_NONLANGUAGE
wl_02412	琴弦	1	SCHOOL_GENERAL
wl_02413	圣贤	2	LITERARY_COMMON
wl_02414	玄妙	2	FORMAL_ABSTRACT
wl_02415	燕子	0	BASIC_OBJECT
wl_02416	深渊	2	LITERARY_COMMON
wl_02417	咽喉	1	SCHOOL_GENERAL
wl_02418	狼吞虎咽	1	COMMON_IDIOM
wl_02419	词典	1	SCHOOL_GENERAL
wl_02420	腼腆	1	GENERAL_LIFE
wl_02421	辫子	0	BASIC_OBJECT
wl_02422	奠基	2	FORMAL_ABSTRACT
wl_02423	淀粉	1	SCHOOL_GENERAL
wl_02424	绚烂	1	GENERAL_LIFE
wl_02425	钢铁	1	SCHOOL_GENERAL
wl_02426	疖子	3	TECHNICAL_NONLANGUAGE
wl_02427	截断	1	GENERAL_LIFE
wl_02428	页面	1	SCHOOL_GENERAL
wl_02429	瘪三	2	LITERARY_COMMON
wl_02430	轻蔑	1	GENERAL_LIFE
wl_02431	瞥见	1	GENERAL_LIFE
wl_02432	滔滔	1	GENERAL_LIFE
wl_02433	绦虫	3	TECHNICAL_NONLANGUAGE
wl_02434	桃子	0	BASIC_OBJECT
wl_02435	嚎啕	1	GENERAL_LIFE
wl_02436	波涛	1	SCHOOL_GENERAL
wl_02437	勤劳	1	GENERAL_LIFE
wl_02438	水槽	0	BASIC_OBJECT
wl_02439	嘈杂	1	GENERAL_LIFE
wl_02440	牙膏	0	BASIC_OBJECT
wl_02441	羊羔	0	BASIC_OBJECT
wl_02442	咎由自取	2	LITERARY_COMMON
wl_02443	熬夜	1	GENERAL_LIFE
wl_02444	翱翔	1	GENERAL_LIFE
wl_02445	遨游	1	GENERAL_LIFE
wl_02446	阻挠	2	FORMAL_ABSTRACT
wl_02447	哀号	1	GENERAL_LIFE
wl_02448	褒扬	2	FORMAL_ABSTRACT
wl_02449	长袍	1	GENERAL_LIFE
wl_02450	潦倒	2	LITERARY_COMMON
wl_02451	水藻	1	SCHOOL_GENERAL
wl_02452	跳蚤	1	SCHOOL_GENERAL
wl_02453	造访	2	FORMAL_ABSTRACT
wl_02454	大嫂	1	GENERAL_LIFE
wl_02455	好客	1	GENERAL_LIFE
wl_02456	浩大	1	GENERAL_LIFE
wl_02457	懊悔	1	GENERAL_LIFE
wl_02458	襁褓	2	LITERARY_COMMON
wl_02459	悼念	1	GENERAL_LIFE
wl_02460	烦躁	1	GENERAL_LIFE
wl_02461	奥妙	1	GENERAL_LIFE
wl_02462	凶暴	1	GENERAL_LIFE
wl_02463	瀑布	0	BASIC_OBJECT
wl_02464	抄写	0	BASIC_ACTION
wl_02465	巢穴	1	SCHOOL_GENERAL
wl_02466	树梢	1	GENERAL_LIFE
wl_02467	胶水	0	BASIC_OBJECT
wl_02468	哮喘	3	TECHNICAL_NONLANGUAGE
wl_02469	佳肴	1	GENERAL_LIFE
wl_02470	混淆	1	GENERAL_LIFE
wl_02471	菜肴	1	GENERAL_LIFE
wl_02472	包子	0	BASIC_OBJECT
wl_02473	炮弹	1	SCHOOL_GENERAL
wl_02474	炮制	2	FORMAL_ABSTRACT
wl_02475	咆哮	1	GENERAL_LIFE
wl_02476	浸泡	1	GENERAL_LIFE
wl_02477	水泡	1	GENERAL_LIFE
wl_02478	炒菜	0	BASIC_ACTION
wl_02479	绞痛	3	TECHNICAL_NONLANGUAGE
wl_02480	饱满	1	GENERAL_LIFE
wl_02481	鲍鱼	1	GENERAL_LIFE
wl_02482	口罩	0	BASIC_OBJECT
wl_02483	发酵	2	SCHOOL_SCIENCE
wl_02484	地窖	1	GENERAL_LIFE
wl_02485	孝顺	1	GENERAL_LIFE
wl_02486	猎豹	1	SCHOOL_GENERAL
wl_02487	面貌	1	GENERAL_LIFE
wl_02488	疱疹	3	TECHNICAL_NONLANGUAGE
wl_02489	燎原	2	LITERARY_COMMON
wl_02490	焦急	1	GENERAL_LIFE
wl_02491	逍遥	2	LITERARY_COMMON
wl_02492	哨子	0	BASIC_OBJECT
wl_02493	云霄	2	LITERARY_COMMON
wl_02494	饶恕	1	GENERAL_LIFE
wl_02495	跷跷板	0	BASIC_OBJECT
wl_02496	摇晃	0	BASIC_ACTION
wl_02497	陶瓷	1	SCHOOL_GENERAL
wl_02498	飘扬	1	GENERAL_LIFE
wl_02499	漂泊	2	LITERARY_COMMON
wl_02500	翘首	2	LITERARY_COMMON
wl_02501	年少	1	GENERAL_LIFE
wl_02502	渺茫	2	FORMAL_ABSTRACT
wl_02503	秒钟	1	SCHOOL_GENERAL
wl_02504	峭壁	1	SCHOOL_GENERAL
wl_02505	俊俏	1	GENERAL_LIFE
wl_02506	照耀	1	GENERAL_LIFE
wl_02507	朝廷	1	SCHOOL_GENERAL
wl_02508	潮湿	1	GENERAL_LIFE
wl_02509	娇嫩	1	GENERAL_LIFE
wl_02510	喧嚣	2	LITERARY_COMMON
wl_02511	妖怪	1	SCHOOL_GENERAL
wl_02512	夭折	2	FORMAL_ABSTRACT
wl_02513	分道扬镳	2	LITERARY_COMMON
wl_02514	描写	1	SCHOOL_GENERAL
wl_02515	幼苗	1	SCHOOL_GENERAL
wl_02516	桥梁	1	SCHOOL_GENERAL
wl_02517	矫正	1	GENERAL_LIFE
wl_02518	刁难	1	GENERAL_LIFE
wl_02519	雕刻	1	GENERAL_LIFE
wl_02520	凋零	1	GENERAL_LIFE
wl_02521	调动	1	SCHOOL_GENERAL
wl_02522	辽阔	1	GENERAL_LIFE
wl_02523	缭绕	1	GENERAL_LIFE
wl_02524	官僚	2	FORMAL_ABSTRACT
wl_02525	萧条	2	FORMAL_ABSTRACT
wl_02526	骁勇	2	LITERARY_COMMON
wl_02527	浇水	0	BASIC_ACTION
wl_02528	鸟类	1	SCHOOL_GENERAL
wl_02529	掉落	0	BASIC_ACTION
wl_02530	窈窕	2	LITERARY_COMMON
wl_02531	缴费	1	GENERAL_LIFE
wl_02532	皎洁	1	GENERAL_LIFE
wl_02533	杳无音信	2	LITERARY_COMMON
wl_02534	吊唁	2	FORMAL_ABSTRACT
wl_02535	叫喊	0	BASIC_ACTION
wl_02536	窍门	1	GENERAL_LIFE
wl_02537	陀螺	0	BASIC_OBJECT
wl_02538	骆驼	0	BASIC_OBJECT
wl_02539	挪动	1	GENERAL_LIFE
wl_02540	萝卜	0	BASIC_OBJECT
wl_02541	罗列	2	FORMAL_ABSTRACT
wl_02542	骡子	1	SCHOOL_GENERAL
wl_02543	螺丝	0	BASIC_OBJECT
wl_02544	切磋	1	GENERAL_LIFE
wl_02545	漩涡	1	SCHOOL_GENERAL
wl_02546	锅子	0	BASIC_OBJECT
wl_02547	干戈	2	LITERARY_COMMON
wl_02548	蝌蚪	0	BASIC_OBJECT
wl_02549	讹诈	2	FORMAL_ABSTRACT
wl_02550	飞蛾	1	SCHOOL_GENERAL
wl_02551	天鹅	0	BASIC_OBJECT
wl_02552	负荷	2	SCHOOL_SCIENCE
wl_02553	波浪	0	BASIC_OBJECT
wl_02554	婆婆	1	GENERAL_LIFE
wl_02555	山坡	0	BASIC_OBJECT
wl_02556	颇为	2	FORMAL_ABSTRACT
wl_02557	枷锁	2	LITERARY_COMMON
wl_02558	花朵	0	BASIC_OBJECT
wl_02559	椭圆	1	SCHOOL_GENERAL
wl_02560	舵手	1	SCHOOL_GENERAL
wl_02561	裸露	1	GENERAL_LIFE
wl_02562	琐碎	1	GENERAL_LIFE
wl_02563	坎坷	2	LITERARY_COMMON
wl_02564	颗粒	1	SCHOOL_GENERAL
wl_02565	祸害	1	GENERAL_LIFE
wl_02566	跛	1	GENERAL_LIFE
wl_02567	颠簸	1	GENERAL_LIFE
wl_02568	唾弃	2	FORMAL_ABSTRACT
wl_02569	辅佐	2	FORMAL_ABSTRACT
wl_02570	爹娘	1	GENERAL_LIFE
wl_02571	茶叶	0	BASIC_OBJECT
wl_02572	渣滓	1	SCHOOL_GENERAL
wl_02573	纱布	1	GENERAL_LIFE
wl_02574	遮盖	1	GENERAL_LIFE
wl_02575	假若	1	GENERAL_LIFE
wl_02576	西瓜	0	BASIC_OBJECT
wl_02577	跨越	1	GENERAL_LIFE
wl_02578	发芽	0	BASIC_ACTION
wl_02579	遐想	1	GENERAL_LIFE
wl_02580	划船	0	BASIC_ACTION
wl_02581	划算	1	GENERAL_LIFE
wl_02582	虾仁	1	GENERAL_LIFE
wl_02583	斜坡	0	BASIC_OBJECT
wl_02584	椰子	0	BASIC_OBJECT
wl_02585	爬山	0	BASIC_ACTION
wl_02586	蛤蟆	0	BASIC_OBJECT
wl_02587	腹泻	1	SCHOOL_GENERAL
wl_02588	舍弃	1	GENERAL_LIFE
wl_02589	惹事	1	GENERAL_LIFE
wl_02590	瓦片	0	BASIC_OBJECT
wl_02591	诧异	1	GENERAL_LIFE
wl_02592	榨取	2	FORMAL_ABSTRACT
wl_02593	甘蔗	0	BASIC_OBJECT
wl_02594	出嫁	1	GENERAL_LIFE
wl_02595	闲暇	1	GENERAL_LIFE
wl_02596	射箭	1	GENERAL_LIFE
wl_02597	霸道	1	GENERAL_LIFE
wl_02598	靶子	1	GENERAL_LIFE
wl_02599	动荡	2	FORMAL_ABSTRACT
wl_02600	池塘	0	BASIC_OBJECT
wl_02601	螳螂	1	SCHOOL_GENERAL
wl_02602	囊括	2	FORMAL_ABSTRACT
wl_02603	赃款	2	FORMAL_ABSTRACT
wl_02604	沧桑	2	LITERARY_COMMON
wl_02605	宝藏	0	BASIC_OBJECT
wl_02606	丧事	1	SCHOOL_GENERAL
wl_02607	高亢	2	LITERARY_COMMON
wl_02608	膀胱	1	SCHOOL_GENERAL
wl_02609	横行	1	GENERAL_LIFE
wl_02610	荒地	1	SCHOOL_GENERAL
wl_02611	惶恐	2	FORMAL_ABSTRACT
wl_02612	彷徨	2	LITERARY_COMMON
wl_02613	弹簧	1	SCHOOL_GENERAL
wl_02614	品行	1	GENERAL_LIFE
wl_02615	一声不吭	1	COMMON_IDIOM
wl_02616	装潢	1	GENERAL_LIFE
wl_02617	傍晚	0	BASIC_OBJECT
wl_02618	茫然	1	GENERAL_LIFE
wl_02619	政党	2	FORMAL_ABSTRACT
wl_02620	晃荡	1	GENERAL_LIFE
wl_02621	明朗	1	GENERAL_LIFE
wl_02622	广大	1	GENERAL_LIFE
wl_02623	慌张	0	BASIC_ACTION
wl_02624	盎然	2	LITERARY_COMMON
wl_02625	蟒蛇	1	SCHOOL_GENERAL
wl_02626	旷野	1	GENERAL_LIFE
wl_02627	魂魄	2	LITERARY_COMMON
wl_02628	开拓	1	SCHOOL_GENERAL
wl_02629	踱步	1	GENERAL_LIFE
wl_02630	乳酪	1	GENERAL_LIFE
wl_02631	烙印	2	LITERARY_COMMON
wl_02632	落下	0	BASIC_ACTION
wl_02633	索取	1	GENERAL_LIFE
wl_02634	轮廓	1	SCHOOL_GENERAL
wl_02635	干涸	1	GENERAL_LIFE
wl_02636	薄弱	1	GENERAL_LIFE
wl_02637	停泊	1	SCHOOL_GENERAL
wl_02638	锡箔	1	GENERAL_LIFE
wl_02639	莫非	1	GENERAL_LIFE
wl_02640	糟粕	2	FORMAL_ABSTRACT
wl_02641	粮食	1	SCHOOL_GENERAL
wl_02642	凉爽	0	BASIC_ACTION
wl_02643	将领	1	SCHOOL_GENERAL
wl_02644	豆浆	0	BASIC_OBJECT
wl_02645	抢先	1	GENERAL_LIFE
wl_02646	相貌	1	GENERAL_LIFE
wl_02647	涨价	1	GENERAL_LIFE
wl_02648	肠胃	1	SCHOOL_GENERAL
wl_02649	庄严	1	GENERAL_LIFE
wl_02650	床铺	1	GENERAL_LIFE
wl_02651	猖狂	1	GENERAL_LIFE
wl_02652	倡导	2	FORMAL_ABSTRACT
wl_02653	徜徉	2	LITERARY_COMMON
wl_02654	衣裳	1	GENERAL_LIFE
wl_02655	镶嵌	1	SCHOOL_GENERAL
wl_02656	缰绳	1	SCHOOL_GENERAL
wl_02657	框架	1	SCHOOL_GENERAL
wl_02658	眼眶	1	SCHOOL_GENERAL
wl_02659	街坊	1	GENERAL_LIFE
wl_02660	芒果	0	BASIC_OBJECT
wl_02661	船桨	1	SCHOOL_GENERAL
wl_02662	仗义	1	GENERAL_LIFE
wl_02663	爽快	1	GENERAL_LIFE
wl_02664	土壤	1	SCHOOL_GENERAL
wl_02665	粗犷	2	LITERARY_COMMON
wl_02666	响亮	1	GENERAL_LIFE
wl_02667	冤枉	1	GENERAL_LIFE
wl_02668	发痒	0	BASIC_ACTION
wl_02669	迷惘	2	LITERARY_COMMON
wl_02670	纺织	1	SCHOOL_GENERAL
wl_02671	酿造	1	SCHOOL_GENERAL
wl_02672	明亮	0	BASIC_ACTION
wl_02673	掠夺	2	FORMAL_ABSTRACT
wl_02674	酱油	0	BASIC_OBJECT
wl_02675	工匠	1	GENERAL_LIFE
wl_02676	膨胀	1	SCHOOL_GENERAL
wl_02677	流畅	1	GENERAL_LIFE
wl_02678	壮大	1	GENERAL_LIFE
wl_02679	兴旺	1	GENERAL_LIFE
wl_02680	荡漾	1	GENERAL_LIFE
wl_02681	狂妄	1	GENERAL_LIFE
wl_02682	麻雀	0	BASIC_OBJECT
wl_02683	爵位	2	LITERARY_COMMON
wl_02684	喜鹊	0	BASIC_OBJECT
wl_02685	削减	2	FORMAL_ABSTRACT
wl_02686	斟酌	2	FORMAL_ABSTRACT
wl_02687	灼热	1	GENERAL_LIFE
wl_02688	阔绰	2	FORMAL_ABSTRACT
wl_02689	闪烁	1	GENERAL_LIFE
wl_02690	溺水	1	SCHOOL_GENERAL
wl_02691	退却	1	GENERAL_LIFE
wl_02692	疟疾	3	TECHNICAL_NONLANGUAGE
wl_02693	戏谑	2	LITERARY_COMMON
wl_02694	狰狞	1	GENERAL_LIFE
wl_02695	瞠目结舌	2	LITERARY_COMMON
wl_02696	牲畜	1	SCHOOL_GENERAL
wl_02697	猩猩	0	BASIC_OBJECT
wl_02698	外甥	1	GENERAL_LIFE
wl_02699	荆棘	1	SCHOOL_GENERAL
wl_02700	雷鸣	1	GENERAL_LIFE
wl_02701	反省	1	GENERAL_LIFE
wl_02702	矿物	1	SCHOOL_GENERAL
wl_02703	杏仁	1	GENERAL_LIFE
wl_02704	猛烈	1	GENERAL_LIFE
wl_02705	蚱蜢	1	SCHOOL_GENERAL
wl_02706	器皿	1	SCHOOL_GENERAL
wl_02707	手柄	0	BASIC_OBJECT
wl_02708	光泽	1	SCHOOL_GENERAL
wl_02709	啧啧	1	GENERAL_LIFE
wl_02710	狭窄	1	GENERAL_LIFE
wl_02711	骨骼	1	SCHOOL_GENERAL
wl_02712	空隙	1	GENERAL_LIFE
wl_02713	逆转	2	FORMAL_ABSTRACT
wl_02714	显赫	2	FORMAL_ABSTRACT
wl_02715	老伯	1	GENERAL_LIFE
wl_02716	园丁	1	GENERAL_LIFE
wl_02717	瞪眼	0	BASIC_ACTION
wl_02718	橙子	0	BASIC_OBJECT
wl_02719	风筝	0	BASIC_OBJECT
wl_02720	耕种	1	SCHOOL_GENERAL
wl_02721	宏伟	1	GENERAL_LIFE
wl_02722	罂粟	3	TECHNICAL_NONLANGUAGE
wl_02723	樱花	1	SCHOOL_GENERAL
wl_02724	萌芽	1	SCHOOL_GENERAL
wl_02725	砰砰	0	BASIC_OBJECT
wl_02726	坚硬	1	GENERAL_LIFE
wl_02727	迸发	2	LITERARY_COMMON
wl_02728	摘要	1	SCHOOL_GENERAL
wl_02729	厄运	2	FORMAL_ABSTRACT
wl_02730	小麦	0	BASIC_OBJECT
wl_02731	山脉	1	SCHOOL_GENERAL
wl_02732	蜻蜓	0	BASIC_OBJECT
wl_02733	晴天	0	BASIC_OBJECT
wl_02734	正午	1	GENERAL_LIFE
wl_02735	旺盛	1	GENERAL_LIFE
wl_02736	顷刻	1	GENERAL_LIFE
wl_02737	倾斜	1	SCHOOL_GENERAL
wl_02738	萦绕	2	LITERARY_COMMON
wl_02739	盈利	2	SCHOOL_SCIENCE
wl_02740	水井	0	BASIC_OBJECT
wl_02741	新颖	1	GENERAL_LIFE
wl_02742	摒弃	2	FORMAL_ABSTRACT
wl_02743	招聘	1	GENERAL_LIFE
wl_02744	事迹	1	GENERAL_LIFE
wl_02745	脊柱	1	SCHOOL_GENERAL
wl_02746	国籍	1	SCHOOL_GENERAL
wl_02747	昔日	1	GENERAL_LIFE
wl_02748	潮汐	1	SCHOOL_GENERAL
wl_02749	夕阳	0	BASIC_OBJECT
wl_02750	硕士	1	SCHOOL_GENERAL
wl_02751	疫情	1	SCHOOL_GENERAL
wl_02752	神采奕奕	1	COMMON_IDIOM
wl_02753	驿站	2	LITERARY_COMMON
wl_02754	腋下	1	SCHOOL_GENERAL
wl_02755	蜥蜴	1	SCHOOL_GENERAL
wl_02756	完璧归赵	1	COMMON_IDIOM
wl_02757	开辟	1	GENERAL_LIFE
wl_02758	偏僻	1	GENERAL_LIFE
wl_02759	贞洁	2	FORMAL_ABSTRACT
wl_02760	逞强	1	GENERAL_LIFE
wl_02761	驰骋	1	GENERAL_LIFE
wl_02762	郑重	1	GENERAL_LIFE
wl_02763	投掷	1	GENERAL_LIFE
wl_02764	听力	1	SCHOOL_GENERAL
wl_02765	订阅	1	GENERAL_LIFE
wl_02766	亭子	0	BASIC_OBJECT
wl_02767	羚羊	1	SCHOOL_GENERAL
wl_02768	铃铛	0	BASIC_OBJECT
wl_02769	伶俐	1	GENERAL_LIFE
wl_02770	刑罚	2	FORMAL_ABSTRACT
wl_02771	萤火虫	0	BASIC_OBJECT
wl_02772	冥想	2	FORMAL_ABSTRACT
wl_02773	鼎盛	2	FORMAL_ABSTRACT
wl_02774	泥泞	1	GENERAL_LIFE
wl_02775	炯炯有神	1	COMMON_IDIOM
wl_02776	路径	1	SCHOOL_GENERAL
wl_02777	水滴	0	BASIC_OBJECT
wl_02778	踢球	0	BASIC_ACTION
wl_02779	剔除	1	GENERAL_LIFE
wl_02780	笛子	0	BASIC_OBJECT
wl_02781	洗涤	1	GENERAL_LIFE
wl_02782	霹雳	1	SCHOOL_GENERAL
wl_02783	日历	0	BASIC_OBJECT
wl_02784	砂砾	1	SCHOOL_GENERAL
wl_02785	寂静	1	GENERAL_LIFE
wl_02786	寻觅	1	GENERAL_LIFE
wl_02787	劈开	1	GENERAL_LIFE
wl_02788	棱角	1	SCHOOL_GENERAL
wl_02789	曾孙	1	GENERAL_LIFE
wl_02790	僧人	1	SCHOOL_GENERAL
wl_02791	恒心	1	GENERAL_LIFE
wl_02792	凳子	0	BASIC_OBJECT
wl_02793	赠送	1	GENERAL_LIFE
wl_02794	亘古	2	LITERARY_COMMON
wl_02795	品德	1	GENERAL_LIFE
wl_02796	勒令	2	FORMAL_ABSTRACT
wl_02797	盗贼	1	GENERAL_LIFE
wl_02798	克星	1	GENERAL_LIFE
wl_02799	墨水	0	BASIC_OBJECT
wl_02800	陵墓	1	SCHOOL_GENERAL
wl_02801	症结	2	FORMAL_ABSTRACT
wl_02802	蒸汽	1	SCHOOL_GENERAL
wl_02803	乘车	1	GENERAL_LIFE
wl_02804	兢兢业业	1	COMMON_IDIOM
wl_02805	凝固	1	SCHOOL_GENERAL
wl_02806	助兴	1	GENERAL_LIFE
wl_02807	老鹰	0	BASIC_OBJECT
wl_02808	冰雪	0	BASIC_OBJECT
wl_02809	凭借	1	GENERAL_LIFE
wl_02810	繁殖	1	SCHOOL_GENERAL
wl_02811	擦拭	1	GENERAL_LIFE
wl_02812	侵蚀	1	SCHOOL_GENERAL
wl_02813	一亿	1	SCHOOL_GENERAL
wl_02814	翌日	2	LITERARY_COMMON
wl_02815	机翼	1	SCHOOL_GENERAL
wl_02816	逼迫	1	GENERAL_LIFE
wl_02817	石榴	0	BASIC_OBJECT
wl_02818	硫磺	2	SCHOOL_SCIENCE
wl_02819	抽水	1	GENERAL_LIFE
wl_02820	稠密	1	SCHOOL_GENERAL
wl_02821	筹备	2	FORMAL_ABSTRACT
wl_02822	范畴	2	FORMAL_ABSTRACT
wl_02823	忧愁	1	GENERAL_LIFE
wl_02824	丘陵	1	SCHOOL_GENERAL
wl_02825	悠闲	1	GENERAL_LIFE
wl_02826	漂浮	1	GENERAL_LIFE
wl_02827	谬论	2	FORMAL_ABSTRACT
wl_02828	未雨绸缪	2	LITERARY_COMMON
wl_02829	计谋	1	GENERAL_LIFE
wl_02830	仇人	1	GENERAL_LIFE
wl_02831	纽带	2	FORMAL_ABSTRACT
wl_02832	柳树	0	BASIC_OBJECT
wl_02833	肘部	1	SCHOOL_GENERAL
wl_02834	寿命	1	SCHOOL_GENERAL
wl_02835	针灸	3	TECHNICAL_NONLANGUAGE
wl_02836	不朽	2	FORMAL_ABSTRACT
wl_02837	舅舅	0	BASIC_OBJECT
wl_02838	臼齿	1	SCHOOL_GENERAL
wl_02839	秃鹫	1	SCHOOL_GENERAL
wl_02840	刺绣	1	GENERAL_LIFE
wl_02841	住宿	1	GENERAL_LIFE
wl_02842	白昼	1	GENERAL_LIFE
wl_02843	皱纹	1	GENERAL_LIFE
wl_02844	消瘦	1	GENERAL_LIFE
wl_02845	漱口	0	BASIC_ACTION
wl_02846	庇佑	2	LITERARY_COMMON
wl_02847	柚子	0	BASIC_OBJECT
wl_02848	副手	1	GENERAL_LIFE
wl_02849	骷髅	1	SCHOOL_GENERAL
wl_02850	楼房	0	BASIC_OBJECT
wl_02851	篝火	1	GENERAL_LIFE
wl_02852	钩子	0	BASIC_OBJECT
wl_02853	海鸥	1	SCHOOL_GENERAL
wl_02854	陡峭	1	GENERAL_LIFE
wl_02855	抖动	1	GENERAL_LIFE
wl_02856	污垢	1	GENERAL_LIFE
wl_02857	小狗	0	BASIC_OBJECT
wl_02858	扣除	1	GENERAL_LIFE
wl_02859	吼叫	1	GENERAL_LIFE
wl_02860	深厚	1	GENERAL_LIFE
wl_02861	牡丹	1	SCHOOL_GENERAL
wl_02862	简陋	1	GENERAL_LIFE
wl_02863	漏水	0	BASIC_ACTION
wl_02864	拼凑	1	GENERAL_LIFE
wl_02865	茂盛	1	GENERAL_LIFE
wl_02866	针线	0	BASIC_OBJECT
wl_02867	热忱	2	FORMAL_ABSTRACT
wl_02868	深浅	1	GENERAL_LIFE
wl_02869	淫秽	2	FORMAL_ABSTRACT
wl_02870	寝室	1	GENERAL_LIFE
wl_02871	缉拿	2	FORMAL_ABSTRACT
wl_02872	什锦	1	GENERAL_LIFE
wl_02873	皱褶	1	GENERAL_LIFE
wl_02874	廿	2	LITERARY_COMMON
wl_02875	人参	1	SCHOOL_GENERAL
wl_02876	吟诗	1	SCHOOL_GENERAL
wl_02877	阴天	0	BASIC_OBJECT
wl_02878	弹琴	1	GENERAL_LIFE
wl_02879	家禽	1	SCHOOL_GENERAL
wl_02880	饮水	1	GENERAL_LIFE
wl_02881	渗透	1	SCHOOL_GENERAL
wl_02882	树荫	0	BASIC_OBJECT
wl_02883	羞涩	1	GENERAL_LIFE
wl_02884	汲取	2	FORMAL_ABSTRACT
wl_02885	岌岌可危	2	LITERARY_COMMON
wl_02886	重担	1	GENERAL_LIFE
wl_02887	冷淡	1	GENERAL_LIFE
wl_02888	柑橘	1	SCHOOL_GENERAL
wl_02889	甘甜	1	GENERAL_LIFE
wl_02890	毛毯	0	BASIC_OBJECT
wl_02891	包揽	2	FORMAL_ABSTRACT
wl_02892	橄榄	1	SCHOOL_GENERAL
wl_02893	呼喊	0	BASIC_ACTION
wl_02894	俯瞰	1	GENERAL_LIFE
wl_02895	糟蹋	1	GENERAL_LIFE
wl_02896	砝码	1	SCHOOL_GENERAL
wl_02897	俨然	2	FORMAL_ABSTRACT
wl_02898	欠缺	1	GENERAL_LIFE
wl_02899	胆怯	1	GENERAL_LIFE
wl_02900	帆船	0	BASIC_OBJECT
wl_02901	泛滥	1	GENERAL_LIFE
wl_02902	规范	1	SCHOOL_GENERAL
wl_02903	广泛	1	GENERAL_LIFE
wl_02904	太监	1	SCHOOL_GENERAL
wl_02905	借鉴	1	GENERAL_LIFE
wl_02906	鉴别	1	GENERAL_LIFE
wl_02907	门槛	1	GENERAL_LIFE
wl_02908	匣子	1	GENERAL_LIFE
wl_02909	押送	1	SCHOOL_GENERAL
wl_02910	掺杂	1	GENERAL_LIFE
wl_02911	缄默	2	LITERARY_COMMON
wl_02912	咸味	0	BASIC_OBJECT
wl_02913	黯然	2	LITERARY_COMMON
wl_02914	斩断	1	GENERAL_LIFE
wl_02915	夹杂	1	GENERAL_LIFE
wl_02916	海峡	1	SCHOOL_GENERAL
wl_02917	镰刀	1	GENERAL_LIFE
wl_02918	纤细	1	GENERAL_LIFE
wl_02919	瞻仰	1	GENERAL_LIFE
wl_02920	冉冉	1	GENERAL_LIFE
wl_02921	收敛	2	FORMAL_ABSTRACT
wl_02922	鲜艳	1	GENERAL_LIFE
wl_02923	睫毛	1	SCHOOL_GENERAL
wl_02924	树叶	0	BASIC_OBJECT
wl_02925	粘贴	0	BASIC_ACTION
wl_02926	发炎	1	SCHOOL_GENERAL
wl_02927	钳子	0	BASIC_OBJECT
wl_02928	谄媚	2	FORMAL_ABSTRACT
wl_02929	眼睑	1	SCHOOL_GENERAL
wl_02930	宽广	1	GENERAL_LIFE
wl_02931	惊险	1	GENERAL_LIFE
wl_02932	奄奄一息	1	COMMON_IDIOM
wl_02933	贬低	1	GENERAL_LIFE
wl_02934	节俭	1	GENERAL_LIFE
wl_02935	俺	0	BASIC_GRAMMAR
wl_02936	蹑手蹑脚	1	COMMON_IDIOM
wl_02937	添加	1	GENERAL_LIFE
wl_02938	恬静	1	GENERAL_LIFE
wl_02939	兼任	2	FORMAL_ABSTRACT
wl_02940	嫌弃	1	GENERAL_LIFE
wl_02941	补贴	2	SCHOOL_SCIENCE
wl_02942	折叠	1	GENERAL_LIFE
wl_02943	汗流浃背	1	COMMON_IDIOM
wl_02944	脸颊	1	SCHOOL_GENERAL
wl_02945	豆荚	1	SCHOOL_GENERAL
wl_02946	惬意	1	GENERAL_LIFE
wl_02947	挟持	2	FORMAL_ABSTRACT
wl_02948	虎视眈眈	2	LITERARY_COMMON
wl_02949	信函	2	FORMAL_ABSTRACT
wl_02950	缆绳	1	SCHOOL_GENERAL
wl_02951	勘察	2	SCHOOL_SCIENCE
wl_02952	践踏	1	GENERAL_LIFE
wl_02953	采纳	1	GENERAL_LIFE
wl_02954	拉扯	1	GENERAL_LIFE
wl_02955	混杂	1	GENERAL_LIFE
wl_02956	合眼	1	GENERAL_LIFE
wl_02957	边门	1	GENERAL_LIFE
wl_02958	歹徒	1	GENERAL_LIFE
wl_02959	鸵鸟	1	SCHOOL_GENERAL
wl_02960	柿子	0	BASIC_OBJECT
wl_02961	烘焙	1	GENERAL_LIFE
wl_02962	妮子	1	GENERAL_LIFE
wl_02963	歪曲	2	FORMAL_ABSTRACT
wl_02964	撇开	1	GENERAL_LIFE
wl_02965	砸碎	0	BASIC_ACTION
wl_02966	挣脱	1	GENERAL_LIFE
wl_02967	砍伐	1	SCHOOL_GENERAL
wl_02968	象棋	1	SCHOOL_GENERAL
wl_02969	铲除	1	GENERAL_LIFE
wl_02970	磁铁	1	SCHOOL_GENERAL
wl_02971	哗啦	0	BASIC_OBJECT
wl_02972	砖头	0	BASIC_OBJECT
wl_02973	耙子	1	GENERAL_LIFE
wl_02974	玛瑙	1	SCHOOL_GENERAL
wl_02975	间接	1	GENERAL_LIFE
wl_02976	流淌	1	GENERAL_LIFE
wl_02977	嚎叫	1	GENERAL_LIFE
wl_02978	擂台	1	SCHOOL_GENERAL
wl_02979	胸膛	1	SCHOOL_GENERAL
wl_02980	胚胎	1	SCHOOL_GENERAL
wl_02981	碟子	0	BASIC_OBJECT
wl_02982	碘酒	1	SCHOOL_GENERAL
wl_02983	碳酸	2	SCHOOL_SCIENCE
wl_02984	熔化	2	SCHOOL_SCIENCE
wl_02985	搬运	1	GENERAL_LIFE
wl_02986	叮当	0	BASIC_OBJECT
wl_02987	跺脚	0	BASIC_ACTION
wl_02988	马鞍	1	SCHOOL_GENERAL
wl_02989	捆绑	1	GENERAL_LIFE
wl_02990	炉灶	1	GENERAL_LIFE
wl_02991	垄断	2	SCHOOL_SCIENCE
wl_02992	嘀咕	1	GENERAL_LIFE
wl_02993	喇嘛	1	SCHOOL_GENERAL
wl_02994	杠杆	1	SCHOOL_GENERAL
wl_02995	筷子	0	BASIC_OBJECT
wl_02996	惦记	1	GENERAL_LIFE
wl_02997	霉菌	1	SCHOOL_GENERAL
wl_02998	潇洒	1	GENERAL_LIFE
wl_02999	濒临	2	FORMAL_ABSTRACT
wl_03000	铝	2	SCHOOL_SCIENCE
wl_03001	嗡嗡	0	BASIC_OBJECT
wl_03002	呛	1	GENERAL_LIFE
wl_03003	嗅觉	1	SCHOOL_GENERAL
wl_03004	猖獗	2	FORMAL_ABSTRACT
wl_03005	追溯	2	FORMAL_ABSTRACT
wl_03006	倒塌	1	GENERAL_LIFE
wl_03007	理睬	1	GENERAL_LIFE
wl_03008	岔路	1	GENERAL_LIFE
wl_03009	铀	2	SCHOOL_SCIENCE
wl_03010	孢子	2	SCHOOL_SCIENCE
wl_03011	生锈	1	SCHOOL_GENERAL
wl_03012	橱柜	0	BASIC_OBJECT
wl_03013	涌现	1	GENERAL_LIFE
wl_03014	烫伤	1	GENERAL_LIFE
wl_03015	愣住	0	BASIC_ACTION
wl_03016	勾画	1	SCHOOL_GENERAL
wl_03017	瞌睡	1	GENERAL_LIFE
wl_03018	稿件	1	SCHOOL_GENERAL
wl_03019	蚂蚱	1	SCHOOL_GENERAL
wl_03020	船舱	1	SCHOOL_GENERAL
wl_03021	佣人	1	GENERAL_LIFE
wl_03022	蠕动	1	SCHOOL_GENERAL
wl_03023	倘若	1	GENERAL_LIFE
wl_03024	过滤	1	SCHOOL_GENERAL
wl_03025	咕噜	0	BASIC_OBJECT
wl_03026	咚咚	0	BASIC_OBJECT
wl_03027	叫嚷	1	GENERAL_LIFE
wl_03028	媳妇	1	GENERAL_LIFE
wl_03029	鸟窝	0	BASIC_OBJECT
wl_03030	外壳	1	GENERAL_LIFE
wl_03031	礁石	1	SCHOOL_GENERAL
wl_03032	啪啪	0	BASIC_OBJECT
wl_03033	发呆	0	BASIC_ACTION
wl_03034	抛锚	1	GENERAL_LIFE
wl_03035	女婿	1	GENERAL_LIFE
wl_03036	包袱	1	GENERAL_LIFE
wl_03037	吆喝	1	GENERAL_LIFE
wl_03038	晒太阳	0	BASIC_ACTION
wl_03039	水坝	1	SCHOOL_GENERAL
wl_03040	拷问	2	FORMAL_ABSTRACT
wl_03041	拆开	0	BASIC_ACTION
wl_03042	婶婶	0	BASIC_OBJECT
wl_03043	蟑螂	1	SCHOOL_GENERAL
wl_03044	菠菜	0	BASIC_OBJECT
wl_03045	褪色	1	GENERAL_LIFE
wl_03046	乒乓球	0	BASIC_OBJECT
wl_03047	扼杀	2	FORMAL_ABSTRACT
wl_03048	氯气	2	SCHOOL_SCIENCE
wl_03049	氢气	2	SCHOOL_SCIENCE
wl_03050	煮饭	0	BASIC_ACTION
wl_03051	教唆	2	FORMAL_ABSTRACT
wl_03052	瘸腿	1	GENERAL_LIFE
wl_03053	树杈	1	GENERAL_LIFE
wl_03054	庄稼	1	SCHOOL_GENERAL
wl_03055	麝香	3	TECHNICAL_NONLANGUAGE
wl_03056	蛊惑	2	FORMAL_ABSTRACT
wl_03057	淤泥	1	SCHOOL_GENERAL
wl_03058	讣告	2	FORMAL_ABSTRACT
wl_03059	马驹	1	GENERAL_LIFE
wl_03060	方才	1	GENERAL_LIFE
wl_03061	豺狼	1	SCHOOL_GENERAL
wl_03062	揩油	1	GENERAL_LIFE
wl_03063	狭隘	2	FORMAL_ABSTRACT
wl_03064	造诣	2	FORMAL_ABSTRACT
wl_03065	诙谐	1	GENERAL_LIFE
wl_03066	茴香	1	GENERAL_LIFE
wl_03067	刽子手	2	FORMAL_ABSTRACT
wl_03068	栀子花	1	SCHOOL_GENERAL
wl_03069	羁绊	2	FORMAL_ABSTRACT
wl_03070	痴呆	3	TECHNICAL_NONLANGUAGE
wl_03071	痔疮	3	TECHNICAL_NONLANGUAGE
wl_03072	痣	1	GENERAL_LIFE
wl_03073	麾下	2	LITERARY_COMMON
wl_03074	害臊	1	GENERAL_LIFE
