原始行,词条ID,组词,原拼音,原因
754,wl_00753,玮玮,,检索主要为昵称或人名；原行没有身份或使用语境，无法确定可答题的词义。
1409,wl_01408,姓迺,xìng nǎi,No verified Mandarin stroke geometry: 迺
2250,wl_02249,觍颜事仇,tiǎn yán shì chóu,No verified Mandarin stroke geometry: 觍
2288,wl_02287,桔柣,jié dié,No verified Mandarin stroke geometry: 柣
2654,wl_02653,菜头粿,cài tóu guǒ,No verified Mandarin stroke geometry: 粿
2859,wl_02858,徬徨,páng huáng,No verified Mandarin stroke geometry: 徬
3917,wl_03916,唠噜,,CC-CEDICT未收；检索不能确认完整词的读音及用法，不能由唠、噜字义拼造词义。
4087,wl_04086,呃呃,e e,The supplied e e reading and laughter sense could not be established as a stable Standard Mandarin expression from the consulted authoritative dictionaries; the original sentence is not a reliable usage example.
4095,wl_04094,吔吔,,No verified Mandarin stroke geometry: 吔
4123,wl_04122,褪落来,,没有确定的方言出处或实际例句，不能确定褪的多音字读法。
4247,wl_04246,飘飙,,不能确认完整词的规范词义；不把飘、飙的字义直接拼成词义。
4296,wl_04295,杴,xiān,No verified Mandarin stroke geometry: 杴
4395,wl_04394,莼莼,,检索只有单字莼的资料，不能确认此重叠形式的词义和真实用法。
4544,wl_04543,珪瑁,guī mào,No verified Mandarin stroke geometry: 珪
4553,wl_04552,龢乐,hé lè,No verified Mandarin stroke geometry: 龢
4562,wl_04561,圜宇,,检索主要为公司名称；不能将它未经证实地等同寰宇。
4592,wl_04591,石磡,shí kàn,No verified Mandarin stroke geometry: 磡
4627,wl_04626,阿嫲,ā má,No verified Mandarin stroke geometry: 嫲
4709,wl_04708,鑫旺,,检索主要为商号、人名或谐音宣传语，原词没有指定身份与语境。
4732,wl_04731,滢洄,,检索主要为笔名，未确认词义；不能直接改作已收词潆洄。
4823,wl_04822,昶畅,,检索主要为人名，未确认完整词的词义；不能凭两个字都含舒畅义创造词条。
4848,wl_04847,辏辐,,已收录词辐辏不能作为倒序辏辐的词义证据。
4851,wl_04850,捽住,zuó zhù,No verified Mandarin stroke geometry: 捽
4852,wl_04851,捽,zuó,No verified Mandarin stroke geometry: 捽
4937,wl_04936,灨水,gàn shuǐ,No verified Mandarin stroke geometry: 灨
4974,wl_04973,腘,guó,No verified Mandarin stroke geometry: 腘
4993,wl_04992,砉砉,,检索得到客语精砉砉等更长形式，未确定本词的独立义项及普通话读法。
5041,wl_05040,颎,jiǒng,No verified Mandarin stroke geometry: 颎
5080,wl_05079,劻勷,kuāng ráng,No verified Mandarin stroke geometry: 劻勷
5160,wl_05159,牤牛,māng niú,No verified Mandarin stroke geometry: 牤
5578,wl_05577,氽水,,材料存在氽tǔn与汆cuān混用；原行无用法，不能确认是普通话烹饪词还是方言写法。
5693,wl_05692,氘元素,dāo yuán sù,氘是氢的同位素（hydrogen-2），不是独立化学元素；原词氘元素及原句把同位素当作元素，会造成科学误导。依据 NRC https://www.nrc.gov/education-regulatory-research/glossary/deuterium 和 DOE https://www.energy.gov/science/doe-explainsdeuterium-tritium-fusion-fuel。可另设准确词条氘或氘核。
5703,wl_05702,踒脚,wō jiǎo,No verified Mandarin stroke geometry: 踒
5710,wl_05709,髽鬏,zhuā jiū,No verified Mandarin stroke geometry: 髽
5719,wl_05718,叆叇,ài dài,No verified Mandarin stroke geometry: 叆叇
5731,wl_05730,琫珌,běng bì,No verified Mandarin stroke geometry: 珌
5897,wl_05896,嚄唶,huò zè,No verified Mandarin stroke geometry: 唶
5911,wl_05910,自洎,,只查到自和洎的字形关系，未查实完整词的词义和用法。
5920,wl_05919,牮石,,未查实完整词的用法，不能把支撑义与石字直接拼造词义。
5993,wl_05992,鹩鹩,,只查到单字及其他鸟名，未查实该重叠形式的义项。
6022,wl_06021,螫蝥,,未查实提示词为独立词；已确认的是斑蝥、螌蝥或蛛蝥等不同形式。
6023,wl_06022,虫蝥,,未查实提示词为独立词；不能从虫部字表相邻字推导词义。
6024,wl_06023,毒蝥,,未查实提示词为独立词；蝥有毒的事实不能证明该组合是词条。
6066,wl_06065,雱雱,pāng pāng,No verified Mandarin stroke geometry: 雱
6076,wl_06075,埤堄,pí nì,No verified Mandarin stroke geometry: 堄
6166,wl_06165,睄看,shào kàn,No verified Mandarin stroke geometry: 睄
6171,wl_06170,晟明,,材料主要为人名或相互矛盾的读音，未查实完整词的词义。
6187,wl_06186,㧐,sǒng,No verified Mandarin stroke geometry: 㧐
6298,wl_06297,手荑,,已收录词荑手及短语手如柔荑不能作为手荑独立词的证据。
6332,wl_06331,铻铻,,已查实锟铻，未查实铻铻重叠形式的义项。
