这样	zhè yàng	like this	adverb	Refers to this way of doing something.	这样写更清楚。	Writing it like this is clearer.	请不要这样说话。	Please do not speak like this.
你们	nǐ men	you (plural)	pronoun	Addresses two or more people together.	你们想喝茶吗？	Would you all like some tea?	明天你们几点出门？	What time are you all leaving tomorrow?
时候	shí hou	time; moment	noun	A time at which something happens.	吃饭的时候别看手机。	Do not look at your phone while eating.	你什么时候到家？	When will you get home?
这么	zhè me	so; this much	adverb	Indicates this degree or amount, often with surprise.	今天怎么这么热？	Why is it so hot today?	不用买这么多菜。	You do not need to buy this many vegetables.
还有	hái yǒu	also; in addition	conjunction	Adds another item to what has already been mentioned.	桌上有苹果，还有香蕉。	There are apples on the table, and bananas too.	我还有一个问题。	I have one more question.
为什么	wèi shén me	why	interrogative pronoun	Asks for the reason for something.	你为什么笑？	Why are you laughing?	为什么门开着？	Why is the door open?
谢谢	xiè xie	thank you	interjection	Expresses thanks for help or kindness.	谢谢你送我回家。	Thank you for taking me home.	谢谢，这杯茶很好喝。	Thank you; this tea is delicious.
可能	kě néng	perhaps; may	adverb	Indicates that something may happen but is uncertain.	明天可能下雨。	It may rain tomorrow.	他可能已经到家了。	He may already be home.
东西	dōng xi	things; stuff	noun	Objects or belongings, without specifying exactly what they are.	你的东西在桌上。	Your things are on the table.	我去超市买点东西。	I am going to the supermarket to buy a few things.
觉得	jué de	to think; to feel	verb	Expresses a personal opinion or feeling about something.	我觉得这件衣服很好看。	I think this item of clothing looks very nice.	你觉得这个菜辣吗？	Do you think this dish is spicy?
这些	zhè xiē	these	demonstrative pronoun	Refers to several things or people close to the speaker or just mentioned.	这些书都是我的。	These books are all mine.	请把这些杯子洗干净。	Please wash these cups clean.
那么	nà me	that; so	adverb	Indicates that degree or extent.	别走那么快。	Do not walk so fast.	这家店没有那么贵。	This shop is not that expensive.
一样	yī yàng	the same	adjective	Describes things that do not differ in a relevant way.	我们的书包颜色一样。	Our schoolbags are the same color.	这两杯茶一样热。	These two cups of tea are equally hot.
这里	zhè lǐ	here	location word	The place where the speaker is or the place being indicated.	这里可以停车吗？	Can I park here?	请把名字写在这里。	Please write your name here.
一起	yī qǐ	together	adverb	Indicates that people do something in company with one another.	我们一起去买菜。	Let us go grocery shopping together.	你想和我们一起吃饭吗？	Would you like to eat with us?
一直	yī zhí	continuously; all along	adverb	Indicates that an action or state continues without stopping.	雨一直下到晚上。	It rained continuously until evening.	我一直在等你的电话。	I have been waiting for your call all along.
看看	kàn kan	to take a look	verb	A brief or relaxed look at something.	我想看看这件外套。	I would like to take a look at this coat.	你看看窗外的月亮。	Take a look at the moon outside the window.
相信	xiāng xìn	to believe	verb	Accepts something as true or trusts someone.	我相信你说的话。	I believe what you said.	她相信自己能做好。	She believes she can do it well.
看到	kàn dào	to see; to catch sight of	verb	Indicates that looking results in seeing something.	我看到一只小猫。	I saw a kitten.	你看到我的钥匙了吗？	Have you seen my keys?
还是	hái shi	or (in a question)	conjunction	Connects alternatives when asking someone to choose.	你喝茶还是咖啡？	Would you like tea or coffee?	我们坐车还是走路？	Shall we take a vehicle or walk?
那些	nà xiē	those	demonstrative pronoun	Refers to several people or things farther away or previously mentioned.	那些花是我种的。	I planted those flowers.	你认识那些人吗？	Do you know those people?
是的	shì de	yes; that is right	expression	Confirms that a statement or question is correct.	是的，我住在这里。	Yes, I live here.	是的，我们明天见面。	Yes, we are meeting tomorrow.
出来	chū lái	to come out	verb	Moves from inside to outside toward the speaker or viewpoint.	请从房间里出来。	Please come out of the room.	小猫从箱子里出来了。	The kitten came out of the box.
明白	míng bai	to understand	verb	Grasps the meaning of words, an explanation, or a situation.	我明白你的意思。	I understand what you mean.	老师讲完后，她明白了。	After the teacher explained it, she understood.
发生	fā shēng	to happen	verb	An event takes place or comes about.	路口发生了小事故。	A minor accident happened at the intersection.	昨天发生了什么？	What happened yesterday?
只是	zhǐ shì	only; just	adverb	Limits a statement to a small extent or a single point.	我只是有点累。	I am just a little tired.	这只是一个建议。	This is only a suggestion.
一点	yī diǎn	a little	quantity phrase	A small amount or degree of something.	请给我一点水。	Please give me a little water.	这件衣服大一点。	This item of clothing is a little bigger.
怎么样	zěn me yàng	how; how about	interrogative expression	Asks about a state, opinion, or proposed action.	你今天感觉怎么样？	How are you feeling today?	周末去公园怎么样？	How about going to the park this weekend?
离开	lí kāi	to leave	verb	Goes away from a place or a person.	我们九点离开酒店。	We leave the hotel at nine.	离开前请关灯。	Please turn off the lights before leaving.
先生	xiān sheng	Mr.; sir	noun	A polite form of address for an adult man.	王先生在门口等你。	Mr. Wang is waiting for you at the door.	先生，请出示车票。	Sir, please show your ticket.
以为	yǐ wéi	to suppose; to mistakenly think	verb	Holds an assumption, often one that turns out to be wrong.	我以为你已经走了。	I thought you had already left.	她以为今天是星期六。	She thought today was Saturday.
认为	rèn wéi	to consider; to think	verb	Expresses a judgment or considered opinion.	我认为这个办法很好。	I think this method is good.	你认为谁会赢？	Who do you think will win?
找到	zhǎo dào	to find	verb	Successfully locates a person or thing being sought.	我找到手机了。	I found my phone.	你找到那家店了吗？	Did you find that shop?
之前	zhī qián	before	time word	Refers to a time earlier than an event or point in time.	出门之前请检查门窗。	Please check the doors and windows before going out.	我之前来过这里。	I have been here before.
感觉	gǎn jué	to feel	verb	Perceives a physical sensation or personal impression.	我感觉有点冷。	I feel a little cold.	你感觉这张床舒服吗？	Does this bed feel comfortable to you?
抱歉	bào qiàn	sorry	adjective	Expresses regret about causing trouble or making a mistake.	抱歉，我来晚了。	Sorry, I am late.	很抱歉让你等了这么久。	I am sorry to have kept you waiting so long.
发现	fā xiàn	to discover; to notice	verb	Becomes aware of something not noticed or known before.	我发现门没有锁。	I noticed that the door was not locked.	她发现了一家好吃的面馆。	She discovered a noodle shop with good food.
那样	nà yàng	like that	adverb	Refers to the manner or state previously mentioned or indicated.	那样做太危险了。	Doing it like that is too dangerous.	你为什么那样看着我？	Why are you looking at me like that?
不要	bù yào	do not	expression	Tells someone not to perform an action.	不要在这里抽烟。	Do not smoke here.	不要忘了带伞。	Do not forget to bring an umbrella.
不错	bù cuò	quite good	adjective	Gives a positive, often moderately enthusiastic evaluation.	这家店的面不错。	The noodles at this shop are quite good.	你的中文说得不错。	You speak Chinese quite well.
这种	zhè zhǒng	this kind of	demonstrative phrase	Refers to the type of thing currently indicated.	我喜欢这种颜色。	I like this kind of color.	这种水果很甜。	This kind of fruit is very sweet.
高兴	gāo xìng	happy; glad	adjective	Feels pleased about something.	见到你我很高兴。	I am very happy to see you.	孩子收到礼物很高兴。	The child was happy to receive the gift.
任何	rèn hé	any	determiner	Refers to any member of a group without restriction.	你可以问任何问题。	You can ask any question.	我没有收到任何消息。	I have not received any messages.
担心	dān xīn	to worry	verb	Feels anxious that something bad may happen.	我担心他会迟到。	I am worried that he will be late.	别担心，我会帮你。	Do not worry; I will help you.
对不起	duì bu qǐ	sorry; excuse me	expression	Apologizes for a mistake, inconvenience, or hurt caused.	对不起，我踩到你的脚了。	Sorry, I stepped on your foot.	对不起，请再说一遍。	Sorry, please say that again.
过去	guò qù	the past	time noun	A time before the present.	过去这里没有地铁。	There was no subway here in the past.	别总想着过去的事。	Do not keep thinking about things from the past.
记得	jì de	to remember	verb	Retains or recalls information in the mind.	我记得你的名字。	I remember your name.	记得把窗户关好。	Remember to close the window properly.
下来	xià lai	to come down	verb	Moves from a higher place to a lower place toward the speaker.	请从楼上下来。	Please come down from upstairs.	他从车上下来后向我挥手。	He waved to me after getting out of the vehicle.
不过	bù guò	however; but	conjunction	Introduces a contrast or qualification to the preceding statement.	这件衣服好看，不过有点贵。	This item of clothing looks nice, but it is a little expensive.	我想去，不过今天没空。	I would like to go, but I am busy today.
等等	děng děng	and so on	expression	Indicates that a list continues with other similar items.	我买了水果、牛奶等等。	I bought fruit, milk, and so on.	书包里有笔、本子等等。	There are pens, notebooks, and so on in the schoolbag.
那里	nà lǐ	there	location word	A place farther from the speaker or already mentioned.	那里有一家药店。	There is a pharmacy there.	我们在那里见面。	Let us meet there.
以前	yǐ qián	before; formerly	time word	Refers to a period earlier than now or another stated time.	我以前住在上海。	I used to live in Shanghai.	以前他不喜欢喝茶。	He did not like drinking tea before.
大家	dà jiā	everyone	pronoun	All the people in the relevant group.	大家都准备好了吗？	Is everyone ready?	谢谢大家的帮助。	Thank you all for your help.
别人	bié ren	other people	pronoun	People other than oneself or the people already specified.	不要打扰别人休息。	Do not disturb other people while they rest.	这是别人的杯子。	This cup belongs to someone else.
只要	zhǐ yào	as long as	conjunction	Introduces a sufficient condition for the following result.	只要有时间，我就去。	As long as I have time, I will go.	只要认真练习，就会进步。	As long as you practice carefully, you will improve.
出去	chū qù	to go out	verb	Moves from inside to outside away from the speaker or viewpoint.	我出去买点水果。	I am going out to buy some fruit.	孩子们出去玩了。	The children went out to play.
小时	xiǎo shí	hour	noun	A unit of time equal to sixty minutes.	坐车要两个小时。	The trip takes two hours by vehicle.	我每天学习一个小时。	I study for an hour every day.
有人	yǒu rén	someone; there is someone	expression	Indicates the presence or existence of a person.	外面有人敲门。	Someone is knocking outside.	这个座位有人吗？	Is this seat taken?
不能	bù néng	cannot; must not	modal verb	Indicates inability or that an action is not allowed.	我今天不能去。	I cannot go today.	这里不能停车。	Parking is not allowed here.
到底	dào dǐ	on earth; exactly	adverb	Emphasizes a question when asking for a definite answer.	你到底想买什么？	What exactly do you want to buy?	这把钥匙到底放在哪里了？	Where on earth was this key put?
真是	zhēn shì	really; indeed	adverb	Emphasizes the speaker's evaluation or reaction.	今天的天气真是好。	The weather is really nice today.	这件事真是太奇怪了。	This is really very strange.
没什么	méi shén me	it is nothing	expression	Downplays a problem or responds modestly to thanks.	没什么，我只是顺手帮忙。	It was nothing; I was just helping while I was there.	只是擦破了皮，没什么大问题。	It is just a scrape; there is no major problem.
女人	nǚ rén	woman	noun	An adult female person.	那位女人正在等公交车。	That woman is waiting for the bus.	照片里的女人是我妈妈。	The woman in the photo is my mother.
见到	jiàn dào	to see; to meet	verb	Succeeds in seeing or meeting a person.	很高兴见到你。	It is nice to see you.	我昨天见到老师了。	I saw the teacher yesterday.
分钟	fēn zhōng	minute	noun	A unit of time equal to sixty seconds.	请等五分钟。	Please wait five minutes.	离上课还有十分钟。	There are ten minutes left before class.
有些	yǒu xiē	some	determiner	Refers to a portion of a group or set.	有些学生已经回家了。	Some students have already gone home.	有些水果要放在冰箱里。	Some fruit needs to be kept in the refrigerator.
成为	chéng wéi	to become	verb	Changes into a new role or state.	她想成为一名老师。	She wants to become a teacher.	我们后来成为了朋友。	We later became friends.
今晚	jīn wǎn	tonight	time noun	The evening or night of the current day.	今晚一起吃饭吧。	Let us have dinner together tonight.	今晚我想早点睡。	I want to go to bed early tonight.
打电话	dǎ diàn huà	to make a phone call	verb phrase	Contacts someone by telephone.	我给妈妈打电话。	I am calling my mother.	有问题就给我打电话。	Call me if there is a problem.
回家	huí jiā	to go home	verb phrase	Returns to one's home.	我下班后就回家。	I go home as soon as I finish work.	你几点回家？	What time are you going home?
每个	měi ge	every; each	determiner	Refers individually to all members of a group.	每个孩子都有一本书。	Every child has a book.	请检查每个房间。	Please check every room.
原因	yuán yīn	reason; cause	noun	Something that explains why an event occurs or a decision is made.	你迟到的原因是什么？	What was the reason you were late?	我不知道他生气的原因。	I do not know why he is angry.
可是	kě shì	but; however	conjunction	Introduces a contrast with the preceding statement.	我想买，可是钱不够。	I want to buy it, but I do not have enough money.	天气很好，可是我得上班。	The weather is nice, but I have to work.
晚上	wǎn shang	evening; night	time noun	The part of the day after daylight ends.	我们晚上去散步。	We go for a walk in the evening.	晚上十点以后请保持安静。	Please keep quiet after ten at night.
谈谈	tán tan	to have a talk	verb	Discusses something for a short time in a relaxed way.	我们谈谈周末的计划吧。	Let us talk about our weekend plans.	我想和你谈谈。	I would like to have a talk with you.
从来	cóng lái	ever; always (often with a negative)	adverb	Refers to the whole period up to the time being discussed.	我从来没去过北京。	I have never been to Beijing.	他从来不迟到。	He is never late.
以后	yǐ hòu	after; later	time word	A time following an event or later than now.	吃饭以后我们去散步。	We will go for a walk after eating.	以后有空再聊。	Let us talk again later when we have time.
听说	tīng shuō	to hear that	verb	Learns information from what other people say.	听说附近开了新店。	I heard that a new shop opened nearby.	我听说你要搬家。	I heard that you are moving.
再见	zài jiàn	goodbye	interjection	A greeting used when parting.	老师，再见！	Goodbye, teacher!	我们在车站说了再见。	We said goodbye at the station.
好好	hǎo hǎo	properly; carefully	adverb	Indicates doing something thoroughly or with care.	今晚好好休息。	Get a proper rest tonight.	请好好听老师讲课。	Please listen carefully to the teacher.
办法	bàn fǎ	way; solution	noun	A practical means of handling a task or solving a problem.	我们一起想办法。	Let us think of a solution together.	你有更好的办法吗？	Do you have a better way?
不管	bù guǎn	no matter; regardless of	conjunction	Introduces something that does not affect the following result.	不管多忙，他都吃早饭。	No matter how busy he is, he eats breakfast.	不管下不下雨，我们都去。	We are going whether it rains or not.
回去	huí qu	to go back	verb	Returns to a previous place away from the speaker or viewpoint.	我明天回去。	I am going back tomorrow.	天黑了，我们回去吧。	It is dark; let us go back.
亲爱	qīn ài	dear; beloved	adjective	Expresses affection when addressing a person.	亲爱的妈妈，生日快乐！	Dear Mom, happy birthday!	亲爱的朋友，欢迎来我家。	Dear friend, welcome to my home.
身上	shēn shang	on one's body	location word	On or carried by a person's body.	他身上穿着一件蓝色外套。	He is wearing a blue coat.	我身上没有现金。	I do not have any cash on me.
保证	bǎo zhèng	to guarantee; to promise	verb	Gives a firm assurance that something is true or will be done.	我保证按时到。	I promise to arrive on time.	店员保证这双鞋是真皮的。	The shop assistant guarantees that these shoes are genuine leather.
消息	xiāo xi	news; message	noun	Information about an event or communicated to someone.	你收到我的消息了吗？	Did you receive my message?	我有一个好消息。	I have some good news.
怎样	zěn yàng	how	interrogative pronoun	Asks about the manner or method of doing something.	这个字怎样写？	How is this character written?	怎样去火车站最方便？	What is the most convenient way to get to the train station?
女孩	nǚ hái	girl	noun	A female child or young woman.	那个女孩正在画画。	That girl is drawing.	班里有十个女孩。	There are ten girls in the class.
看来	kàn lai	it seems; apparently	adverb	Introduces a conclusion based on what is observed.	看来今天不会下雨。	It seems that it will not rain today.	看来你已经准备好了。	It looks like you are ready.
下去	xià qù	to go down	verb	Moves downward away from the speaker or viewpoint.	我们从楼梯下去。	We go down by the stairs.	他拿着箱子下去了。	He went down carrying the box.
进来	jìn lái	to come in	verb	Moves from outside to inside toward the speaker or viewpoint.	门没锁，请进来。	The door is unlocked; please come in.	小猫从窗户进来了。	The kitten came in through the window.
真正	zhēn zhèng	genuine; real	adjective	Describes something that fully deserves its stated name or quality.	真正的朋友会互相帮助。	True friends help one another.	这才是真正的原因。	This is the real reason.
人们	rén men	people	noun	People considered as a group.	人们在公园里散步。	People are walking in the park.	下雨时，人们纷纷打开伞。	When it rained, people opened their umbrellas.
怎么办	zěn me bàn	what should be done	interrogative expression	Asks how to handle a problem or situation.	钥匙丢了，怎么办？	The keys are lost; what should we do?	错过末班车怎么办？	What should we do if we miss the last bus?
女士	nǚ shì	Ms.; madam; lady	noun	A polite form of address or reference for an adult woman.	李女士今天来开会。	Ms. Li is coming to the meeting today.	女士，请这边坐。	Madam, please sit over here.
整个	zhěng gè	whole; entire	determiner	Refers to all parts of something as one unit.	整个房间都很干净。	The whole room is very clean.	他整个下午都在看书。	He spent the entire afternoon reading.
听到	tīng dào	to hear	verb	Indicates that sound reaches one's hearing.	我听到有人敲门。	I heard someone knocking at the door.	你听到鸟叫了吗？	Did you hear the birds singing?
正在	zhèng zài	in the process of	adverb	Marks an action taking place at the time being discussed.	妈妈正在做饭。	Mom is cooking.	我正在等公交车。	I am waiting for the bus.
其实	qí shí	actually; in fact	adverb	Introduces what is really true, sometimes correcting an impression.	其实我也不太懂。	Actually, I do not really understand either.	这条路其实很近。	This route is actually very short.
第二	dì èr	second	ordinal number	Comes after the first in an ordered sequence.	她坐在第二排。	She is sitting in the second row.	这是我第二次来北京。	This is my second visit to Beijing.
进去	jìn qù	to go in	verb	Moves from outside to inside away from the speaker or viewpoint.	门开了，我们进去吧。	The door is open; let us go in.	他拿着书走了进去。	He went inside carrying a book.
打算	dǎ suàn	to plan; to intend	verb	Has an intention about a future action.	你周末打算做什么？	What are you planning to do this weekend?	我打算明天买菜。	I plan to buy groceries tomorrow.
别的	bié de	other	determiner	Refers to people or things other than those mentioned.	你还想买别的东西吗？	Do you want to buy anything else?	我们改天去别的地方吧。	Let us go somewhere else another day.
结果	jié guǒ	result; outcome	noun	What happens or is obtained after an action or process.	比赛的结果出来了。	The result of the match is out.	我在等检查结果。	I am waiting for the examination results.
之间	zhī jiān	between; among	location word	The space or relationship separating or connecting specified things.	书店在银行和学校之间。	The bookstore is between the bank and the school.	朋友之间要互相尊重。	Friends should respect one another.
刚刚	gāng gāng	just now	adverb	At a very recent time.	他刚刚出门。	He just went out.	我刚刚收到你的消息。	I just received your message.
除了	chú le	apart from; except for	preposition	Introduces something excluded from or added to a set, with the rest clarified by the sentence.	除了小王，大家都到了。	Everyone has arrived except Xiao Wang.	除了中文，她还会英语。	Besides Chinese, she also speaks English.
主意	zhǔ yi	idea; plan	noun	A thought about what to do or how to do it.	我有一个好主意。	I have a good idea.	这个主意是谁想出来的？	Who came up with this idea?
有点	yǒu diǎn	a little; somewhat	adverb	Indicates a slight degree, often of an unwelcome state.	这杯茶有点热。	This cup of tea is a little hot.	我今天有点累。	I am a little tired today.
那边	nà bian	over there	location word	The side or area indicated away from the speaker.	出口在那边。	The exit is over there.	我们去那边坐吧。	Let us sit over there.
感到	gǎn dào	to feel	verb	Experiences an emotion or physical sensation.	听到消息后，我感到很高兴。	I felt very happy after hearing the news.	他走了很久，感到有点累。	He felt a little tired after walking for a long time.
变成	biàn chéng	to become; to turn into	verb	Changes from one form or state into another.	水冷了会变成冰。	Water turns into ice when it gets cold enough.	小树慢慢变成了大树。	The small tree gradually became a large tree.
想到	xiǎng dào	to think of	verb	An idea, person, or possibility comes to mind.	我想到一个办法。	I thought of a solution.	看到这张照片，我想到了奶奶。	Seeing this photo made me think of Grandma.
最近	zuì jìn	recently; lately	time word	During a period close to the present.	你最近忙吗？	Have you been busy lately?	最近天气越来越冷。	The weather has been getting colder lately.
帮忙	bāng máng	to help; to lend a hand	verb	Assists someone with a task or difficulty.	请帮忙搬一下桌子。	Please help move the table.	谢谢你来帮忙。	Thank you for coming to help.
当时	dāng shí	at that time	time word	The time when the event being discussed took place.	当时我还在上学。	I was still in school at that time.	我当时没有带伞。	I did not have an umbrella with me then.
难道	nán dào	could it be that; surely...	adverb	Introduces a rhetorical question expressing surprise or disbelief.	难道你忘了今天是我的生日？	Have you really forgotten that today is my birthday?	这么冷，难道你不想穿外套？	It is so cold; do you not want to wear a coat?
样子	yàng zi	appearance; manner	noun	How someone or something looks or behaves.	这件衣服的样子很好看。	This item of clothing has a nice design.	她开心的样子让大家都笑了。	Her happy expression made everyone smile.
房间	fáng jiān	room	noun	An enclosed part of a building used for a particular purpose.	我的房间在二楼。	My room is on the second floor.	这个房间很安静。	This room is very quiet.
直到	zhí dào	until	preposition	Marks the endpoint up to which a situation continues.	我直到九点才回家。	I did not get home until nine.	她直到雨停才出门。	She did not go out until the rain stopped.
同意	tóng yì	to agree	verb	Accepts a suggestion, opinion, or request.	我同意你的看法。	I agree with your view.	妈妈同意我周末出去玩。	Mom agreed to let me go out this weekend.
真的	zhēn de	really; truly	adverb	Emphasizes that something is true or sincerely meant.	这汤真的很好喝。	This soup is really delicious.	你真的要搬家吗？	Are you really moving?
没关系	méi guān xi	it is all right; no problem	expression	Reassures someone that a mistake or inconvenience is not a problem.	没关系，你慢慢来。	It is all right; take your time.	来晚一点也没关系。	It is all right to come a little late.
讨厌	tǎo yàn	to dislike	verb	Finds someone or something unpleasant or bothersome.	我讨厌下雨天。	I dislike rainy days.	她讨厌别人乱动她的东西。	She dislikes people moving her things without permission.
玩笑	wán xiào	joke	noun	Something said or done for amusement rather than seriously.	这只是一个玩笑。	This is just a joke.	别拿别人的身体开玩笑。	Do not make jokes about other people's bodies.
而已	ér yǐ	that is all; merely	particle	Limits a statement to what has been said, downplaying its extent.	我只是累了而已。	I am just tired, that is all.	他只是在问路而已。	He is merely asking for directions.
房子	fáng zi	house; home	noun	A building or dwelling where people live.	这座房子有一个小院子。	This house has a small courtyard.	我们想租一间房子。	We would like to rent a home.
理解	lǐ jiě	to understand	verb	Grasps a meaning or appreciates another person's situation.	我理解你的担心。	I understand your concern.	这句话不难理解。	This sentence is not hard to understand.
不同	bù tóng	different	adjective	Describes things that are not the same.	我们喜欢不同的颜色。	We like different colors.	这两家店的价格不同。	The prices at these two shops differ.
开心	kāi xīn	happy; delighted	adjective	Feels cheerful or enjoys an experience.	今天我玩得很开心。	I had a great time today.	看到你我很开心。	I am happy to see you.
留下	liú xià	to leave behind; to keep	verb	Keeps something in a place instead of taking it away.	请留下你的电话号码。	Please leave your phone number.	这张照片我想留下。	I would like to keep this photo.
早上	zǎo shang	morning	time noun	The early part of the day.	我早上七点起床。	I get up at seven in the morning.	早上好，你吃饭了吗？	Good morning; have you eaten?
本来	běn lái	originally	adverb	Refers to the original intention or situation before a change.	我本来想坐公交车。	I originally planned to take the bus.	这里本来是一家书店。	This used to be a bookstore.
除非	chú fēi	unless	conjunction	Introduces the exceptional condition needed to change an outcome.	除非下大雨，否则我们照常出发。	We will leave as planned unless it rains heavily.	除非你有时间，不然不用来帮忙。	You do not need to come and help unless you have time.
不行	bù xíng	not possible; not acceptable	expression	Indicates that something cannot be done or is not allowed.	今天不行，明天可以。	Today will not work, but tomorrow will.	在马路上玩不行。	Playing in the road is not acceptable.
有趣	yǒu qù	interesting; amusing	adjective	Arouses interest or provides enjoyment.	这本书很有趣。	This book is very interesting.	你讲的故事真有趣。	Your story is really amusing.
其中	qí zhōng	among them	pronoun	Within or among the group already mentioned.	我们有三个人，其中一个是老师。	There are three of us, and one is a teacher.	我买了几种水果，其中两种没吃过。	I bought several kinds of fruit, including two I have never tried.
不好	bù hǎo	not good	adjective	Gives a negative evaluation of a condition or thing.	我今天心情不好。	I am in a bad mood today.	这条路不好走。	This road is difficult to walk along.
带来	dài lái	to bring	verb	Carries something toward a person or place.	请带来你的笔记本。	Please bring your notebook.	她给我们带来了一些水果。	She brought us some fruit.
可爱	kě ài	cute; lovable	adjective	Attracts affection through appearance or behavior.	这只小狗很可爱。	This puppy is very cute.	孩子笑起来很可爱。	The child looks adorable when smiling.
多久	duō jiǔ	how long	interrogative phrase	Asks about the length of a period of time.	你要在这里住多久？	How long will you stay here?	坐车到机场要多久？	How long does it take to get to the airport by vehicle?
家里	jiā lǐ	at home; in the home	location word	Inside one's home or within one's household.	家里还有牛奶吗？	Is there any milk left at home?	今天家里来了客人。	We have guests at home today.
终于	zhōng yú	finally; at last	adverb	Marks an outcome reached after waiting or effort.	雨终于停了。	The rain finally stopped.	我终于找到钥匙了。	I finally found my keys.
回到	huí dào	to return to	verb	Goes back to a specified place or state.	我们晚上回到酒店。	We return to the hotel in the evening.	他回到家后先洗手。	He washes his hands first after getting home.
想法	xiǎng fǎ	idea; opinion	noun	A thought, view, or intention in someone's mind.	我想听听你的想法。	I would like to hear your thoughts.	这个想法很有趣。	This idea is interesting.
小姐	xiǎo jie	Miss; young lady	noun	A polite form of address for a young woman in suitable contexts.	陈小姐在前台等你。	Miss Chen is waiting for you at reception.	小姐，请问出口在哪里？	Miss, may I ask where the exit is?
不再	bù zài	no longer	adverb	Indicates that a previous action or situation has stopped.	他不再住在这里。	He no longer lives here.	我决定不再熬夜。	I have decided to stop staying up late.
极了	jí le	extremely	degree complement	Follows an adjective to express a very high degree.	今天热极了。	It is extremely hot today.	孩子收到礼物，高兴极了。	The child was absolutely delighted to receive the gift.
进入	jìn rù	to enter	verb	Moves into a place or begins a new stage.	请排队进入教室。	Please line up to enter the classroom.	车子进入了停车场。	The car entered the parking lot.
或许	huò xǔ	perhaps; maybe	adverb	Indicates an uncertain possibility.	或许他明天会来。	Perhaps he will come tomorrow.	换一条路或许更快。	Taking another route might be faster.
不用	bù yòng	need not; no need to	modal verb	Indicates that an action is unnecessary.	你不用等我。	You do not need to wait for me.	今天不用上班。	There is no need to go to work today.
随便	suí biàn	as one wishes	adverb	Leaves a choice unrestricted or allows an action casually.	你可以随便坐。	You can sit wherever you like.	午饭随便吃点就行。	Just have whatever you like for lunch.
办公室	bàn gōng shì	office	noun	A room or workplace used for administrative or professional work.	老师在办公室。	The teacher is in the office.	我们的办公室在三楼。	Our office is on the third floor.
昨晚	zuó wǎn	last night	time noun	The evening or night before today.	昨晚我睡得很好。	I slept well last night.	你昨晚几点回家？	What time did you get home last night?
那种	nà zhǒng	that kind of	demonstrative phrase	Refers to a type of thing mentioned or indicated away from the speaker.	我没吃过那种水果。	I have never eaten that kind of fruit.	她不喜欢那种颜色。	She does not like that kind of color.
这边	zhè biān	over here; this side	location word	The side or area close to the speaker or indicated.	请往这边走。	Please come this way.	这边还有空座位。	There are still empty seats over here.
方法	fāng fǎ	method; way	noun	A way of doing something or achieving a result.	这个方法很简单。	This method is very simple.	你有什么学习方法？	What study methods do you use?
介意	jiè yì	to mind; to object	verb	Feels bothered by or objects to an action or situation.	你介意我开窗吗？	Do you mind if I open the window?	我不介意多等一会。	I do not mind waiting a little longer.
从没	cóng méi	never before	adverb	Indicates that an action has not occurred in the past.	我从没吃过这种菜。	I have never eaten this kind of dish.	他从没迟到过。	He has never been late.
看上去	kàn shang qu	to look; to appear	verb phrase	Gives an impression based on outward appearance.	你看上去有点累。	You look a little tired.	这块蛋糕看上去很好吃。	This cake looks delicious.
否则	fǒu zé	otherwise	conjunction	Introduces the result that will follow if the preceding condition is not met.	快走，否则会迟到。	Hurry, or you will be late.	先关窗，否则雨会飘进来。	Close the window first; otherwise rain will blow in.
建议	jiàn yì	suggestion; recommendation	noun	An idea offered to help someone decide or act.	谢谢你的建议。	Thank you for your suggestion.	你有什么好的建议吗？	Do you have any good suggestions?
不好意思	bù hǎo yì si	sorry; excuse me	expression	Politely expresses embarrassment or regret about inconveniencing someone.	不好意思，请让一下。	Excuse me, please let me through.	不好意思，我拿错杯子了。	Sorry, I took the wrong cup.
正常	zhèng cháng	normal	adjective	Conforms to the usual or expected state.	我的体温正常。	My temperature is normal.	今天公交车正常运行。	The buses are running normally today.
身边	shēn biān	beside someone; nearby	location word	The area near a person or the people close to them.	把水放在身边。	Keep the water beside you.	她身边有很多朋友。	She has many friends around her.
来自	lái zì	to come from	verb	Indicates a person's origin or a thing's source.	我来自中国。	I come from China.	这些苹果来自附近的果园。	These apples come from a nearby orchard.
到处	dào chù	everywhere	adverb	In many or all places within the area being discussed.	公园里到处都是花。	There are flowers everywhere in the park.	我到处找钥匙。	I looked everywhere for my keys.
差不多	chà bu duō	about; nearly	adverb	Indicates an approximate amount or near completion.	我们差不多走了一个小时。	We walked for about an hour.	饭差不多做好了。	The meal is almost ready.
那天	nà tiān	that day	time noun	The specific day previously mentioned or understood from context.	那天我们一起去公园。	We went to the park together that day.	那天下了很大的雨。	It rained heavily that day.
安排	ān pái	to arrange	verb	Plans the timing or details of an activity.	我们安排周六见面。	We arranged to meet on Saturday.	老师安排了小组活动。	The teacher arranged a group activity.
遇到	yù dào	to meet; to encounter	verb	Comes across a person, thing, or situation.	我在街上遇到同学。	I ran into a classmate on the street.	遇到问题可以问老师。	You can ask the teacher when you encounter a problem.
收到	shōu dào	to receive	verb	Gets something sent or given by another person.	我收到你的信了。	I received your letter.	她收到了一份生日礼物。	She received a birthday present.
年轻	nián qīng	young	adjective	Describes a person who has not reached an older age.	这位老师很年轻。	This teacher is very young.	爷爷年轻时喜欢游泳。	Grandpa liked swimming when he was young.
生气	shēng qì	to get angry	verb	Becomes angry or upset about something.	别生气，我不是故意的。	Do not be angry; I did not do it on purpose.	他因为迟到的事生气了。	He got angry about the lateness.
幸运	xìng yùn	lucky; fortunate	adjective	Has a favorable experience or outcome by chance.	我们很幸运，没有错过车。	We were lucky and did not miss the bus.	她很幸运，抽到了奖品。	She was lucky and won a prize in the draw.
父母	fù mǔ	parents	noun	A person's father and mother.	我的父母住在北京。	My parents live in Beijing.	周末我去看父母。	I visit my parents at the weekend.
全部	quán bù	all; the whole	pronoun	The complete set or amount without anything omitted.	这些书我全部看过。	I have read all of these books.	请把全部行李带走。	Please take all your luggage with you.
放松	fàng sōng	to relax	verb	Reduces physical tension or mental strain.	听音乐能让我放松。	Listening to music helps me relax.	周末我们去公园放松一下。	Let us go to the park to relax this weekend.
记住	jì zhu	to remember; to keep in mind	verb	Retains information so that it can be recalled later.	请记住这个地址。	Please remember this address.	我记住你的名字了。	I have remembered your name.
经常	jīng cháng	often	adverb	Indicates that an action happens regularly or frequently.	我经常在这里买菜。	I often buy groceries here.	她经常给父母打电话。	She often calls her parents.
约会	yuē huì	date	noun	A planned social meeting, especially between romantic partners.	今晚我有一个约会。	I have a date tonight.	他们第一次约会是在咖啡馆。	Their first date was at a cafe.
冷静	lěng jìng	calm	adjective	Remains composed and able to think clearly.	遇到问题先冷静一下。	Calm down first when you encounter a problem.	她说话很冷静。	She speaks very calmly.
坚持	jiān chí	to persist; to keep doing	verb	Continues an activity despite difficulty or the passage of time.	他坚持每天跑步。	He keeps running every day.	只要坚持练习，就会进步。	You will improve if you keep practicing.
哪个	nǎ ge	which	interrogative pronoun	Asks someone to identify one item among several.	你喜欢哪个颜色？	Which color do you like?	哪个杯子是你的？	Which cup is yours?
那时	nà shí	at that time	time word	The time previously mentioned or understood.	那时我只有十岁。	I was only ten at that time.	那时我们住在同一个小区。	We lived in the same residential community then.
做到	zuò dào	to manage to do; to achieve	verb	Successfully carries out an action or meets a requirement.	我会努力做到准时。	I will try to be on time.	你已经做到每天练习了。	You have already managed to practice every day.
同时	tóng shí	at the same time	adverb	Indicates that two events happen together in time.	他们同时到达车站。	They arrived at the station at the same time.	不要同时打开这两个开关。	Do not turn on these two switches at the same time.
星期	xīng qī	week	noun	A period of seven days; also used before a weekday number.	我在这里住了一个星期。	I stayed here for a week.	你星期几有空？	Which day of the week are you free?
剩下	shèng xià	to be left; to remain	verb	Continues to exist after the rest has been used or removed.	冰箱里只剩下一瓶牛奶。	There is only one bottle of milk left in the refrigerator.	剩下的饭留到晚上吃。	Save the remaining food for dinner.
见面	jiàn miàn	to meet	verb	People come together and see one another.	我们明天见面吧。	Let us meet tomorrow.	我和朋友在车站见面。	I meet my friend at the station.
足够	zú gòu	enough; sufficient	adjective	Meets the amount needed for a purpose.	这些钱足够买车票。	This money is enough to buy the ticket.	我们有足够的时间。	We have enough time.
值得	zhí de	to be worth	verb	Deserves the time, money, effort, or attention spent.	这本书值得一读。	This book is worth reading.	这家店值得再来。	This shop is worth visiting again.
男孩	nán hái	boy	noun	A male child or young person.	那个男孩正在踢球。	That boy is playing football.	班里有十二个男孩。	There are twelve boys in the class.
什么样	shén me yàng	what kind	interrogative phrase	Asks about the type, appearance, or characteristics of something.	你喜欢什么样的音乐？	What kind of music do you like?	你想买什么样的鞋？	What kind of shoes do you want to buy?
干什么	gàn shén me	to do what	interrogative phrase	Asks what action someone is performing or intends to perform.	你在干什么？	What are you doing?	周末我们干什么好？	What should we do this weekend?
就要	jiù yào	to be about to	adverb phrase	Indicates that an event is going to happen very soon.	火车就要进站了。	The train is about to pull into the station.	我们就要到家了。	We are nearly home.
正确	zhèng què	correct	adjective	Conforms to the facts, rules, or expected answer.	这个答案是正确的。	This answer is correct.	请用正确的方法洗手。	Please wash your hands properly.
日子	rì zi	day; days	noun	A calendar day or a period of everyday life.	我们选个日子去看奶奶。	Let us choose a day to visit Grandma.	有朋友陪伴的日子很开心。	Days spent with friends are happy.
只能	zhǐ néng	can only	modal verb	Limits someone to the one available or permitted action.	今天我只能待在家里。	Today I can only stay at home.	车满了，我们只能等下一班。	The vehicle is full, so we can only wait for the next one.
同样	tóng yàng	the same; equally	adjective	Shares the same property or condition as something else.	我们遇到了同样的问题。	We encountered the same problem.	这两本书同样有趣。	These two books are equally interesting.
认真	rèn zhēn	careful; earnest	adjective	Gives full attention and effort to a task.	她做作业很认真。	She does her homework carefully.	请认真听我说。	Please listen carefully to what I say.
医院	yī yuàn	hospital	noun	A place where people receive medical examination and treatment.	医院在学校旁边。	The hospital is next to the school.	他去医院看病。	He went to the hospital for treatment.
好运	hǎo yùn	good luck	noun	Favorable chance that brings a good result.	祝你好运！	Good luck to you!	他希望比赛时有好运。	He hopes to have good luck in the competition.
比如	bǐ rú	for example	conjunction	Introduces an example to illustrate a statement.	我喜欢水果，比如苹果和梨。	I like fruit, for example apples and pears.	你可以做些运动，比如游泳。	You can do some exercise, such as swimming.
来到	lái dào	to arrive at; to come to	verb	Reaches a place or comes into a situation.	欢迎来到我们学校。	Welcome to our school.	我们早上来到公园。	We arrived at the park in the morning.
答应	dā ying	to agree; to promise	verb	Accepts a request or gives a commitment to do something.	他答应明天来帮忙。	He promised to come and help tomorrow.	妈妈答应带我去公园。	Mom agreed to take me to the park.
加入	jiā rù	to join	verb	Becomes a member of a group or participates in an activity.	我想加入游泳队。	I would like to join the swimming team.	欢迎你加入我们。	You are welcome to join us.
有意思	yǒu yì si	interesting; enjoyable	adjective phrase	Arouses interest or provides amusement.	这个故事很有意思。	This story is interesting.	和你聊天很有意思。	Talking with you is enjoyable.
浪费	làng fèi	to waste	verb	Uses something without making good use of it.	不要浪费水。	Do not waste water.	把好好的食物扔掉太浪费了。	Throwing away perfectly good food is wasteful.
多么	duō me	how; so	adverb	Emphasizes a strong feeling about a degree or quality.	这只小猫多么可爱！	How cute this kitten is!	你看这里的花多么漂亮。	Look how beautiful the flowers are here.
不得不	bù dé bù	to have to	modal phrase	Must do something because there is no acceptable alternative.	下雨了，我们不得不回家。	It started raining, so we had to go home.	他不得不改坐下一班车。	He had to take the next vehicle instead.
小孩	xiǎo hái	child	noun	A young person who has not grown into an adult.	这个小孩很爱笑。	This child smiles a lot.	几个小孩在院子里玩。	Several children are playing in the courtyard.
大学	dà xué	university	noun	An institution of higher education.	她在北京上大学。	She goes to university in Beijing.	这所大学离我家很近。	This university is close to my home.
下午	xià wǔ	afternoon	time noun	The part of the day between noon and evening.	我们下午三点见。	Let us meet at three in the afternoon.	下午我去图书馆。	I am going to the library this afternoon.
晚安	wǎn ān	good night	interjection	A parting greeting used before going to sleep.	晚安，明天见。	Good night; see you tomorrow.	妈妈关灯前对我说晚安。	Mom said good night to me before turning off the light.
后来	hòu lái	later; afterwards	time word	A time after the event just mentioned.	后来我们成了邻居。	We later became neighbors.	雨很大，后来停了。	It was raining heavily, but it stopped later.
舒服	shū fu	comfortable	adjective	Feels physically pleasant or free from discomfort.	这张椅子很舒服。	This chair is very comfortable.	我今天有点不舒服。	I feel a little unwell today.
反正	fǎn zhèng	anyway	adverb	Indicates that the same conclusion holds regardless of the circumstances.	反正还有时间，我们慢慢走。	We still have time anyway, so let us walk slowly.	你来不来都行，反正我会去。	You can come or not; I will go anyway.
受伤	shòu shāng	to be injured	verb	Suffers damage to the body.	他踢球时受伤了。	He was injured while playing football.	这只鸟的翅膀受伤了。	This bird has an injured wing.
不然	bù rán	otherwise	conjunction	Introduces what will happen if the preceding advice or condition is not followed.	快点走，不然会迟到。	Walk faster, or you will be late.	带把伞，不然会淋湿。	Bring an umbrella, or you will get wet.
失望	shī wàng	disappointed	adjective	Feels let down when hopes or expectations are not met.	没买到票，我很失望。	I was disappointed that I could not get a ticket.	这个结果让她有点失望。	This result disappointed her a little.
各位	gè wèi	everyone; you all (polite)	pronoun	Politely addresses all the people in a group.	各位，请先坐下。	Everyone, please sit down first.	谢谢各位来参加活动。	Thank you all for coming to the event.
通知	tōng zhī	to notify	verb	Tells someone information they need to know.	请通知大家明天停水。	Please tell everyone that the water will be shut off tomorrow.	时间改了，我马上通知你。	I will notify you immediately if the time changes.
开玩笑	kāi wán xiào	to joke	verb phrase	Says or does something playfully rather than seriously.	我只是开玩笑。	I was only joking.	别拿这件事开玩笑。	Do not joke about this.
路上	lù shang	on the way; on the road	location word	Along the route being traveled or on a road.	我在路上买了水果。	I bought some fruit on the way.	路上小心，到了告诉我。	Take care on the way, and let me know when you arrive.
有时候	yǒu shí hou	sometimes	adverb	Indicates that something happens on some occasions.	我有时候坐地铁上班。	I sometimes take the subway to work.	有时候我会忘带钥匙。	Sometimes I forget to bring my keys.
意见	yì jiàn	opinion; suggestion	noun	A view or advice about a matter.	我想听听你的意见。	I would like to hear your opinion.	大家对这个计划有意见吗？	Does anyone have any comments on this plan?
答案	dá àn	answer	noun	A response that solves a question or problem.	请把答案写下来。	Please write down the answer.	我还不知道答案。	I still do not know the answer.
再说	zài shuō	to discuss later	expression	Postpones a decision or discussion until a later time.	这件事明天再说吧。	Let us discuss this tomorrow.	买不买以后再说。	We can decide later whether to buy it.
要是	yào shi	if	conjunction	Introduces a possible condition and its consequence.	要是下雨，我们就在家吃饭。	If it rains, we will eat at home.	要是你有空，就来坐坐。	If you have time, come over for a visit.
通常	tōng cháng	usually	adverb	Indicates what happens in most ordinary cases.	我通常七点起床。	I usually get up at seven.	这家店通常晚上九点关门。	This shop usually closes at nine in the evening.
合适	hé shì	suitable; appropriate	adjective	Fits a person, purpose, or situation well.	这个时间合适吗？	Is this time suitable?	这双鞋大小很合适。	These shoes fit very well.
活动	huó dòng	activity; event	noun	Something organized for people to take part in.	学校周末有活动。	The school has an event this weekend.	你想参加什么活动？	What activity would you like to take part in?
厉害	lì hai	very capable; impressive	adjective	Describes outstanding ability or strength.	你会说三种语言，真厉害。	You speak three languages; that is impressive.	她做饭很厉害。	She is very good at cooking.
放下	fàng xià	to put down	verb	Places something being held onto a surface.	请放下手里的杯子。	Please put down the cup in your hand.	他放下书，去开门。	He put down his book and went to open the door.
下次	xià cì	next time	time word	The occasion following the current or most recent one.	下次我们早点出发。	Let us leave earlier next time.	这次没空，下次再来。	I am busy this time; I will come again next time.
一边	yī biān	while; at the same time	adverb	Used in a repeated pattern for two actions performed together.	他一边走一边唱歌。	He sings as he walks.	妈妈一边做饭一边听音乐。	Mom listens to music while cooking.
不够	bù gòu	not enough	adjective phrase	Falls short of the amount or degree needed.	这些钱不够买票。	This money is not enough to buy a ticket.	汤不够热，再热一下吧。	The soup is not hot enough; heat it a little more.
不必	bù bì	need not	modal verb	Indicates that an action is unnecessary.	你不必这么早来。	You do not need to come this early.	这件事不必担心。	There is no need to worry about this.
飞机	fēi jī	airplane	noun	A powered aircraft used to travel through the air.	我第一次坐飞机。	This is my first time flying.	飞机下午两点起飞。	The plane takes off at two in the afternoon.
越来越	yuè lái yuè	more and more	adverb pattern	Indicates a degree that keeps increasing over time.	天气越来越暖和。	The weather is getting warmer and warmer.	她的中文说得越来越好。	Her spoken Chinese is getting better and better.
听见	tīng jiàn	to hear	verb	Successfully perceives a sound.	我听见有人叫我的名字。	I heard someone call my name.	声音太小，我没听见。	The sound was too quiet; I did not hear it.
提醒	tí xǐng	to remind	verb	Helps someone remember or pay attention to something.	请提醒我带钥匙。	Please remind me to bring my keys.	谢谢你提醒我。	Thank you for reminding me.
客气	kè qi	polite; courteous	adjective	Shows politeness, often in response to a favor.	不用这么客气。	There is no need to be so formal.	这位店员说话很客气。	This shop assistant speaks very politely.
正好	zhèng hǎo	just right; exactly	adverb	Indicates an exact fit or a convenient coincidence.	这双鞋正好合脚。	These shoes fit just right.	我正好要去超市，可以帮你买。	I happen to be going to the supermarket, so I can buy it for you.
手机	shǒu jī	mobile phone	noun	A portable telephone used for calls and other digital functions.	我的手机没电了。	My phone has run out of battery.	请把手机放进包里。	Please put your phone in your bag.
而是	ér shì	but rather	conjunction	Introduces the correct alternative after rejecting another with a negative.	这不是茶，而是咖啡。	This is coffee rather than tea.	我不是不想去，而是没时间。	It is not that I do not want to go; I do not have time.
恐怕	kǒng pà	I am afraid; probably	adverb	Expresses a likely outcome, often an unwelcome one.	我恐怕不能按时到。	I am afraid I cannot arrive on time.	现在出门恐怕会迟到。	We will probably be late if we leave now.
带走	dài zǒu	to take away	verb	Carries something away from its current place.	请把垃圾带走。	Please take the rubbish away.	这本书可以带走吗？	May I take this book with me?
随时	suí shí	at any time	adverb	At whatever time is needed or convenient.	有问题随时问我。	Ask me any time if you have a question.	你可以随时来取。	You can come and collect it at any time.
只不过	zhǐ bu guò	merely; only	adverb	Limits a statement and downplays its importance or extent.	我只不过问了一下。	I merely asked about it.	这只不过是一个小错误。	This is only a small mistake.
兴奋	xīng fèn	excited	adjective	Feels energetic and eager because of something anticipated or experienced.	想到明天去旅行，我很兴奋。	I feel excited about traveling tomorrow.	孩子们兴奋得睡不着。	The children were too excited to sleep.
老婆	lǎo pó	wife (informal)	noun	An informal conversational word for one's wife.	我老婆喜欢种花。	My wife likes growing flowers.	他和老婆一起去买菜。	He went grocery shopping with his wife.
恭喜	gōng xǐ	congratulations; to congratulate	verb	Expresses pleasure at another person's good news or achievement.	恭喜你通过考试！	Congratulations on passing the exam!	大家都来恭喜他。	Everyone came to congratulate him.
太太	tài tai	Mrs.; wife	noun	A respectful title for a married woman or a reference to someone's wife.	张太太住在楼上。	Mrs. Zhang lives upstairs.	他太太是一位老师。	His wife is a teacher.
节目	jié mù	program; show	noun	An entertainment broadcast or an item presented to an audience.	这个节目很好看。	This show is very enjoyable.	今晚有什么节目？	What programs are on tonight?
服务	fú wù	service	noun	Work done to help or meet the needs of customers or other people.	这家店的服务很好。	The service at this shop is good.	这里提供送货服务。	Delivery service is available here.
错过	cuò guò	to miss	verb	Fails to catch, attend, or make use of something.	我错过了末班车。	I missed the last bus.	别错过今天的比赛。	Do not miss today's match.
好事	hǎo shì	good thing; good deed	noun	An event or action with a favorable effect.	帮助邻居是一件好事。	Helping a neighbor is a good deed.	早点休息是好事。	Getting some rest early is a good thing.
顺便	shùn biàn	in passing; while one is at it	adverb	Does an additional task conveniently alongside another.	我去超市，顺便买点水果。	I am going to the supermarket and will buy some fruit while I am there.	路过书店时，我顺便进去看看。	I dropped into the bookstore for a look as I passed.
女朋友	nǚ péng you	girlfriend	noun	A female romantic partner.	他的女朋友喜欢看电影。	His girlfriend likes watching movies.	我和女朋友周末去爬山。	My girlfriend and I go hiking at the weekend.
接着	jiē zhe	then; next	adverb	Introduces the action that follows the previous one.	先洗手，接着吃饭。	Wash your hands first, then eat.	他喝完水，接着讲故事。	He finished his water and continued telling the story.
不少	bù shǎo	quite a few; a lot	quantity phrase	A relatively large number or amount.	今天来了不少客人。	Quite a few guests came today.	这次旅行花了不少钱。	This trip cost quite a lot of money.
拿走	ná zǒu	to take away	verb	Removes something by taking it from a place.	别拿走我的笔。	Do not take my pen away.	这些旧报纸可以拿走吗？	Can I take these old newspapers away?
多谢	duō xiè	many thanks	expression	Expresses appreciation, often more emphatically than a simple thanks.	多谢你来接我。	Many thanks for coming to pick me up.	多谢，今天麻烦你了。	Thank you very much; I appreciate your help today.
出发	chū fā	to set off	verb	Begins a journey.	我们明天八点出发。	We set off at eight tomorrow.	出发前请检查行李。	Please check your luggage before setting off.
叫做	jiào zuò	to be called	verb	Introduces the name of someone or something.	这种水果叫做火龙果。	This fruit is called dragon fruit.	这条河叫做长江。	This river is called the Yangtze.
放开	fàng kāi	to let go	verb	Stops holding onto a person or thing.	请放开我的手。	Please let go of my hand.	放开绳子，小船就会漂走。	If you let go of the rope, the boat will drift away.
喝酒	hē jiǔ	to drink alcohol	verb phrase	Consumes alcoholic drinks.	他不喜欢喝酒。	He does not like drinking alcohol.	喝酒以后不要开车。	Do not drive after drinking alcohol.
想起	xiǎng qǐ	to remember; to think of	verb	Recalls something that was not in one's mind a moment earlier.	我想起钥匙放在哪里了。	I remembered where I put the keys.	这首歌让我想起家乡。	This song reminds me of my hometown.
好几	hǎo jǐ	several; quite a few	quantity phrase	A number larger than a small few, followed by a measure word.	我等了好几分钟。	I waited for several minutes.	她买了好几本书。	She bought quite a few books.
上班	shàng bān	to go to work	verb	Attends one's workplace or starts working for the day.	我每天八点上班。	I start work at eight every day.	他坐地铁上班。	He takes the subway to work.
乐意	lè yì	to be willing; to be happy to	verb	Readily agrees to do something with a positive attitude.	我很乐意帮你。	I would be happy to help you.	她乐意和大家分享经验。	She is happy to share her experience with everyone.
男朋友	nán péng you	boyfriend	noun	A male romantic partner.	她的男朋友住在上海。	Her boyfriend lives in Shanghai.	我和男朋友一起做晚饭。	My boyfriend and I cook dinner together.
收拾	shōu shi	to tidy up; to pack	verb	Puts things in order or gathers them for use or departure.	请收拾一下桌子。	Please tidy the table.	我正在收拾行李。	I am packing my luggage.
加油	jiā yóu	keep going; come on	expression	Encourages someone to put in effort.	比赛时，大家为她喊加油。	Everyone shouted encouragement for her during the match.	加油，你一定能做到！	Keep going; you can do it!
停下	tíng xià	to stop	verb	Ceases moving or performing an action.	请停下车，让我下去。	Please stop the vehicle and let me out.	他停下脚步听了听。	He stopped walking and listened for a moment.
晚餐	wǎn cān	dinner	noun	The main meal eaten in the evening.	晚餐我们吃鱼和米饭。	We are having fish and rice for dinner.	你准备好晚餐了吗？	Have you prepared dinner?
慢慢	màn màn	slowly; gradually	adverb	At a low speed or changing by small steps over time.	别着急，慢慢吃。	Do not rush; eat slowly.	天慢慢亮了。	The sky gradually grew light.
每次	měi cì	every time	time phrase	On each occasion when something happens.	每次出门我都带伞。	I bring an umbrella every time I go out.	她每次来都带点水果。	She brings some fruit every time she visits.
派对	pài duì	party	noun	An informal social gathering for celebration or enjoyment.	周六我们有一个派对。	We are having a party on Saturday.	你想来参加生日派对吗？	Would you like to come to the birthday party?
心里	xīn li	in one's mind; in one's heart	location word	Within someone's thoughts or feelings.	我心里有一个问题。	I have a question on my mind.	收到你的信，我心里很高兴。	I felt very happy to receive your letter.
单独	dān dú	alone; separately	adverb	Without other people or apart from other things.	我想和你单独谈谈。	I would like to talk with you privately.	这些杯子要单独洗。	These cups need to be washed separately.
好人	hǎo rén	good person	noun	A person who is kind and treats others well.	她总帮邻居，是个好人。	She always helps her neighbors; she is a good person.	谢谢你，你真是个好人。	Thank you; you are a very kind person.
故意	gù yì	on purpose	adverb	With an intention to do the action, rather than by accident.	对不起，我不是故意的。	Sorry, I did not do it on purpose.	他故意放慢脚步等我。	He deliberately slowed down to wait for me.
惊喜	jīng xǐ	pleasant surprise	noun	Unexpected good news or a happy unexpected event.	这份礼物给了我一个惊喜。	This gift was a pleasant surprise.	生日那天，朋友们准备了惊喜。	My friends prepared a surprise for my birthday.
上次	shàng cì	last time	time word	The occasion immediately before the current one.	上次我们在这里见面。	We met here last time.	你上次借的书还了吗？	Have you returned the book you borrowed last time?
交给	jiāo gěi	to hand over to	verb	Gives something to another person to hold or handle.	请把钥匙交给我。	Please hand the keys to me.	我把作业交给老师了。	I handed my homework to the teacher.
生日	shēng rì	birthday	noun	The yearly anniversary of someone's birth.	今天是妈妈的生日。	Today is Mom's birthday.	祝你生日快乐！	Happy birthday to you!
许多	xǔ duō	many; much	determiner	A large number or amount.	公园里有许多树。	There are many trees in the park.	她交了许多新朋友。	She has made many new friends.
不许	bù xǔ	must not; not allowed	modal verb	Forbids an action.	这里不许吸烟。	Smoking is not allowed here.	不许把垃圾扔在地上。	Do not throw rubbish on the ground.
尽快	jǐn kuài	as soon as possible	adverb	With the least possible delay.	请尽快给我回电话。	Please call me back as soon as possible.	我们会尽快把东西送到。	We will deliver the items as soon as possible.
无聊	wú liáo	bored; boring	adjective	Lacks interest or has nothing engaging to do.	一直待在家里很无聊。	Staying at home all the time is boring.	我有点无聊，想出去走走。	I am a little bored and want to go out for a walk.
期待	qī dài	to look forward to	verb	Anticipates something with hope or pleasure.	我很期待周末的旅行。	I am really looking forward to the weekend trip.	孩子们期待着新年。	The children are looking forward to the New Year.
学生	xué sheng	student	noun	A person who studies at a school or other educational institution.	我是这所学校的学生。	I am a student at this school.	学生们正在上课。	The students are in class.
开车	kāi chē	to drive	verb	Operates a car or other motor vehicle.	我不会开车。	I cannot drive.	他每天开车去上班。	He drives to work every day.
说实话	shuō shí huà	to tell the truth; honestly	expression	Introduces a sincere or candid statement.	说实话，我有点紧张。	To tell the truth, I am a little nervous.	说实话，这件衣服不太合身。	Honestly, this item of clothing does not fit very well.
出生	chū shēng	to be born	verb	Comes into the world at birth.	我出生在北京。	I was born in Beijing.	妹妹去年出生。	My younger sister was born last year.
老实	lǎo shi	honest; well behaved	adjective	Behaves sincerely and without deceit or disruption.	他是个老实的人。	He is an honest person.	这个孩子很老实，从不乱跑。	This child is well behaved and never runs around recklessly.
电脑	diàn nǎo	computer	noun	An electronic device used to process information and run programs.	我的电脑在桌上。	My computer is on the table.	她用电脑写文章。	She uses a computer to write articles.
手里	shǒu lǐ	in one's hand	location word	Held in a person's hand.	他手里拿着一本书。	He is holding a book in his hand.	你手里是什么？	What is in your hand?
伤心	shāng xīn	sad; heartbroken	adjective	Feels deeply unhappy because of loss, disappointment, or hurt.	小猫走丢了，她很伤心。	She was very sad because her kitten was lost.	听到这个消息，我很伤心。	I was very sad to hear this news.
取消	qǔ xiāo	to cancel	verb	Stops a planned event or arrangement from taking place.	因为下雨，比赛取消了。	The match was canceled because of the rain.	我想取消明天的预约。	I would like to cancel tomorrow's appointment.
难过	nán guò	sad; upset	adjective	Feels unhappy or distressed about something.	朋友搬走了，我很难过。	I feel sad that my friend has moved away.	别难过，我们还会见面。	Do not be sad; we will meet again.
跳舞	tiào wǔ	to dance	verb phrase	Moves the body to music, usually in a rhythmic way.	她喜欢跳舞。	She likes dancing.	爷爷奶奶在广场上跳舞。	Grandpa and Grandma are dancing in the square.
接到	jiē dào	to receive	verb	Gets a call, message, or item delivered to oneself.	我接到妈妈的电话。	I received a call from Mom.	你接到通知了吗？	Have you received the notice?
碰到	pèng dào	to run into; to encounter	verb	Meets a person or encounters something, often unexpectedly.	我在超市碰到邻居。	I ran into a neighbor at the supermarket.	碰到问题先别着急。	Do not panic when you encounter a problem.
心情	xīn qíng	mood	noun	A person's emotional state at a particular time.	今天我的心情很好。	I am in a good mood today.	听音乐能让心情变好。	Listening to music can improve your mood.
全都	quán dōu	all; every one	adverb	Indicates that every member of a set is included.	这些书我全都看过。	I have read every one of these books.	大家全都到齐了。	Everyone has arrived.
十分	shí fēn	very; extremely	adverb	Indicates a high degree of a quality or feeling.	我十分感谢你的帮助。	I am very grateful for your help.	这里的风景十分漂亮。	The scenery here is extremely beautiful.
回头	huí tóu	to turn one's head	verb	Turns the head to look behind or to the side.	听到声音，他回头看了看。	He turned his head to look when he heard the sound.	她回头向我挥手。	She turned and waved to me.
地点	dì diǎn	place; location	noun	The specific place where something is or happens.	请告诉我见面的地点。	Please tell me where we are meeting.	活动地点改到学校了。	The event venue has changed to the school.
免费	miǎn fèi	free of charge	adjective	Requires no payment.	这个公园免费开放。	This park is open free of charge.	这里可以免费停车。	You can park here for free.
屋子	wū zi	room; house	noun	A room or building used as an indoor living space.	屋子里有点冷。	It is a little cold in the room.	请把屋子打扫干净。	Please clean the room.
晚饭	wǎn fàn	dinner; evening meal	noun	Food eaten as the evening meal.	晚饭你想吃什么？	What would you like for dinner?	妈妈正在做晚饭。	Mom is making dinner.
今年	jīn nián	this year	time noun	The current calendar year.	今年我想学游泳。	I want to learn to swim this year.	今年冬天很冷。	This winter is very cold.
有的	yǒu de	some	pronoun	Refers to certain members of a group, often contrasted with others.	有的学生坐车，有的走路。	Some students travel by vehicle, and some walk.	这些苹果有的甜，有的酸。	Some of these apples are sweet, and some are sour.
好多	hǎo duō	many; a lot	quantity phrase	A large number or amount in informal speech.	今天来了好多人。	A lot of people came today.	我还有好多事情要做。	I still have a lot of things to do.
同事	tóng shì	colleague; coworker	noun	A person who works with oneself.	我的同事很友好。	My coworkers are very friendly.	午饭我和同事一起吃。	I have lunch with my coworkers.
地上	dì shang	on the ground; on the floor	location word	On the surface beneath people's feet.	地上有一把钥匙。	There is a key on the ground.	别把衣服放在地上。	Do not put your clothes on the floor.
午饭	wǔ fàn	lunch	noun	The meal eaten around the middle of the day.	午饭我们吃面条。	We are having noodles for lunch.	你吃午饭了吗？	Have you had lunch?
街上	jiē shang	on the street	location word	In the outdoor area along a street.	街上有很多人。	There are many people on the street.	我在街上遇到老师。	I met my teacher on the street.
吃惊	chī jīng	surprised; startled	adjective	Reacts with surprise to something unexpected.	听到这个价格，我很吃惊。	I was surprised to hear this price.	她突然出现，让我吃惊。	I was startled when she suddenly appeared.
广告	guǎng gào	advertisement	noun	A public message promoting a product, service, or idea.	这条广告很有趣。	This advertisement is interesting.	公交车上有很多广告。	There are many advertisements on the bus.
好看	hǎo kàn	nice looking; enjoyable to watch	adjective	Pleasant to look at or enjoyable as visual entertainment.	这件外套很好看。	This coat looks very nice.	这部电影真好看。	This movie is really enjoyable.
大约	dà yuē	about; approximately	adverb	Indicates an estimated quantity or time.	走路大约要十分钟。	It takes about ten minutes on foot.	屋子里大约有二十个人。	There are about twenty people in the room.
空气	kōng qì	air	noun	The mixture of gases around us that we breathe.	山里的空气很新鲜。	The air in the mountains is very fresh.	打开窗户，让空气流通。	Open the window to let the air circulate.
好玩	hǎo wán	fun; enjoyable	adjective	Provides amusement or enjoyment.	这个游戏很好玩。	This game is fun.	公园里有什么好玩的？	What fun things are there to do in the park?
分享	fēn xiǎng	to share	verb	Lets others enjoy or use something one has or knows.	我想和你分享这个好消息。	I would like to share this good news with you.	她把旅行照片分享给朋友。	She shared her travel photos with friends.
婚礼	hūn lǐ	wedding	noun	A ceremony celebrating a marriage.	我们周末去参加婚礼。	We are attending a wedding this weekend.	他们的婚礼在海边举行。	Their wedding takes place by the sea.
午餐	wǔ cān	lunch	noun	The meal eaten around midday, often in a more formal or written register.	酒店提供午餐。	The hotel serves lunch.	今天的午餐有鱼和蔬菜。	Today's lunch includes fish and vegetables.
上周	shàng zhōu	last week	time noun	The week immediately before the current one.	上周我们去爬山了。	We went hiking last week.	她上周刚搬来。	She moved here just last week.
酒店	jiǔ diàn	hotel	noun	A business providing rooms for travelers to stay in.	我们住在车站附近的酒店。	We are staying at a hotel near the station.	这家酒店有早餐吗？	Does this hotel serve breakfast?
赶紧	gǎn jǐn	quickly; without delay	adverb	Urges or describes acting promptly.	快下雨了，赶紧回家。	It is about to rain; hurry home.	车来了，我们赶紧上车。	The vehicle arrived, and we quickly got on.
整天	zhěng tiān	all day	time phrase	Throughout the whole day.	他整天都在家里。	He was at home all day.	别整天看手机。	Do not look at your phone all day.
清理	qīng lǐ	to clean up; to clear away	verb	Removes unwanted material or puts an area in order.	我们周末清理厨房。	We clean up the kitchen at the weekend.	请清理桌上的旧报纸。	Please clear away the old newspapers on the table.
大街	dà jiē	main street; street	noun	A broad or busy street in a town or city.	大街两边有很多商店。	There are many shops on both sides of the street.	春节的大街很热闹。	The streets are lively during the Spring Festival.
停车	tíng chē	to park; to stop a vehicle	verb	Stops a vehicle, especially to leave it in a place.	这里不能停车。	You cannot park here.	请在前面停车。	Please stop up ahead.
接下来	jiē xià lái	next; from now on	time phrase	The period or step following what has just happened.	接下来我们做什么？	What shall we do next?	接下来请听一首歌。	Next, please listen to a song.
巧克力	qiǎo kè lì	chocolate	noun	A sweet food made from cocoa.	我想买一块巧克力。	I would like to buy a piece of chocolate.	这块蛋糕里有巧克力。	This cake contains chocolate.
旅馆	lǚ guǎn	inn; hotel	noun	A place that provides paid accommodation for travelers.	这家旅馆很安静。	This inn is very quiet.	我们在旅馆住了两晚。	We stayed at the inn for two nights.
上学	shàng xué	to go to school	verb phrase	Attends school as a student.	妹妹每天走路上学。	My younger sister walks to school every day.	明天还要上学，早点睡。	You have school tomorrow, so go to bed early.
早餐	zǎo cān	breakfast	noun	The first meal of the day.	我早餐吃面包和鸡蛋。	I have bread and eggs for breakfast.	酒店的早餐几点开始？	What time does breakfast start at the hotel?
小时候	xiǎo shí hou	when one was a child	time phrase	The childhood period of a person's life.	我小时候喜欢画画。	I liked drawing when I was a child.	她小时候住在乡下。	She lived in the countryside as a child.
干活	gàn huó	to work; to do tasks	verb phrase	Performs practical or physical work.	他在院子里干活。	He is working in the courtyard.	先吃饭，再干活。	Eat first, then get to work.
送给	sòng gěi	to give as a gift	verb	Gives something to a specified recipient.	这本书送给你。	This book is for you.	我送给妈妈一束花。	I gave Mom a bunch of flowers.
开门	kāi mén	to open the door	verb phrase	Moves a door so that someone can enter or leave.	请帮我开门。	Please open the door for me.	有人敲门，我去开门。	Someone is knocking; I will open the door.
话题	huà tí	topic of conversation	noun	A subject being discussed.	我们换个话题吧。	Let us change the subject.	旅行是大家喜欢的话题。	Travel is a topic everyone enjoys.
留言	liú yán	to leave a message	verb	Records or writes a message for someone to read or hear later.	他不在，你可以留言。	He is not here; you can leave a message.	请在这里留言。	Please leave a message here.
司机	sī jī	driver	noun	A person who drives a vehicle.	请问司机，这车到车站吗？	Ask the driver whether this vehicle goes to the station.	司机把车停在路边。	The driver parked the vehicle at the roadside.
机场	jī chǎng	airport	noun	A place where aircraft arrive and depart and passengers board.	机场离市区很远。	The airport is far from the city center.	我们去机场接朋友。	We are going to the airport to pick up a friend.
干杯	gān bēi	cheers	interjection	A toast said when raising a drink together.	为我们的友谊干杯！	Cheers to our friendship!	大家举起杯子说干杯。	Everyone raised their glasses and said cheers.
现金	xiàn jīn	cash	noun	Money in the form of notes or coins.	你带现金了吗？	Did you bring any cash?	这家小店只收现金。	This small shop only accepts cash.
好吃	hǎo chī	delicious; tasty	adjective	Tastes pleasant when eaten.	妈妈做的菜很好吃。	Mom's cooking is delicious.	这个苹果又甜又好吃。	This apple is sweet and tasty.
方便	fāng biàn	convenient	adjective	Easy or practical to use, do, or reach.	住在这里买菜很方便。	Living here makes grocery shopping convenient.	你明天方便见面吗？	Would meeting tomorrow be convenient for you?
女生	nǚ shēng	female student; girl	noun	A girl or young woman, especially a student.	我们班有十五个女生。	There are fifteen girls in our class.	那个女生是新同学。	That girl is a new classmate.
好笑	hǎo xiào	funny; amusing	adjective	Makes people want to laugh.	这个故事很好笑。	This story is funny.	他的表情有点好笑。	His expression is a little amusing.
年级	nián jí	school grade; year	noun	A level or year of study in school.	你上几年级？	What grade are you in?	妹妹今年上三年级。	My younger sister is in third grade this year.
好久	hǎo jiǔ	a long time	time phrase	A relatively long period of time.	我们好久没见面了。	We have not seen each other for a long time.	我找了好久才找到钥匙。	I looked for a long time before finding the keys.
请问	qǐng wèn	excuse me; may I ask	expression	Politely introduces a question.	请问，地铁站在哪里？	Excuse me, where is the subway station?	请问，这个多少钱？	May I ask how much this costs?
没事	méi shì	it is all right; nothing is wrong	expression	Reassures someone that there is no problem or harm.	别担心，我没事。	Do not worry; I am all right.	杯子没摔坏，没事。	The cup did not break; it is all right.
关掉	guān diào	to turn off	verb	Stops a device, light, or supply by operating its control.	请关掉电视。	Please turn off the television.	睡觉前关掉灯。	Turn off the lights before sleeping.
奶奶	nǎi nai	grandmother (father's mother)	noun	The mother of one's father, or an affectionate address for an elderly woman.	我奶奶住在乡下。	My paternal grandmother lives in the countryside.	周末我们去看奶奶。	We visit Grandma at the weekend.
面包	miàn bāo	bread	noun	A food usually made by baking a flour dough.	早餐我吃了两片面包。	I ate two slices of bread for breakfast.	这家店的面包很香。	The bread at this shop smells lovely.
在家	zài jiā	at home	verb phrase	Is present in one's home.	今天我在家休息。	I am resting at home today.	你爸爸现在在家吗？	Is your father at home now?
楼上	lóu shàng	upstairs	location word	On a floor higher than the one being discussed.	我的房间在楼上。	My room is upstairs.	楼上有人在弹琴。	Someone upstairs is playing an instrument.
礼貌	lǐ mào	politeness; manners	noun	Respectful behavior and speech toward others.	对别人说话要有礼貌。	You should speak politely to others.	这孩子很有礼貌。	This child has very good manners.
提前	tí qián	ahead of time; in advance	adverb	Earlier than a planned or expected time.	请提前十分钟到。	Please arrive ten minutes early.	买票最好提前预约。	It is best to reserve tickets in advance.
玩具	wán jù	toy	noun	An object children use for play.	孩子把玩具放进箱子。	The child put the toys in the box.	这是妹妹最喜欢的玩具。	This is my younger sister's favorite toy.
左边	zuǒ bian	left side	location word	The side toward the left from the relevant viewpoint.	书店在银行左边。	The bookstore is to the left of the bank.	请从左边进去。	Please enter from the left side.
地板	dì bǎn	floor	noun	The surface forming the bottom of a room.	地板有点滑。	The floor is a little slippery.	请把地板擦干净。	Please wipe the floor clean.
有空	yǒu kòng	to have free time	verb phrase	Has time available without other commitments.	你周末有空吗？	Are you free this weekend?	有空来我家坐坐。	Come over for a visit when you have time.
门口	mén kǒu	doorway; entrance	location noun	The area at or immediately outside a door or entrance.	我在门口等你。	I am waiting for you at the entrance.	门口放着一把伞。	There is an umbrella by the door.
楼下	lóu xià	downstairs	location word	On a lower floor or at ground level below a building.	楼下有一家便利店。	There is a convenience store downstairs.	我去楼下拿快递。	I am going downstairs to collect a delivery.
饮料	yǐn liào	drink; beverage	noun	A liquid intended for drinking.	你想喝什么饮料？	What would you like to drink?	这瓶饮料太甜了。	This drink is too sweet.
每年	měi nián	every year	time phrase	On an annual basis.	我们每年都去看爷爷。	We visit Grandpa every year.	学校每年举办运动会。	The school holds a sports day every year.
下班	xià bān	to finish work	verb	Ends one's working period for the day.	我今天六点下班。	I finish work at six today.	下班后我们去吃饭。	Let us go for a meal after work.
行李	xíng li	luggage	noun	Bags and belongings carried when traveling.	我的行李有点重。	My luggage is a little heavy.	请看好自己的行李。	Please keep an eye on your luggage.
便宜	pián yi	cheap; inexpensive	adjective	Costs relatively little money.	这家店的水果很便宜。	The fruit at this shop is inexpensive.	这件衣服比那件便宜。	This item of clothing is cheaper than that one.
网上	wǎng shàng	online; on the internet	location word	In the internet environment.	我在网上买了一本书。	I bought a book online.	网上可以查到地图。	You can find maps online.
生病	shēng bìng	to be ill	verb	Has an illness.	他生病了，今天没来。	He is ill and did not come today.	生病时要好好休息。	Get a good rest when you are ill.
三明治	sān míng zhì	sandwich	noun	A food consisting of a filling placed between pieces of bread.	午饭我吃了一个三明治。	I had a sandwich for lunch.	这个三明治里有鸡蛋。	This sandwich contains egg.
钱包	qián bāo	wallet	noun	A small case for carrying money and cards.	我的钱包在哪里？	Where is my wallet?	他把钱包放进了口袋。	He put his wallet in his pocket.
戒指	jiè zhi	ring	noun	A small circular ornament worn on a finger.	她戴着一枚银戒指。	She is wearing a silver ring.	这个戒指有点大。	This ring is a little too large.
洗手间	xǐ shǒu jiān	restroom; toilet	noun	A room containing a toilet and facilities for washing hands.	请问洗手间在哪里？	Excuse me, where is the restroom?	洗手间在走廊尽头。	The restroom is at the end of the corridor.
火车	huǒ chē	train	noun	A railway vehicle made up of connected cars.	我们坐火车去上海。	We are going to Shanghai by train.	火车十点出发。	The train leaves at ten.
同学	tóng xué	classmate	noun	A person who studies in the same class or school.	她是我的同学。	She is my classmate.	同学们一起做作业。	The classmates are doing homework together.
商量	shāng liang	to discuss; to consult	verb	Talks with someone to reach a decision.	我们商量一下去哪吃饭。	Let us discuss where to eat.	这件事先和家人商量。	Discuss this with your family first.
睡着	shuì zháo	to fall asleep	verb	Enters the state of sleep.	孩子已经睡着了。	The child has already fallen asleep.	我看书时睡着了。	I fell asleep while reading.
常常	cháng cháng	often	adverb	Indicates that something happens frequently.	他常常在公园跑步。	He often runs in the park.	我常常忘记带伞。	I often forget to bring an umbrella.
餐馆	cān guǎn	restaurant	noun	A business where customers pay for prepared meals.	附近有一家小餐馆。	There is a small restaurant nearby.	这家餐馆的鱼很好吃。	The fish at this restaurant is delicious.
沙发	shā fā	sofa	noun	A padded seat designed for more than one person.	请坐在沙发上。	Please sit on the sofa.	猫在沙发上睡觉。	The cat is sleeping on the sofa.
右边	yòu bian	right side	location word	The side toward the right from the relevant viewpoint.	出口在右边。	The exit is on the right.	我右边坐着一位老师。	A teacher is sitting to my right.
每周	měi zhōu	every week	time phrase	On a weekly basis.	我每周去游泳两次。	I go swimming twice a week.	她每周给奶奶打电话。	She calls Grandma every week.
密码	mì mǎ	password; passcode	noun	A secret set of characters or numbers used to obtain access.	我忘了手机密码。	I forgot my phone passcode.	不要把密码告诉别人。	Do not tell others your password.
起床	qǐ chuáng	to get up	verb phrase	Leaves one's bed after sleeping.	我每天七点起床。	I get up at seven every day.	明天要早起床。	We need to get up early tomorrow.
保重	bǎo zhòng	to take care of oneself	verb	Looks after one's health, often said as a parting wish.	路上保重，到了给我电话。	Take care on the journey, and call me when you arrive.	天气冷了，请多保重。	It is getting cold; please take good care of yourself.
美味	měi wèi	delicious	adjective	Has a pleasing and enjoyable taste.	这顿晚餐很美味。	This dinner is delicious.	妈妈做了美味的蛋糕。	Mom made a delicious cake.
通话	tōng huà	to talk by telephone	verb	Has a conversation using a telephone or similar connection.	我们昨晚通话了十分钟。	We talked on the phone for ten minutes last night.	开车时不要通话。	Do not talk on the phone while driving.
饼干	bǐng gān	biscuit; cookie	noun	A small baked food, usually crisp and often sweet.	我想吃两块饼干。	I would like two biscuits.	这包饼干有点甜。	These biscuits are a little sweet.
老公	lǎo gōng	husband (informal)	noun	An informal conversational word for one's husband.	我老公今天做晚饭。	My husband is making dinner today.	她和老公一起去旅行。	She went traveling with her husband.
顾客	gù kè	customer	noun	A person who buys or seeks goods or services from a business.	店里有很多顾客。	There are many customers in the shop.	店员正在帮助顾客。	The shop assistant is helping a customer.
地图	dì tú	map	noun	A drawing or digital display showing places and routes.	我在地图上找到了学校。	I found the school on the map.	请给我一张城市地图。	Please give me a city map.
明早	míng zǎo	tomorrow morning	time noun	The morning of the day after today.	明早我们八点出发。	We leave at eight tomorrow morning.	我明早给你打电话。	I will call you tomorrow morning.
外套	wài tào	coat; outer jacket	noun	Clothing worn over other clothes for warmth or protection.	天冷了，穿上外套。	It is cold; put on your coat.	我的外套挂在门后。	My coat is hanging behind the door.
偶尔	ǒu ěr	occasionally	adverb	Happens sometimes but not often.	我偶尔喝咖啡。	I occasionally drink coffee.	她偶尔坐公交车上班。	She occasionally takes the bus to work.
浴室	yù shì	bathroom	noun	A room equipped for bathing or showering.	浴室里有热水吗？	Is there hot water in the bathroom?	浴室的地板很滑。	The bathroom floor is very slippery.
购物	gòu wù	to shop	verb	Buys goods from shops or other sellers.	周末我们去购物。	We go shopping at the weekend.	她喜欢在网上购物。	She likes shopping online.
冰箱	bīng xiāng	refrigerator	noun	An appliance that keeps food and drinks cold.	牛奶在冰箱里。	The milk is in the refrigerator.	请把水果放进冰箱。	Please put the fruit in the refrigerator.
停车场	tíng chē chǎng	parking lot	noun	An area where vehicles can be parked.	停车场在楼后面。	The parking lot is behind the building.	这个停车场还有空位。	There are still spaces in this parking lot.
宝宝	bǎo bao	baby (affectionate)	noun	An affectionate word for a baby or very young child.	宝宝正在睡觉。	The baby is sleeping.	这个宝宝笑起来很可爱。	This baby looks adorable when smiling.
发型	fà xíng	hairstyle	noun	The way a person's hair is cut or arranged.	我想换个发型。	I would like to change my hairstyle.	你的新发型很好看。	Your new hairstyle looks nice.
关上	guān shàng	to close; to shut	verb	Moves a door, window, or similar opening into a closed position.	请关上窗户。	Please close the window.	出门时记得关上门。	Remember to close the door when you go out.
出门	chū mén	to go out	verb phrase	Leaves one's home or another building.	出门前记得带钥匙。	Remember to bring your keys before going out.	她刚出门买菜去了。	She just went out to buy groceries.
平时	píng shí	usually; in everyday life	time word	At ordinary times rather than on a special occasion.	你平时几点起床？	What time do you usually get up?	我平时很少喝咖啡。	I rarely drink coffee in everyday life.
上课	shàng kè	to attend class; to teach class	verb phrase	Takes part in a lesson as a learner or teacher.	我们九点开始上课。	We start class at nine.	上课时请关掉手机声音。	Please silence your phone during class.
出租车	chū zū chē	taxi	noun	A car with a driver hired to carry passengers for a fare.	我们坐出租车去机场。	We are taking a taxi to the airport.	门口有一辆出租车。	There is a taxi at the entrance.
电梯	diàn tī	elevator; lift	noun	A machine that carries people between floors in a building.	我们坐电梯上楼。	We take the elevator upstairs.	电梯今天不能用。	The elevator cannot be used today.
晚点	wǎn diǎn	a little later	time phrase	At a time later than the current or initially suggested time.	我晚点给你打电话。	I will call you a little later.	我们晚点再出门吧。	Let us go out a little later.
对面	duì miàn	opposite; across from	location word	The side directly facing a specified place or person.	银行在学校对面。	The bank is across from the school.	她坐在我对面。	She is sitting opposite me.
慢慢来	màn màn lái	take your time	expression	Encourages someone to proceed without rushing.	别着急，慢慢来。	Do not worry; take your time.	这个动作先慢慢来。	Do this movement slowly at first.
袋子	dài zi	bag	noun	A flexible container used to carry or hold things.	请给我一个袋子。	Please give me a bag.	袋子里装着苹果。	There are apples in the bag.
度假	dù jià	to go on vacation	verb	Spends a holiday away from normal work or duties.	我们夏天去海边度假。	We go to the seaside for a vacation in summer.	她正在外地度假。	She is on vacation away from home.
当心	dāng xīn	be careful; to take care	verb	Pays attention to avoid danger or damage.	当心，地上很滑。	Be careful; the floor is slippery.	过马路时要当心。	Be careful when crossing the road.
保温杯	bǎo wēn bēi	insulated cup; thermos mug	noun	A cup designed to keep its contents warm or cold.	我用保温杯带热水。	I carry hot water in an insulated cup.	这个保温杯能保温很久。	This insulated cup keeps drinks warm for a long time.
电饭煲	diàn fàn bāo	rice cooker	noun	An electric appliance used mainly to cook rice.	米饭在电饭煲里。	The rice is in the rice cooker.	这个电饭煲还能煮粥。	This rice cooker can also make porridge.
充电宝	chōng diàn bǎo	power bank	noun	A portable battery used to charge a phone or other device.	手机没电了，借我充电宝吧。	My phone is out of battery; please lend me your power bank.	出门前我把充电宝装进包里。	I put the power bank in my bag before going out.
床单	chuáng dān	bed sheet	noun	A piece of cloth spread over a mattress.	我今天换了床单。	I changed the bed sheet today.	这条床单已经洗干净了。	This bed sheet has been washed clean.
门铃	mén líng	doorbell	noun	A bell or electronic signal visitors use to announce their arrival.	有人按门铃了。	Someone rang the doorbell.	门铃坏了，请敲门。	The doorbell is broken; please knock.
拖把	tuō bǎ	mop	noun	A cleaning tool with an absorbent head used to wipe floors.	拖把放在阳台上。	The mop is on the balcony.	请把拖把洗干净。	Please wash the mop clean.
扫地	sǎo dì	to sweep the floor	verb phrase	Uses a broom to remove dirt from the floor.	我每天早上扫地。	I sweep the floor every morning.	他扫地，我擦桌子。	He sweeps the floor, and I wipe the table.
洗碗	xǐ wǎn	to wash dishes	verb phrase	Cleans bowls, plates, and other eating utensils.	吃完饭后我来洗碗。	I will wash the dishes after the meal.	洗碗时别一直开着水。	Do not leave the water running while washing dishes.
洗手	xǐ shǒu	to wash one's hands	verb phrase	Cleans the hands with water, usually with soap.	吃饭前要洗手。	Wash your hands before eating.	我去洗手，你先坐。	I will wash my hands; please sit down first.
洗脸	xǐ liǎn	to wash one's face	verb phrase	Cleans the face with water.	我起床后先洗脸。	I wash my face first after getting up.	洗脸的毛巾挂在这里。	The face towel is hanging here.
刷牙	shuā yá	to brush one's teeth	verb phrase	Cleans teeth with a toothbrush.	我每天早晚刷牙。	I brush my teeth every morning and evening.	睡觉前别忘了刷牙。	Do not forget to brush your teeth before bed.
洗头	xǐ tóu	to wash one's hair	verb phrase	Cleans the hair and scalp with water and usually shampoo.	我今晚想洗头。	I want to wash my hair tonight.	洗头后要把头发擦干。	Dry your hair after washing it.
理发店	lǐ fà diàn	barbershop; hair salon	noun	A shop where hair is cut or styled.	楼下新开了一家理发店。	A new hair salon opened downstairs.	我去理发店剪头发。	I am going to the barbershop for a haircut.
饺子	jiǎo zi	dumpling	noun	A filled food made by wrapping ingredients in a thin piece of dough.	今晚我们吃饺子。	We are having dumplings tonight.	奶奶教我包饺子。	Grandma taught me to make dumplings.
炒饭	chǎo fàn	fried rice	noun	Rice stir-fried with other ingredients.	我想点一份炒饭。	I would like to order a portion of fried rice.	这碗炒饭里有鸡蛋。	This bowl of fried rice contains egg.
油条	yóu tiáo	fried dough stick	noun	A long strip of dough deep-fried and often eaten for breakfast.	我早餐吃油条和豆浆。	I have fried dough sticks and soy milk for breakfast.	这根油条刚炸好。	This fried dough stick has just been fried.
酸奶	suān nǎi	yogurt	noun	A slightly sour milk product made by fermentation.	冰箱里有两杯酸奶。	There are two cups of yogurt in the refrigerator.	我喜欢原味酸奶。	I like plain yogurt.
矿泉水	kuàng quán shuǐ	mineral water	noun	Drinking water containing naturally occurring minerals.	请给我一瓶矿泉水。	Please give me a bottle of mineral water.	路上我买了矿泉水。	I bought mineral water on the way.
鸡汤	jī tāng	chicken soup	noun	Soup made by cooking chicken in water or broth.	妈妈煮了一锅鸡汤。	Mom made a pot of chicken soup.	这碗鸡汤很香。	This bowl of chicken soup smells delicious.
火锅	huǒ guō	hot pot	noun	A meal where ingredients are cooked in a pot of simmering broth at the table.	冬天我们喜欢吃火锅。	We like eating hot pot in winter.	这家火锅店可以选不辣的汤。	You can choose a mild broth at this hot pot restaurant.
土豆	tǔ dòu	potato	noun	An edible starchy tuber used as a vegetable.	我买了三个土豆。	I bought three potatoes.	先把土豆洗干净。	Wash the potatoes first.
黄瓜	huáng guā	cucumber	noun	A long green vegetable often eaten raw or in salads.	这根黄瓜很新鲜。	This cucumber is very fresh.	我把黄瓜切成小块。	I cut the cucumber into small pieces.
西红柿	xī hóng shì	tomato	noun	A round red fruit commonly used as a vegetable.	我想买两个西红柿。	I would like to buy two tomatoes.	西红柿炒鸡蛋很好吃。	Stir-fried tomato and egg is delicious.
胡萝卜	hú luó bo	carrot	noun	An orange root vegetable.	汤里放了一根胡萝卜。	A carrot was added to the soup.	请把胡萝卜切成片。	Please slice the carrot.
生菜	shēng cài	lettuce	noun	A leafy vegetable often eaten raw or briefly cooked.	沙拉里有生菜。	There is lettuce in the salad.	我把生菜洗了两遍。	I washed the lettuce twice.
西兰花	xī lán huā	broccoli	noun	A green vegetable with dense flower heads.	今晚我们炒西兰花。	We are stir-frying broccoli tonight.	西兰花先洗净再煮。	Wash the broccoli before cooking it.
红薯	hóng shǔ	sweet potato	noun	A sweet starchy root vegetable.	这个烤红薯很甜。	This baked sweet potato is very sweet.	早餐我吃了一个红薯。	I ate a sweet potato for breakfast.
洋葱	yáng cōng	onion	noun	A vegetable with layered flesh and a strong smell.	切洋葱时我流眼泪了。	My eyes watered while cutting the onion.	汤里加一点洋葱更香。	Adding a little onion makes the soup more fragrant.
香菇	xiāng gū	shiitake mushroom	noun	An edible mushroom with a brown cap and a distinctive aroma.	我用香菇煮鸡汤。	I use shiitake mushrooms to make chicken soup.	这些香菇要先泡一泡。	These shiitake mushrooms need to be soaked first.
梨	lí	pear	noun	A juicy fruit with a narrow upper part and a wider base.	这个梨又甜又脆。	This pear is sweet and crisp.	我给你削一个梨。	I will peel a pear for you.
菠萝	bō luó	pineapple	noun	A tropical fruit with rough skin and sweet yellow flesh.	这块菠萝有点酸。	This piece of pineapple is a little sour.	水果店今天有菠萝。	The fruit shop has pineapples today.
火龙果	huǒ lóng guǒ	dragon fruit	noun	A fruit with brightly colored skin and flesh containing small black seeds.	我把火龙果切成两半。	I cut the dragon fruit in half.	这个火龙果的果肉是红色的。	The flesh of this dragon fruit is red.
葡萄干	pú tao gān	raisin	noun	A dried grape used as a snack or ingredient.	面包里有葡萄干。	There are raisins in the bread.	我买了一小袋葡萄干。	I bought a small bag of raisins.
面包片	miàn bāo piàn	slice of bread	noun	A flat piece cut from a loaf of bread.	早餐我吃面包片和鸡蛋。	I have sliced bread and eggs for breakfast.	把面包片放进烤面包机。	Put the bread slice in the toaster.
汉堡	hàn bǎo	hamburger	noun	A bread bun filled with a patty and other ingredients.	我想要一个鸡肉汉堡。	I would like a chicken burger.	这个汉堡里有生菜。	This burger contains lettuce.
沙拉	shā lā	salad	noun	A dish of mixed ingredients, commonly raw vegetables with dressing.	午饭我吃了一份沙拉。	I had a salad for lunch.	这份沙拉里有鸡肉。	This salad contains chicken.
零钱	líng qián	small change	noun	Coins or small-denomination money used for minor payments.	你有零钱吗？	Do you have any small change?	我把零钱放在小盒子里。	I keep my small change in a little box.
找零	zhǎo líng	to give change	verb	Returns the difference when a customer pays more than the price.	店员正在找零。	The shop assistant is giving change.	不用找零了。	You can keep the change.
收银台	shōu yín tái	checkout counter	noun	The place in a shop where customers pay for goods.	收银台在出口旁边。	The checkout counter is next to the exit.	请到收银台付款。	Please pay at the checkout counter.
发票	fā piào	invoice; official receipt	noun	An official document recording a purchase and its payment details.	请给我开发票。	Please issue an invoice for me.	这张发票需要留好。	Keep this invoice safe.
打包	dǎ bāo	to pack for takeaway	verb	Puts prepared food into containers to take away.	吃不完的菜可以打包。	You can take the dishes you cannot finish home.	这碗面请打包。	Please pack these noodles for takeaway.
点餐	diǎn cān	to order food	verb phrase	Chooses and requests food from a restaurant.	我们先点餐吧。	Let us order food first.	这里可以用手机点餐。	You can order food here using your phone.
点菜	diǎn cài	to order dishes	verb phrase	Chooses dishes from a restaurant menu.	你来点菜吧。	You choose the dishes.	我们坐下后开始点菜。	We started ordering dishes after sitting down.
保质期	bǎo zhì qī	shelf life	noun	The period during which a product is expected to retain its stated quality under proper storage.	买酸奶时要看保质期。	Check the shelf life when buying yogurt.	这盒牛奶的保质期还有三天。	This milk has three days left in its shelf life.
剩饭	shèng fàn	leftover rice; leftover food	noun	Cooked rice or food left after a meal.	剩饭放进冰箱。	Put the leftover food in the refrigerator.	我用剩饭做炒饭。	I use leftover rice to make fried rice.
牛仔裤	niú zǎi kù	jeans	noun	Trousers made from denim fabric.	我想买一条牛仔裤。	I would like to buy a pair of jeans.	这条牛仔裤有点长。	These jeans are a little too long.
短袖	duǎn xiù	short sleeves; short-sleeved top	noun	Short sleeves, or a top whose sleeves cover only the upper arms.	夏天我常穿短袖。	I often wear a short-sleeved top in summer.	这件短袖是蓝色的。	This short-sleeved top is blue.
运动鞋	yùn dòng xié	sports shoes; sneakers	noun	Shoes designed for exercise or casual active wear.	跑步时要穿运动鞋。	Wear sports shoes when running.	这双运动鞋很舒服。	These sneakers are very comfortable.
拖鞋	tuō xié	slippers	noun	Easy-to-put-on shoes commonly worn indoors.	请换上拖鞋。	Please change into slippers.	我的拖鞋放在门边。	My slippers are by the door.
围巾	wéi jīn	scarf	noun	A piece of cloth worn around the neck for warmth or decoration.	天冷了，带上围巾。	It is cold; bring your scarf.	这条围巾是奶奶织的。	Grandma knitted this scarf.
雨衣	yǔ yī	raincoat	noun	Water-resistant clothing worn over other clothes in the rain.	骑车时我穿雨衣。	I wear a raincoat when cycling in the rain.	这件雨衣放在包里。	This raincoat is kept in the bag.
上车	shàng chē	to get on; to get into a vehicle	verb phrase	Enters a vehicle as a passenger or driver.	先让别人下车，再上车。	Let others get off before getting on.	我们在这里上车。	We get on here.
下车	xià chē	to get off; to get out of a vehicle	verb phrase	Leaves a vehicle at a stop or destination.	我在下一站下车。	I get off at the next stop.	下车时别忘了行李。	Do not forget your luggage when getting off.
换乘	huàn chéng	to transfer (transport)	verb	Changes from one transport service or route to another.	我们在这里换乘地铁。	We transfer to the subway here.	去机场要换乘一次。	Getting to the airport requires one transfer.
地铁站	dì tiě zhàn	subway station	noun	A station where passengers enter, leave, or change subway trains.	地铁站就在前面。	The subway station is just ahead.	我们在地铁站门口见面。	We will meet at the entrance to the subway station.
公交站	gōng jiāo zhàn	bus stop	noun	A designated place where passengers get on or off a public bus.	公交站离我家很近。	The bus stop is close to my home.	她在公交站等车。	She is waiting for the bus at the bus stop.
红绿灯	hóng lǜ dēng	traffic lights	noun	Road signals using colored lights to control traffic.	前面有红绿灯。	There are traffic lights ahead.	过马路要看红绿灯。	Watch the traffic lights when crossing the road.
斑马线	bān mǎ xiàn	pedestrian crossing; crosswalk	noun	A striped marking indicating where pedestrians should cross a road.	请走斑马线过马路。	Please use the pedestrian crossing to cross the road.	斑马线前有车停着。	There is a vehicle stopped before the crosswalk.
人行道	rén xíng dào	sidewalk; pavement	noun	The part of a road reserved for people walking.	我们在人行道上走。	We walk on the sidewalk.	不要把车停在人行道上。	Do not park on the sidewalk.
安全带	ān quán dài	seat belt	noun	A strap that restrains a vehicle occupant for safety.	上车后请系好安全带。	Please fasten your seat belt after getting in.	这条安全带有点紧。	This seat belt is a little tight.
自行车	zì xíng chē	bicycle	noun	A two-wheeled vehicle powered by pedaling.	我骑自行车去学校。	I cycle to school.	这辆自行车是我的。	This bicycle is mine.
电动车	diàn dòng chē	electric bike; electric vehicle	noun	A vehicle powered by electricity, commonly an electric two-wheeler in everyday speech.	爸爸骑电动车去买菜。	Dad rides an electric bike to buy groceries.	这辆电动车需要充电。	This electric bike needs charging.
晕车	yùn chē	to get carsick	verb	Feels nauseous or dizzy while traveling in a road vehicle.	我坐长途车容易晕车。	I easily get carsick on long bus journeys.	他晕车了，想休息一下。	He is carsick and wants to rest for a while.
外婆	wài pó	grandmother (mother's mother)	noun	The mother of one's mother.	外婆给我做了面条。	My maternal grandmother made noodles for me.	周末我去看外婆。	I visit my maternal grandmother at the weekend.
外公	wài gōng	grandfather (mother's father)	noun	The father of one's mother.	外公每天早上散步。	My maternal grandfather walks every morning.	我和外公一起下棋。	I play chess with my maternal grandfather.
一家人	yī jiā rén	one family; the whole family	noun phrase	People belonging to the same household or family.	一家人坐在一起吃饭。	The whole family sits together to eat.	我们是一家人，要互相帮助。	We are one family and should help one another.
过生日	guò shēng rì	to celebrate a birthday	verb phrase	Marks the anniversary of someone's birth with a celebration.	我明天过生日。	I am celebrating my birthday tomorrow.	她想和家人一起过生日。	She wants to celebrate her birthday with her family.
药店	yào diàn	pharmacy; drugstore	noun	A shop where medicines and related products are sold.	药店在医院对面。	The pharmacy is across from the hospital.	我去药店买体温计。	I am going to the pharmacy to buy a thermometer.
发烧	fā shāo	to have a fever	verb	Has a body temperature above the normal range.	他发烧了，今天没上学。	He has a fever and did not go to school today.	我昨晚有点发烧。	I had a slight fever last night.
打喷嚏	dǎ pēn tì	to sneeze	verb phrase	Expels air suddenly through the nose and mouth as a reflex.	他闻到花粉就打喷嚏。	He sneezes when he smells pollen.	我今天一直打喷嚏。	I have been sneezing all day today.
拉肚子	lā dù zi	to have diarrhea	verb phrase	Has frequent loose bowel movements; an everyday informal expression.	他昨天拉肚子了。	He had diarrhea yesterday.	我拉肚子，今天不想出门。	I have diarrhea and do not want to go out today.
睡午觉	shuì wǔ jiào	to take an afternoon nap	verb phrase	Sleeps briefly around midday or in the afternoon.	爷爷每天睡午觉。	Grandpa takes a nap every afternoon.	我吃完饭想睡午觉。	I would like an afternoon nap after eating.
不客气	bù kè qi	you are welcome	expression	A polite response to someone's thanks.	不客气，这是我应该做的。	You are welcome; it is what I should do.	她说谢谢，我说不客气。	She said thank you, and I said you are welcome.
欢迎光临	huān yíng guāng lín	welcome (to a business)	expression	A greeting used by staff when customers arrive at a business.	欢迎光临，请随便看看。	Welcome; please feel free to look around.	店员微笑着说欢迎光临。	The shop assistant smiled and said welcome.
好久不见	hǎo jiǔ bù jiàn	long time no see	expression	A greeting to someone one has not seen for a long time.	好久不见，你最近好吗？	Long time no see; how have you been lately?	我们在车站相遇，都说好久不见。	We met at the station and both said it had been a long time.
