# AI contextual English corrections based on the frozen dictionary record; not human sign-off.
cy_00002	The dictionary records an earlier sense of something mysterious and beyond ordinary understanding.
cy_00028	Keeping one's hands inside one's sleeves while watching from the side.
cy_00042	The original sense was simply doing whatever one wanted; wei means to do.
cy_00061	Announcing commands and issuing orders.
cy_00075	The pointed tip of an awl sticks out through the cloth bag containing it.
cy_00079	Falling down from the sky; jiang means to descend.
cy_00083	Writing a long or elaborate essay on a small topic.
cy_00084	The dictionary records an earlier sense of solemn, respectful caution.
cy_00085	Having no route left to take and no place to turn to.
cy_00087	Bringing a dying person back to life; the expression also praises remarkable medical skill.
cy_00088	Fighting side by side in close coordination.
cy_00092	Not knowing or noticing that something is happening.
cy_00093	Originally, a change in a person's appearance.
cy_00097	Giving no help or benefit to the matter at hand; ji means to help.
cy_00103	Words as sweet as honey.
cy_00105	The dictionary links bright skies and the life-giving sun with an earlier sense of a peaceful, prosperous age.
cy_00106	Running far away like a wild animal or flying far away like a bird.
cy_00121	Originally, occupying a high position.
cy_00122	Having no way out and facing a fatal dead end.
cy_00139	An unknown low-ranking soldier; zu is an old word for a soldier.
cy_00144	Gui and ju are tools for drawing circles and right angles; the image refers to following established standards.
cy_00156	Being unable to move forward or retreat without difficulty.
cy_00158	A boat travels with its sail full and the wind behind it.
cy_00159	Taking another person's place or position.
cy_00171	Smoke and clouds disperse and disappear.
cy_00172	Originally, going into battle alone, without support.
cy_00188	Something is as easy as turning over one's palm.
cy_00191	In the Daoist image recorded by the dictionary, spiritual attainment transforms an ordinary body into an immortal one.
cy_00197	Going about alone and not joining other people.
cy_00209	Yi means unusual. The dictionary uses tian kai to explain fanciful imagining; it does not provide a separate historical literal meaning.
cy_00214	One year follows another.
cy_00222	Being so powerful that every battle can be won.
cy_00223	Flowers bloom attractively but produce no fruit.
cy_00226	The earlier expression describes disregarding both the law and moral order.
cy_00235	Several things merge into a single whole.
cy_00237	Chun chun describes the restless wriggling of small crawling creatures.
cy_00238	The pointed ends of two needles face each other.
cy_00243	A pass or checkpoint; the whole expression identifies a decisive juncture.
cy_00246	Feeling heavy-headed, exhausted, and ready to fall asleep.
cy_00252	The image compares people's suffering to ever-deeper water and ever-hotter fire.
cy_00255	Originally, forming a single united whole.
cy_00256	A fish finds the water it needs.
cy_00262	Running along a road in the opposite direction.
cy_00273	Leaving events to fate instead of making one's own effort to change them.
cy_00276	The dictionary records an earlier interpretation of passing from birth to death; the current idiom emphasizes mortal danger.
cy_00277	Jing is a small path and ting a courtyard; the dictionary explains the combined expression as a great separation or disparity.
cy_00282	Pouring oil onto a fire.
cy_00293	Cutting something into two pieces with one stroke of a blade.
cy_00300	Opponents collapse or flee wherever a force advances.
cy_00306	The dictionary records an earlier sense of mechanically borrowing words and phrases from another person's writing.
cy_00307	Empty hands, without a weapon or any equipment.
cy_00311	The dictionary notes a Daoist connection between being and non-being, then explains the phrase as claiming that something exists when it does not.
cy_00315	Struggling in the moments before death in an attempt to prolong life.
cy_00316	Geng sheng means renewed life or recovery. The whole expression emphasizes rebuilding through one's own effort.
cy_00326	A disorderly group resembles a flock of crows gathered together temporarily.
cy_00330	The dictionary records an earlier reference to a serious classic conforming to moral standards.
cy_00338	Xing originally refers to interest or enthusiasm, and cai to spirit or expression; the whole phrase describes high spirits and exuberance.
cy_00345	Placing one's feet firmly on solid ground.
cy_00350	Throwing stones at someone who has fallen into a well instead of helping them.
cy_00355	Barely prolonging the final breaths of a dying person.
cy_00368	Sleeping with one's pillow raised, free from worries.
cy_00380	Covering other people's eyes and ears so that they cannot see or hear.
cy_00384	A skilled butcher's blade moves freely through the spaces between joints.
cy_00385	Originally, applying light colors with gentle strokes in a painting.
cy_00388	Before painting bamboo, the painter already holds its complete form in mind.
cy_00390	The dictionary records a Buddhist sense referring to a person's original nature.
cy_00399	No sound, movement, or sign of activity; xi refers to breath or a trace of activity.
cy_00421	Cha here means rather or somewhat, and qiang means to hearten or inspire. The older wording expresses giving some encouragement; the modern idiom means reasonably satisfactory.
cy_00425	Blowing one's own trumpet and beating one's own drum.
cy_00427	A crane stands among a flock of chickens.
cy_00431	Originally, strategically useful terrain on which military force could be employed.
cy_00434	Driving out and exterminating completely.
cy_00438	The familiar things an old scholar repeatedly says.
cy_00441	Links are joined one after another like the links of a chain.
cy_00449	Dark smoke and unhealthy mountain vapors. The dictionary records the old belief that such vapors caused disease.
cy_00455	Not mentioning even a single word about something.
cy_00460	The dictionary records an earlier sense of sincerity and openness to learning; the present expression describes complete emptiness.
cy_00466	Removing weeds together with their roots so that they cannot grow again.
cy_00469	A very large and cumbersome object.
cy_00477	Clouds and smoke drift past one's eyes.
cy_00486	A living hell in the human world.
cy_00488	A thousand articles all follow the same formula.
cy_00491	Holding an army in place without allowing it to move into action.
cy_00497	Removing three sides of a bird-catching net and leaving only one side in place.
cy_00502	A bird astonishes everyone with a single call.
cy_00504	People with the same illness sympathize with each other.
cy_00505	Not being worth even one small coin.
cy_00511	Tong yang refers to pain and itching, figuratively to something important. The whole expression says that the matter has no important effect.
cy_00529	The dictionary records an earlier use for beautiful, profound writing that deeply shakes the reader's emotions.
cy_00537	In the traditional image, immortals or Daoist adepts summon wind and rain by magical power.
cy_00546	Originally, becoming famous after success in the imperial examinations.
cy_00552	Using one's strength to turn back a huge, violent wave.
cy_00566	Turning danger into safety; yi originally evokes level, easy ground.
cy_00568	Crossing a river together in the same boat.
cy_00571	The recorded image is of eating sugar cane from its top toward its sweeter lower end, so that each mouthful improves.
cy_00576	A check that cannot be cashed because the promised funds are unavailable.
cy_00593	A silkworm spins a cocoon and encloses itself inside it.
cy_00596	The dictionary records an earlier description of the intricate, interlocking structure of a palace.
cy_00601	No one asks where the ferry crossing is.
cy_00603	Not blaming someone for something that has already happened or been done.
cy_00606	The dictionary records an earlier sense of substantial, sincere, and solemn behavior.
cy_00625	Floating with the waves and being carried along by the current.
cy_00635	Horses harnessed side by side run at the same speed.
cy_00643	An entire army is destroyed.
cy_00648	Hands and feet are parts of the same body; here they stand for siblings and a very close bond.
cy_00667	Seeing the sky and sun again after being shut away.
cy_00669	A human life is involved; guan tian emphasizes that the matter is of the utmost importance.
cy_00671	Originally, dishonest producers cut labor or materials to increase profit at the expense of quality.
cy_00681	The dictionary associates the expression with Jiang Yan, whose later writing was said to lack the brilliance of his youth.
cy_00682	Floodwater rises above a person's head and threatens to drown them.
cy_00692	A mythical heavenly horse gallops through the air.
cy_00700	The recorded image is of fighting cocks sharpening their beaks before another round of combat.
cy_00708	Both hands, both knees, and the head touch the ground in a deeply respectful Buddhist bow.
cy_00733	A fierce animal bares its teeth and brandishes its claws.
cy_00737	The traditional story pairs a wolf with an imagined companion called a bei, using their different legs to help each other harm livestock.
cy_00773	Originally, one's claims exceeded one's actual abilities.
cy_00803	Emerging from a thatched cottage; the recorded story connects this image with Zhuge Liang beginning his public career.
cy_00805	Originally, each person receives what satisfies them or suits their needs.
cy_00811	Pushing the waves and making them grow larger.
cy_00818	Moving from a dark, narrow place into a broad and bright one.
cy_00823	Strong wind and heavy rain.
cy_00826	Originally, frightening and malevolent spirits.
cy_00829	Demons, monsters, and ghosts.
cy_00835	Riding on a tiger's back and being unable to get off safely.
cy_00838	The image is of placing three seals over one's mouth to prevent careless speech.
cy_00840	Far beyond the highest clouds and heavens.
cy_00842	Throwing something into an eastward-flowing river and letting it be carried away.
cy_00843	Thousands of fine threads, too numerous to count.
cy_00844	The dictionary records an earlier sense of expansive or elaborate speech; the common current sense criticizes arrogant, irresponsible remarks.
cy_00855	Mao Sui volunteers and recommends himself for a task in the recorded historical story.
cy_00863	Wei functions like is, and gu suggests a difficult predicament. Moving forward or backward both lead to difficulty.
cy_00865	Bending the thumb first when counting on one's fingers, indicating first place.
cy_00866	Standing high and looking far into the distance.
cy_00871	A tiny spark of fire.
cy_00872	Originally, riding ahead of the others in a cavalry charge.
cy_00887	Sweeping everything away in one motion.
cy_00889	Bian fu refers to the edges of cloth and, by extension, neat dress and appearance. The whole expression describes neglecting such neatness.
cy_00902	Finding it difficult to take even a single step.
cy_00912	Trying to catch fish in muddy water, where confusion makes concealment easier.
cy_00913	A remarkably effective medicine, imagined as capable of bringing the dying back to life.
cy_00915	Being afraid of both what lies ahead and what lies behind.
cy_00921	The dictionary records an earlier sense of rulers and ministers pooling their efforts and ideas.
cy_00931	Originally, becoming exhausted by constantly traveling on official orders.
cy_00933	Climbing over mountains and crossing ridges; the expression evokes the difficulty of a long journey on foot.
cy_00937	Holding a game piece and being unable to decide where to place it.
cy_00946	The Buddhist image refers to good fortune across a previous life, the present life, and a future life.
cy_00959	Originally, having large hands and feet.
cy_00962	Nets spread through the sky and over the ground, forming an enclosure in every direction.
cy_00968	The mountains and waterways have come to an end, leaving no route onward.
cy_00975	The dictionary records an earlier sense of refraining from causing disturbances so that ordinary people can live peacefully.
cy_00978	Offering one's sincere heart to another person, as an image of complete trust and openness.
cy_00076	Yang means illness. The older expression describes being safe and free of illness.
cy_00944	Originally, laying down laws and agreeing with the people that they would be observed; later, agreeing on a few simple rules.
