cy_00501	新经理平易近人，午休时常和同事聊天。	这位医生平易近人，耐心回答病人的问题。
cy_00502	这位新人在歌唱比赛中一鸣惊人。	她的第一部小说一鸣惊人，获得读者好评。
cy_00503	他竟向无辜的孩子行凶，实在丧心病狂。	为了骗钱而毁掉救命药品，简直丧心病狂。
cy_00504	两人都失业了，见面时不禁同病相怜。	同样长期失眠的邻居和我同病相怜。
cy_00505	在他眼里，别人的劳动成果都一钱不值。	他气愤地把那份敷衍的方案说得一钱不值。
cy_00506	有人冒名顶替他报名，学校已展开调查。	她发现别人冒名顶替自己领取了奖金。
cy_00507	年轻队员在今年的联赛中崭露头角。	她在大学期间就已在设计领域崭露头角。
cy_00508	这起纠纷关系错综复杂，需要逐项核实。	老城区的地下管线错综复杂，施工须谨慎。
cy_00509	奶奶每天擦桌子，家里总是一尘不染。	开门营业前，店员把玻璃柜擦得一尘不染。
cy_00510	硬盘损坏后，未备份的照片化为乌有。	合同突然取消，大家的期待化为乌有。
cy_00511	报告避开关键问题，只提了无关痛痒的建议。	对方的几句抱怨无关痛痒，他并未放在心上。
cy_00512	不付出任何努力就想成功，真是痴心妄想。	他想凭一张假票领取大奖，完全是痴心妄想。
cy_00513	他得奖后变得目中无人，不肯听同事的建议。	那名顾客目中无人，对服务员十分无礼。
cy_00514	千千万万的志愿者为社区服务贡献力量。	这项发现源于千千万万次耐心的观察。
cy_00515	修复前后的老照片，清晰度有天壤之别。	两家酒店服务差距很大，简直是天壤之别。
cy_00516	等待面试结果时，他紧张得如坐针毡。	账目出了差错，会计在会上如坐针毡。
cy_00517	我们站在山顶，居高临下地看见整座村庄。	她不喜欢经理居高临下的说话态度。
cy_00518	旅行结束后，他把所见所闻写进日记。	记者如实记录了灾区的所见所闻。
cy_00519	他穿着夸张的服装招摇过市，引来围观。	那人开着豪车招摇过市，刻意炫耀财富。
cy_00520	这家面馆的手艺在镇上是数一数二的。	她的游泳成绩在校队里数一数二。
cy_00521	她不断练习揉面，熟能生巧，效率提高了。	反复练习停车，他终于体会到熟能生巧。
cy_00522	雨后到公园散步，我感到神清气爽。	好好睡了一晚，她早上起来神清气爽。
cy_00523	新团队雄心勃勃，计划研发更节能的电池。	她雄心勃勃，准备开一家自己的书店。
cy_00524	比赛最后一公里，他咬紧牙关坚持跑完。	创业初期很难，她咬紧牙关撑了下来。
cy_00525	这位设计师喜欢标新立异，作品十分大胆。	为了吸引眼球，他总在会上标新立异。
cy_00526	发现孩子受到欺负，父亲顿时怒不可遏。	看到食品被故意浪费，他气得怒不可遏。
cy_00527	到朋友家做客，我们应该入乡随俗。	留学生活中，她学会了尊重习惯、入乡随俗。
cy_00528	这条山路危机四伏，雨天不宜通行。	公司债务失控，经营局面已是危机四伏。
cy_00529	电影里的海上救援场面让人惊心动魄。	消防员讲述了那次惊心动魄的抢险经历。
cy_00530	队长在决赛中连进两球，终于扭转乾坤。	这项技术突破帮助濒临倒闭的工厂扭转乾坤。
cy_00531	警方抓获了那个杀人不眨眼的凶手。	纪录片揭露了杀人不眨眼的犯罪团伙。
cy_00532	这份录取通知来之不易，她格外珍惜。	水库建成来之不易，我们不能浪费水资源。
cy_00533	探险队穿过了一片荒无人烟的沙漠。	导航出错后，我们来到荒无人烟的山谷。
cy_00534	朋友有困难时，他总愿意两肋插刀。	她为好友两肋插刀，在低谷中给予支持。
cy_00535	这份草率的报告被专家批得体无完肤。	他的论证漏洞太多，被对手驳得体无完肤。
cy_00536	那次失去亲人的经历令她刻骨铭心。	老师在困难时的帮助，让他刻骨铭心。
cy_00537	他曾在商业圈呼风唤雨，如今已退休。	这家公司凭雄厚实力在行业内呼风唤雨。
cy_00538	我的收藏与他的相比，真是小巫见大巫。	这点困难比起救援队的经历，只是小巫见大巫。
cy_00539	等家人手术结束时，他觉得度日如年。	受伤后只能卧床，她在家里度日如年。
cy_00540	同伴都离开了，他独自站着，形单影只。	老人搬来新城后常常形单影只，没人聊天。
cy_00541	这项维修工作要有始有终，不能留下隐患。	她做事有始有终，每份订单都认真跟进。
cy_00542	这份账目漏洞百出，必须重新核对。	骗子的说辞漏洞百出，很快被警方识破。
cy_00543	休假回来后，他精神焕发，工作更有干劲。	老人开始锻炼后精神焕发，笑容也多了。
cy_00544	抢修人员夜以继日，终于恢复了供电。	她夜以继日地整理资料，按时完成了论文。
cy_00545	两人常在河边散步，谈情说爱。	工作再忙，他们也会留出谈情说爱的时间。
cy_00546	这位演员凭一部小成本电影一举成名。	她在国际比赛中夺冠，从此一举成名。
cy_00547	见到久别的母亲，他有千言万语想说。	千言万语也表达不了我们对救援者的感谢。
cy_00548	出门前检查备胎，遇到故障才能有备无患。	提前保存重要文件，可以有备无患。
cy_00549	那个纨绔子弟整天挥霍，完全不肯工作。	他不愿做纨绔子弟，决定靠自己谋生。
cy_00550	她踏实工作，从不幻想不劳而获。	骗子利用人们想不劳而获的心理设下圈套。
cy_00551	警方提醒市民不要接近那名亡命之徒。	影片中的亡命之徒最后被依法抓获。
cy_00552	门将扑出关键一球，为球队力挽狂澜。	经理及时调整方案，力挽狂澜保住了订单。
cy_00553	临时借用这间仓库只是权宜之计。	停电时用手工登记，是应急的权宜之计。
cy_00554	他背井离乡到外地工作，十分想念家人。	战争迫使许多居民背井离乡，另寻住处。
cy_00555	活动安排面面俱到，连无障碍通道也考虑了。	她检查合同面面俱到，没有遗漏重要条款。
cy_00556	弟弟一门心思学摄影，周末总去拍照。	她一门心思救治小鸟，顾不上吃晚饭。
cy_00557	邻居助人为乐，经常帮老人搬运重物。	她助人为乐，主动教新同事使用电脑。
cy_00558	反复猜测别人怎么看自己，只会自寻烦恼。	事情还没发生，他却担忧不止，实在自寻烦恼。
cy_00559	涨价通知一出，顾客们就议论纷纷。	小区准备改建，居民对此议论纷纷。
cy_00560	我们走了一上午山路，早已饥肠辘辘。	下班回家时，他饥肠辘辘，赶紧煮了面。
cy_00561	及时找到药物，给病人带来一线生机。	新的合作订单给老工厂留下一线生机。
cy_00562	村里的道路和学校今非昔比，改善了很多。	经过多年训练，她的球技已是今非昔比。
cy_00563	邻居们为社区花园的建设出谋划策。	她请有经验的朋友为开店出谋划策。
cy_00564	这次探测完成了前无古人的科学任务。	这位选手完成了该项目中前无古人的壮举。
cy_00565	他在最后一轮失误，夺冠计划功亏一篑。	文件忘了保存，几小时的修改功亏一篑。
cy_00566	驾驶员及时减速，让全车乘客化险为夷。	消防员迅速扑灭火苗，使居民化险为夷。
cy_00567	连着几夜没有睡好，他的疲惫可想而知。	商店一直缺货，顾客的不满可想而知。
cy_00568	公司遇到困难，大家更要同舟共济。	邻里同舟共济，一起清理暴雨后的街道。
cy_00569	这两位助手是她办好展览的左膀右臂。	经验丰富的副经理成了他的左膀右臂。
cy_00570	她把参加志愿救援的经历引以为荣。	父母对女儿诚实守信的品质引以为荣。
cy_00571	适应了节奏后，球队的配合渐入佳境。	她练习几个月后，演奏开始渐入佳境。
cy_00572	春雨过后，整个果园显得生机勃勃。	年轻团队创意不断，公司充满生机勃勃的气象。
cy_00573	假期里，他在湖边钓鱼，过得逍遥自在。	猫躺在阳台晒太阳，一副逍遥自在的样子。
cy_00574	那名诈骗犯最终锒铛入狱，受到惩罚。	他因贪污锒铛入狱，失去了自由。
cy_00575	面试不能先入为主，要听完候选人的回答。	我先入为主地以为她很冷淡，后来发现错了。
cy_00576	没有行动支持，所谓改进只是空头支票。	他总承诺还钱，却一次次开空头支票。
cy_00577	对重复违规的人，管理者不能心慈手软。	她对孩子心慈手软，总不忍心执行约定。
cy_00578	作业被退回重写，他却满不在乎。	别人提醒路面结冰，她仍满不在乎地往前走。
cy_00579	到了厨房，擅长做菜的爸爸开始大显身手。	她在维修比赛中大显身手，解决了多个故障。
cy_00580	那场针对平民的暴行实在惨无人道。	纪录片让观众看见战争中惨无人道的一面。
cy_00581	他终于回到朝思暮想的故乡。	她见到了朝思暮想的老师，十分激动。
cy_00582	他对门口乱堆的垃圾熟视无睹。	面对明显的安全隐患，负责人竟熟视无睹。
cy_00583	照片黑白分明，人物轮廓十分清楚。	她判断是非黑白分明，不会包庇朋友。
cy_00584	他在岗位上无所作为，问题一直没有解决。	团队缺乏明确方向，几个月来无所作为。
cy_00585	这个开放展览对观众来者不拒。	他对免费的赠品来者不拒，家里越堆越多。
cy_00586	她直言不讳地指出了计划中的预算问题。	医生直言不讳，告诉他必须改掉坏习惯。
cy_00587	这位导游能说会道，把旅程讲得十分有趣。	他能说会道，很快让客户了解了产品。
cy_00588	他的解释前后矛盾，根本无法自圆其说。	编了太多借口后，她终于难以自圆其说。
cy_00589	店员遇到各类奇怪要求，早已见怪不怪。	山村的雾说来就来，当地人见怪不怪。
cy_00590	这片盐碱地曾是不毛之地，如今正在修复。	严重污染把附近的土地变成了不毛之地。
cy_00591	合住既能省钱又能互相照应，实在两全其美。	改用视频会议，让两地同事省时又省力，两全其美。
cy_00592	她负责婚礼安排，事无巨细都亲自核对。	项目经理事无巨细地说明了交接事项。
cy_00593	他给自己定了太多规矩，结果作茧自缚。	公司拒绝任何新技术，最终作茧自缚。
cy_00594	他对同事的安全提醒充耳不闻。	邻居反复投诉噪声，店主却充耳不闻。
cy_00595	他散布这些消息显然别有用心。	那人假装热心帮忙，其实别有用心。
cy_00596	同事之间勾心斗角，严重影响了合作。	他厌倦了办公室的勾心斗角，决定离开。
cy_00597	仓库里的旧纸箱堆积如山，急需整理。	假期过后，未处理的邮件堆积如山。
cy_00598	市场已经改变，公司不能再墨守成规。	她不愿墨守成规，尝试了新的种植方法。
cy_00599	工厂开足马力，赶制灾区急需的帐篷。	团队开足马力，争取提前完成系统更新。
cy_00600	邻居们慷慨解囊，帮助受灾家庭修房。	校友慷慨解囊，为山区学校购置图书。
cy_00601	这批旧款手机降价后，仍然无人问津。	街角的小展览无人问津，让策展人有些失落。
cy_00602	护士无微不至地照顾着刚做完手术的老人。	她对新来的小猫照顾得无微不至。
cy_00603	大家决定既往不咎，给他改正错误的机会。	对过去的小误会，我们不如既往不咎。
cy_00604	听到球队夺冠，孩子们欢呼雀跃。	新图书馆开门的消息让学生们欢呼雀跃。
cy_00605	见到走失多年的亲人，她激动得泪流满面。	听完那段离别故事，他忍不住泪流满面。
cy_00606	那段时间他浑浑噩噩，连日期都记不清。	她不愿浑浑噩噩地生活，开始规划每天的安排。
cy_00607	明星突然退赛，传闻顿时闹得满城风雨。	那桩纠纷被到处议论，弄得满城风雨。
cy_00608	这部电影用普通家庭讲述了生老病死。	她照顾老人多年，对生老病死有了更深理解。
cy_00609	金融市场瞬息万变，决策不能只凭旧消息。	山里的天气瞬息万变，我们带齐了雨具。
cy_00610	他对员工颐指气使，大家都不愿与他共事。	顾客不能因为付了钱就对店员颐指气使。
cy_00611	如今时过境迁，老办法已经不适用了。	多年后时过境迁，两人都放下了旧日争执。
cy_00612	研究团队把完整的调查结果公诸于世。	他决定将那份珍贵的历史资料公诸于世。
cy_00613	听到孩子呼救，他不管不顾地冲了出去。	她只顾赶工，对自己的身体不管不顾。
cy_00614	球队在最后一分钟反败为胜，观众欢声雷动。	她抓住对手的失误，在决赛中反败为胜。
cy_00615	学校大张旗鼓地开展校园节水宣传。	公司大张旗鼓地推出新品，却忽略了质量。
cy_00616	第一次独自上台，她一直忐忑不安。	等待检查结果的那几天，他忐忑不安。
cy_00617	对这座城市的历史，我只是略知一二。	她对修车略知一二，简单故障还能处理。
cy_00618	奶奶每天照顾阳台上的花，乐此不疲。	他喜欢研究棋谱，周末坐上一天也乐此不疲。
cy_00619	被人公开诬陷，对她来说是奇耻大辱。	他认为比赛作弊的指控是奇耻大辱。
cy_00620	纪念馆记录了那场惨绝人寰的战争灾难。	那次针对无辜者的暴行惨绝人寰，令人悲愤。
cy_00621	两支球队旗鼓相当，比分始终咬得很紧。	她和对手实力旗鼓相当，胜负难以预测。
cy_00622	这些票据杂乱无章，需要按日期整理。	他的发言杂乱无章，让听众抓不住重点。
cy_00623	编辑改了几个词，就把平淡的文章点石成金。	她的修改仿佛点石成金，让平淡的文章鲜活起来。
cy_00624	下雨的周末，他足不出户，在家读书。	通过网上办事，她足不出户就完成了申请。
cy_00625	选专业时不要随波逐流，要考虑自己的兴趣。	别人都买热门产品，他却不愿随波逐流。
cy_00626	新年贺卡上，她写下了万事如意的祝福。	搬家时，邻居祝我们新生活万事如意。
cy_00627	他专心致志地修理收音机，没听见门铃。	她专心致志地看书，直到窗外天色变暗。
cy_00628	为办齐手续，她这些天一直东奔西跑。	送货员东奔西跑，终于按时送完了订单。
cy_00629	帮助遇险的邻居，是我们义不容辞的责任。	保护公共环境，每位居民都义不容辞。
cy_00630	早高峰的地铁站人来人往，十分繁忙。	展览门口人来人往，工作人员忙着指路。
cy_00631	电线故障引发火灾，整间仓库付之一炬。	多年的设计稿因一场意外付之一炬。
cy_00632	小店加强了合作，不再任人宰割。	弱势劳动者也有权益，不能任人宰割。
cy_00633	亲口尝过这道菜后，我才知道它名不虚传。	参观完博物馆，大家都说这座馆名不虚传。
cy_00634	问到钱花在哪里，他却吞吞吐吐。	她吞吞吐吐地提出请求，显得有些不好意思。
cy_00635	两家企业技术水平并驾齐驱，竞争十分激烈。	兄妹俩的学习成绩并驾齐驱，谁也不服输。
cy_00636	纪录片展示了自然界弱肉强食的一面。	市场不能只讲弱肉强食，也要保护公平竞争。
cy_00637	仓库管理松懈，让窃贼有机可乘。	账号密码太简单，会让骗子有机可乘。
cy_00638	听到孩子平安的消息，母亲热泪盈眶。	老教师收到学生的来信，感动得热泪盈眶。
cy_00639	弟弟拿到新画册后爱不释手。	这把亲手制作的小提琴让她爱不释手。
cy_00640	他把医生的劝告置若罔闻，照样熬夜。	对居民提出的停车问题，负责人置若罔闻。
cy_00641	定期检查设备，是行之有效的预防办法。	这个行之有效的学习方法帮助她提升成绩。
cy_00642	她天生丽质，即使素颜也很漂亮。	摄影师欣赏她天生丽质的面容和自然神态。
cy_00643	这次测试漏洞太多，参赛程序全军覆没。	突来的霜冻让那批幼苗全军覆没。
cy_00644	这家书店以地方文学特色独树一帜。	她的陶艺作品风格独树一帜，辨识度很高。
cy_00645	车窗外是一望无际的金色麦田。	站在海边，他望着一望无际的蓝色水面。
cy_00646	谈判双方剑拔弩张，主持人忙着缓和气氛。	两队球迷争吵起来，现场一时剑拔弩张。
cy_00647	失败后不要怨天尤人，先找出自己的问题。	他只会怨天尤人，却不愿改善工作方法。
cy_00648	多年共同奋斗，让这群同事情同手足。	我们虽不是亲兄妹，却从小情同手足。
cy_00649	不能凭捕风捉影的传闻判断一个人。	她拒绝转发那些捕风捉影的所谓内幕。
cy_00650	那个无恶不作的犯罪团伙终于被抓获。	影片中的反派无恶不作，最终受到惩罚。
cy_00651	两家店恶性压价，最终两败俱伤。	兄弟为遗产争执多年，闹得两败俱伤。
cy_00652	球队的防守固若金汤，对手始终无法得分。	这套安全防护并非固若金汤，仍需定期检查。
cy_00653	她对顾客始终如一，从不因身份改变态度。	多年过去，他对音乐的热爱始终如一。
cy_00654	学生们成群结队地走进博物馆。	傍晚，一群候鸟成群结队地飞过湖面。
cy_00655	平台禁止用户用污言秽语攻击别人。	他满口污言秽语，破坏了现场的正常讨论。
cy_00656	这幅猫的画把神态画得活灵活现。	孩子把小狗偷吃饼干的样子讲得活灵活现。
cy_00657	她投篮百发百中，赢得队友阵阵喝彩。	那位射手在练习中百发百中，状态很好。
cy_00658	这孩子聪明伶俐，很快学会了拼图。	新来的小徒弟聪明伶俐，做事也很认真。
cy_00659	他故意装疯卖傻，想逃避回答关键问题。	面对同事的追问，她装疯卖傻地转移话题。
cy_00660	连续几次失窃让整个小区人心惶惶。	裁员传闻不断，公司里一时间人心惶惶。
cy_00661	她帮了他很多次，已经仁至义尽。	对反复失信的朋友，他自认已经仁至义尽。
cy_00662	大家都在搬东西，他却只想坐享其成。	项目要靠共同努力，不能有人坐享其成。
cy_00663	骗子处心积虑地设计骗局，专骗老人。	他处心积虑地排挤同事，想独占晋升机会。
cy_00664	演员的滑稽表演让观众捧腹大笑。	听完妹妹讲的趣事，全家人捧腹大笑。
cy_00665	她终于买到了称心如意的书桌。	这份新工作让他称心如意，干劲十足。
cy_00666	他嘴上说赞成，表情却显得言不由衷。	她不愿说言不由衷的赞美，选择了沉默。
cy_00667	被埋藏多年的古城遗址终于重见天日。	那份被遗忘的手稿经过整理，终于重见天日。
cy_00668	施工现场机器轰鸣，声音震耳欲聋。	演唱会的欢呼声震耳欲聋，持续了很久。
cy_00669	人命关天，救援工作一刻也不能耽误。	她提醒大家，人命关天，不能忽视这些隐患。
cy_00670	几位年轻力壮的邻居帮老人抬起了衣柜。	他年轻力壮，很快完成了搬运工作。
cy_00671	这座楼因施工偷工减料，出现了裂缝。	顾客发现厂家偷工减料，要求退货。
cy_00672	她多年认真研究，这次获奖实至名归。	冠军表现十分稳定，夺冠可以说实至名归。
cy_00673	他诚心诚意地道歉，希望获得原谅。	我们诚心诚意地邀请你参加社区活动。
cy_00674	她不再对欺凌逆来顺受，主动寻求帮助。	他长期逆来顺受，从不表达自己的意见。
cy_00675	遇到困难时，队员们仍一往无前。	她带着创业的理想，一往无前地努力着。
cy_00676	班长以身作则，总是先把垃圾分类。	经理以身作则，按时完成自己的任务。
cy_00677	看到同伴遭遇困难，他却冷眼旁观。	邻居主动来帮忙，没有人冷眼旁观。
cy_00678	那篇文章危言耸听，夸大了普通食品的风险。	请别用危言耸听的标题吓唬读者。
cy_00679	方向选错了，再努力也可能徒劳无功。	他没找准漏水处，修了半天仍徒劳无功。
cy_00680	小说里的艺术家放荡不羁，常常不守约定。	他年轻时放荡不羁，后来才学会承担责任。
cy_00681	连续几部作品平淡，观众怀疑他江郎才尽。	她换了创作题材，用新作回应江郎才尽的质疑。
cy_00682	这场洪水给沿河村庄带来了灭顶之灾。	失去唯一大客户，对小公司几乎是灭顶之灾。
cy_00683	孩子们在操场上奔跑，显得生气勃勃。	新开的花园生气勃勃，吸引了不少游客。
cy_00684	大家都说她神通广大，总能找到需要的资料。	这位修理师傅神通广大，连老设备也能修好。
cy_00685	没有实地调查，这份方案只是纸上谈兵。	教练让队员实际演练，避免纸上谈兵。
cy_00686	她为人表里如一，说到的事一定做到。	他在镜头前后都很友善，确实表里如一。
cy_00687	那只获救的小狗遍体鳞伤，需要治疗。	他跌下山坡后遍体鳞伤，幸好及时获救。
cy_00688	这位科学家是该领域的风云人物。	当年的体育风云人物，如今正培养年轻队员。
cy_00689	救援队员冲锋陷阵，赶在前面排除险情。	新项目遇到困难，她总是主动冲锋陷阵。
cy_00690	上次因没备份丢了文件，这回有前车之鉴。	邻厂发生的火灾给我们提供了前车之鉴。
cy_00691	他在嘈杂的广场喊得声嘶力竭。	歌迷声嘶力竭地欢呼，迎接乐队返场。
cy_00692	她天马行空的想象，为电影带来奇妙场景。	孩子的故事天马行空，连月亮也会开商店。
cy_00693	听到提议，同学们异口同声地说好。	大家异口同声地感谢志愿者的帮助。
cy_00694	有人故意挑拨离间，破坏两家人的关系。	她识破了对方挑拨离间的企图。
cy_00695	他转述消息时添油加醋，改变了原意。	这件小事被添油加醋，说成了一场严重争吵。
cy_00696	我们素不相识，他却主动帮我搬行李。	她把雨伞借给了一个素不相识的陌生人。
cy_00697	他迟迟没有解释，似乎有难言之隐。	她理解朋友有难言之隐，没有继续追问。
cy_00698	这座小岛的生态价值曾经鲜为人知。	他多年默默助人的事迹一直鲜为人知。
cy_00699	两份重复的表格终于合而为一。	两支小队合而为一，共同完成救援任务。
cy_00700	这次取得好成绩，我们还要再接再厉。	实验已有进展，研究团队决定再接再厉。
cy_00701	司机遇到争执便破口大骂，引来路人劝阻。	他因一点小事对同事破口大骂，实在失礼。
cy_00702	这部纪录片凝聚了导演多年的呕心沥血。	老师呕心沥血地培养学生，终于看见进步。
cy_00703	听说奖学金申请成功，她喜出望外。	失散的家人突然到来，让老人喜出望外。
cy_00704	谎言被揭穿后，他恼羞成怒地摔了杯子。	被人指出抄袭，她竟恼羞成怒，反过来骂人。
cy_00705	纪念馆展示了那些流芳百世的英雄事迹。	他的仁爱行为受到赞颂，有望流芳百世。
cy_00706	这座举世闻名的古城每天吸引许多游客。	那位举世闻名的科学家仍坚持亲自做实验。
cy_00707	救援队争分夺秒地寻找被困人员。	截止日期临近，团队争分夺秒地检查资料。
cy_00708	看到她精湛的演奏，我佩服得五体投地。	他修好了旧机器，大家佩服得五体投地。
cy_00709	他被获奖的喜悦冲昏头脑，忘了认真练习。	她提醒自己不要让暂时的成功冲昏头脑。
cy_00710	商家不能唯利是图，忽视食品安全。	那人唯利是图，为赚钱连朋友也欺骗。
cy_00711	站在高楼边缘，他突然头晕目眩。	她在烈日下排队太久，感到头晕目眩。
cy_00712	优美的琴声让观众听得如痴如醉。	他读着那部冒险小说，简直如痴如醉。
cy_00713	年轻队员意气风发，满怀信心走进赛场。	她大学毕业时意气风发，准备迎接新工作。
cy_00714	引用别人的话不能断章取义。	那篇报道断章取义，歪曲了受访者的意思。
cy_00715	这位教授温文尔雅，说话总是很有礼貌。	他温文尔雅，即使意见不同也不大声争吵。
cy_00716	大风吹过，牢固的石像依旧纹丝不动。	搬运工合力推门，门却纹丝不动。
cy_00717	证据已经很清楚，他仍然胡搅蛮缠。	那位顾客胡搅蛮缠，提出了不合理的要求。
cy_00718	处理工作要分清轻重缓急，先解决险情。	她按照轻重缓急安排今天的任务。
cy_00719	听到这个建议，他不以为然地摇了摇头。	她对所谓的速成秘诀不以为然。
cy_00720	听到突来的消息，他不动声色地继续开会。	她不动声色地记下线索，等待进一步核实。
cy_00721	他在车站东张西望，寻找来接他的朋友。	孩子第一次逛博物馆，好奇地东张西望。
cy_00722	这部影片记录了先辈建设国家的丰功伟绩。	纪念碑上的文字铭记着英雄的丰功伟绩。
cy_00723	食堂刚开门，同学们就争先恐后地排队。	春天一到，园里的花争先恐后地开放。
cy_00724	公司培训和设备更新双管齐下，提高了效率。	她通过运动和规律作息双管齐下，改善状态。
cy_00725	这部反映浪费现象的纪录片发人深省。	那位老人讲述的亲身经历十分发人深省。
cy_00726	既然接下了这项任务，就应该善始善终。	她善始善终，直到展览结束才离开岗位。
cy_00727	修理工埋头苦干，终于让机器恢复运转。	他每天埋头苦干，很少谈论自己的成绩。
cy_00728	只是换一张桌子，不必大动干戈。	两人为了停车位置大动干戈，引来邻居劝阻。
cy_00729	那座大楼的维修费用简直是天文数字。	对普通家庭来说，这笔债务是天文数字。
cy_00730	报告应实事求是，不能夸大项目成绩。	她实事求是地承认失误，提出改进办法。
cy_00731	新骗局层出不穷，大家要提高警惕。	设计比赛中，新颖的创意层出不穷。
cy_00732	项目几乎停下时，新订单让局面峰回路转。	沿着山路前行，峰回路转处出现了一座小桥。
cy_00733	小猫张牙舞爪地扑向晃动的玩具。	他一生气就张牙舞爪，显得十分凶狠。
cy_00734	长期照顾家人又要工作，让她心力交瘁。	连续处理几场危机后，他已经心力交瘁。
cy_00735	社区环境的改善，是大家有目共睹的。	她对工作的认真负责，同事们有目共睹。
cy_00736	对那个犯下重罪的恶人，他愤怒地说死有余辜。	电影里的暴君残害百姓，观众认为他死有余辜。
cy_00737	这两人狼狈为奸，合伙骗取老人的积蓄。	商家与检验员狼狈为奸，伪造合格证明。
cy_00738	他翻箱倒柜地寻找那本旧相册。	出门前，她翻箱倒柜也没找到备用钥匙。
cy_00739	他借着老板的信任，在同事面前耀武扬威。	那人开着豪车耀武扬威，令邻居反感。
cy_00740	您亲自来参加小店开业，让我们蓬荜生辉。	老作家到我家做客，真让小屋蓬荜生辉。
cy_00741	新入职的她如饥似渴地学习业务知识。	孩子们如饥似渴地阅读新送来的图书。
cy_00742	广场上的居民载歌载舞，庆祝节日。	演出结束后，演员和观众载歌载舞。
cy_00743	两人情投意合，很快决定一起创业。	他们因为共同的兴趣而情投意合。
cy_00744	他年轻时血气方刚，遇到矛盾容易冲动。	这些血气方刚的队员需要学会冷静应对。
cy_00745	道路建设和环境整治齐头并进。	两项实验齐头并进，都取得了初步进展。
cy_00746	骗子趁管理混乱乘虚而入，骗走了货款。	病毒可能在防护不足时乘虚而入。
cy_00747	亲人去世后，她一度整天以泪洗面。	孩子迟迟没有消息，母亲每天以泪洗面。
cy_00748	这项发现被誉为该领域开天辟地的突破。	小说讲述了巨人开天辟地的神话故事。
cy_00749	孩子急不可待地打开了生日礼物。	得知朋友抵达，她急不可待地奔向车站。
cy_00750	决定去留不能意气用事，要冷静考虑。	他一时意气用事辞了职，后来十分后悔。
cy_00751	她听出了经理的言外之意，主动修改方案。	那句简短提醒有言外之意，他没有听懂。
cy_00752	裁判不偏不倚，公平地处理了这次争议。	讨论双方意见时，她保持不偏不倚的态度。
cy_00753	这项规定完全不顾特殊情况，显得不近人情。	朋友家里有急事，拒绝调班未免不近人情。
cy_00754	他利用职位作威作福，最终受到处分。	那名头目在街区作威作福，欺压商户。
cy_00755	夫妻俩同甘共苦，终于把小店经营起来。	团队在创业过程中同甘共苦，建立了信任。
cy_00756	她的科学贡献让她名垂青史。	这些保护文化遗产的人将有机会名垂青史。
cy_00757	学习游泳要循序渐进，先掌握基本动作。	她循序渐进地增加运动量，逐步恢复体力。
cy_00758	他感冒后昏昏沉沉，只想躺下休息。	连续熬夜让她白天昏昏沉沉，难以集中精神。
cy_00759	洪水冲毁家园，许多居民流离失所。	影片讲述了一个流离失所家庭的生活。
cy_00760	他灵机一动，用纸板做了临时挡雨板。	她灵机一动，想出了寻找失物的新办法。
cy_00761	那位腰缠万贯的商人仍然保持简朴生活。	他幻想自己腰缠万贯，却从不认真工作。
cy_00762	骑车上班既锻炼身体又减少排放，一举两得。	参加读书会能学知识也能交朋友，真是一举两得。
cy_00763	看到邻居有困难，他却觉得事不关己。	公共通道被堵住，大家不能事不关己。
cy_00764	听到朋友求助，她二话不说就赶来了。	他二话不说，拿起工具帮邻居修门。
cy_00765	项目涉及多人利益，还是从长计议为好。	搬家的事情不必着急，我们可以从长计议。
cy_00766	在他看来，遵守承诺是天经地义的事。	人人都认为保护孩子的安全是天经地义的。
cy_00767	双方多年的合作终于开花结果。	耐心培育的果树今年开始开花结果。
cy_00768	他得了奖后忘乎所以，竟迟到也不解释。	她玩游戏玩得忘乎所以，错过了吃饭时间。
cy_00769	小说情节太精彩，让她读得欲罢不能。	他迷上了拼装模型，一做起来就欲罢不能。
cy_00770	他赢了一场比赛便洋洋得意，忘了继续训练。	她洋洋得意地展示新作品，希望得到称赞。
cy_00771	为了参加晚宴，她打扮得浓妆艳抹。	舞台上的演员浓妆艳抹，造型十分醒目。
cy_00772	车坏了又遇到大雨，真是祸不单行。	他刚失业就生了病，感到祸不单行。
cy_00773	广告把产品说得神奇无比，明显言过其实。	他的成绩不错，但那番自夸有些言过其实。
cy_00774	灾后重建需要大家万众一心，共同努力。	居民们万众一心，守护家门口的河流。
cy_00775	站在观景台上，整座港口一览无余。	展厅布局清楚，主要展品一览无余。
cy_00776	她不厌其烦地向新同事说明操作步骤。	孩子反复提问，爷爷仍不厌其烦地回答。
cy_00777	图书按类别排放，整个书架井然有序。	志愿者安排得当，入场队伍井然有序。
cy_00778	他为人光明磊落，从不隐瞒自己的失误。	她光明磊落地竞争，不靠背后的关系。
cy_00779	这位演员的表演出神入化，让人忘了是在看戏。	她的雕刻技艺出神入化，人物十分逼真。
cy_00780	发现错过报名期限，他后悔莫及。	她没听劝阻损坏了设备，事后后悔莫及。
cy_00781	想到自己被骗，他恨得咬牙切齿。	受害者提起那个骗子，仍然咬牙切齿。
cy_00782	这位德高望重的教师受到全镇人的敬爱。	大家请德高望重的老人来调解邻里纠纷。
cy_00783	他不该对别人的财产抱有非分之想。	明知对方已经拒绝，他仍存着非分之想。
cy_00784	他为了炫耀，在宴会上挥霍无度，一掷千金。	那人购买名画时一掷千金，毫不犹豫。
cy_00785	发现合同被擅自改动，经理勃然大怒。	听到有人污蔑家人，他顿时勃然大怒。
cy_00786	这座酒店大厅富丽堂皇，装饰十分华美。	展览重现了宫殿富丽堂皇的内部陈设。
cy_00787	第一次走过高空吊桥，她心惊胆战。	车轮突然打滑，全车人都心惊胆战。
cy_00788	听完解释，他恍然大悟，终于找到了错误。	看到旧照片，她恍然大悟，认出了那位邻居。
cy_00789	山里的天气捉摸不定，最好随身带伞。	他态度捉摸不定，让合作伙伴十分困惑。
cy_00790	小女儿是爷爷奶奶的掌上明珠。	她从小被父母当作掌上明珠呵护。
cy_00791	窗外是无边无际的草原，看不到尽头。	他望着无边无际的大海，心情渐渐平静。
cy_00792	我们朝夕相处多年，已经十分了解彼此。	她和这些学生朝夕相处，感情很深。
cy_00793	那名战争罪犯的恶行使他遗臭万年。	卖国者虽曾得意，最终却遗臭万年。
cy_00794	那个团伙长期为非作歹，终于被查处。	警方及时阻止了几名歹徒继续为非作歹。
cy_00795	这件独特的古代工艺品堪称举世无双。	他认为家乡那座天然石桥的景色举世无双。
cy_00796	房间被弄得乌七八糟，连门口也堆满杂物。	这些乌七八糟的传闻没有一条得到核实。
cy_00797	节日里的广场人山人海，热闹非凡。	音乐节现场人山人海，志愿者忙着维持秩序。
cy_00798	这张仿古画做得精细，几乎可以以假乱真。	诈骗者用伪造文件以假乱真，被工作人员识破。
cy_00799	坑骗病人的救命钱，真是伤天害理。	他拒绝参与那些伤天害理的勾当。
cy_00800	孩子们兴致勃勃地参加植物观察活动。	她兴致勃勃地介绍刚完成的陶艺作品。
cy_00801	决赛前，队员们早早休息，养精蓄锐。	她利用假期养精蓄锐，准备迎接新学期。
cy_00802	救援现场分秒必争，不能浪费时间。	临近截稿日期，她分秒必争地校对文章。
cy_00803	这个初出茅庐的记者对采访充满热情。	他初出茅庐时经验不足，幸好同事愿意指导。
cy_00804	毕业以后，同学们各奔东西，仍保持联系。	暑假结束，旅行的伙伴各奔东西。
cy_00805	孩子们选择了喜欢的活动，大家各得其所。	经过岗位调整，团队成员终于各得其所。
cy_00806	演员用细腻的表演展现人物的喜怒哀乐。	她在日记里记录了生活中的喜怒哀乐。
cy_00807	冬天来露营的游客屈指可数。	这批旧书保存完好的已经屈指可数。
cy_00808	家人反复劝说，他仍对骗局执迷不悟。	她认识到错误，不再执迷不悟地坚持旧做法。
cy_00809	报告写得拖泥带水，应该删去重复内容。	这位选手的动作干净利落，毫不拖泥带水。
cy_00810	最后一段路即将修通，全线通车指日可待。	她的伤势逐渐好转，恢复训练指日可待。
cy_00811	不实报道推波助澜，让小事变成了大争论。	围观者的起哄推波助澜，使双方吵得更凶。
cy_00812	他对这位脾气暴躁的同事总是敬而远之。	这项运动风险很高，她一直敬而远之。
cy_00813	这次浪费比上次有过之而无不及。	他的要求比前任有过之而无不及，让人难以接受。
cy_00814	面对突然停电，她泰然自若地安排疏散。	比赛压力很大，他仍然泰然自若。
cy_00815	这套房子很好，美中不足的是离车站较远。	演出十分精彩，美中不足的是音响有些杂音。
cy_00816	她打扮得花枝招展，高兴地去参加聚会。	节日里，姑娘们穿得花枝招展，拍照留念。
cy_00817	爷爷见多识广，总能讲出有趣的旅行故事。	这位见多识广的向导帮助我们了解当地文化。
cy_00818	听了她的解释，我对这个问题豁然开朗。	走出密林后，眼前的景色顿时豁然开朗。
cy_00819	老师的提醒让他醍醐灌顶，找到了学习方向。	这番坦诚的建议如同醍醐灌顶，使她醒悟。
cy_00820	急功近利的开发方式破坏了当地环境。	学技术不能急功近利，要打好基础。
cy_00821	荷枪实弹的警员守在重要设施入口。	影片中的士兵荷枪实弹，准备执行任务。
cy_00822	坚持练习终于成功，她相信有志者事竟成。	有志者事竟成，他多年努力终于圆了大学梦。
cy_00823	狂风暴雨袭来，大家赶紧收起阳台上的衣物。	小屋在狂风暴雨中摇晃，我们紧紧关好窗户。
cy_00824	她希望经济上独立自主，不再依赖家人。	这家公司坚持独立自主地研发核心技术。
cy_00825	迷路的徒步者饥寒交迫，终于等到救援。	救助站为饥寒交迫的流浪者提供饭菜和衣物。
cy_00826	那人满脸怒气，凶神恶煞地堵在门口。	孩子把面具画得凶神恶煞，想吓唬朋友。
cy_00827	家人照顾好了老人，让她没有后顾之忧。	托育服务解决了父母上班时的后顾之忧。
cy_00828	他奋不顾身地跳进河中救起落水孩子。	消防员奋不顾身地冲进楼内，寻找被困者。
cy_00829	孩子画了一群妖魔鬼怪，准备做故事插图。	电影里的妖魔鬼怪虽逼真，却只是特效。
cy_00830	事故已经过去，她想起时仍然心有余悸。	经历那场地震后，他至今心有余悸。
cy_00831	维修人员敷衍了事，故障很快又出现了。	处理投诉不能敷衍了事，要解决实际问题。
cy_00832	那家网红店只是昙花一现，很快失去人气。	他不希望自己的成功只是昙花一现。
cy_00833	这趟危险的探险曾被认为可能有去无回。	他担心借出去的工具有去无回，先做了登记。
cy_00834	海报已经清楚，再加花哨图案就是画蛇添足。	这份说明不必继续增加注释，免得画蛇添足。
cy_00835	答应了过多订单后，店主有些骑虎难下。	她公开作出承诺，如今发现难办，却骑虎难下。
cy_00836	大家齐心合力，终于把倒下的大树移开。	全班齐心合力，完成了校园义卖活动。
cy_00837	精密零件不能有一丝一毫的尺寸偏差。	他不肯浪费一丝一毫的食物。
cy_00838	涉及客户隐私的问题，她始终三缄其口。	警方调查期间，他对具体细节三缄其口。
cy_00839	村民勤劳耕作，生活逐渐丰衣足食。	他盼望家人都能过上丰衣足食的生活。
cy_00840	一开始玩游戏，他就把约定抛到九霄云外。	看到美食，她把减糖计划忘到九霄云外。
cy_00841	先整理资料再写文章，往往能事半功倍。	选对工具，修理这台机器就能事半功倍。
cy_00842	没有做好备份，几个月的工作可能付之东流。	最后一步失误，让她多年的努力付之东流。
cy_00843	这家企业与当地居民有着千丝万缕的联系。	两件看似独立的事情，其实有千丝万缕的关系。
cy_00844	没有调查就大放厥词，只会误导听众。	那人在网上大放厥词，攻击自己不了解的群体。
cy_00845	这片土地经过修复，在生态旅游方面大有可为。	年轻人认真钻研，在新技术领域大有可为。
cy_00846	连续盯着屏幕几个小时，她感到头昏脑胀。	嘈杂的会场让他头昏脑胀，想出去透透气。
cy_00847	小店开业时很热闹，却好景不长，渐渐冷清。	他刚适应新工作，好景不长，公司便停业了。
cy_00848	邻居经常看望那位孤苦伶仃的老人。	他从小孤苦伶仃，后来在朋友帮助下安顿下来。
cy_00849	河流的健康与沿岸居民的生活密不可分。	她认为阅读和写作是密不可分的。
cy_00850	他生病后瘦了很多，看起来弱不禁风。	这株幼苗弱不禁风，需要立支架保护。
cy_00851	见到同事被无端责备，她站出来打抱不平。	他喜欢为受欺负的邻居打抱不平。
cy_00852	那人假冒专家招摇撞骗，被受害者举报。	警方查处了一个到处招摇撞骗的团伙。
cy_00853	突然被告知工厂关闭，他感到晴天霹雳。	失去重要资料的消息，对她如同晴天霹雳。
cy_00854	影片里的军官残酷无情，欺压无辜平民。	面对求助，那人残酷无情地把门关上了。
cy_00855	听说需要活动主持人，她主动毛遂自荐。	他毛遂自荐，争取带队完成这项任务。
cy_00856	纪念馆记录了先辈浴血奋战的经历。	这部电影讲述了战士们浴血奋战的故事。
cy_00857	他对利用假药骗钱的行为深恶痛绝。	居民对乱倒垃圾污染河流的行为深恶痛绝。
cy_00858	重回老学校，许多老师已离开，真是物是人非。	老宅仍在，家人却不再住那里，她感慨物是人非。
cy_00859	台风来临时，海面上翻江倒海。	吃坏了东西，她胃里翻江倒海，十分难受。
cy_00860	山腰的村庄在晨雾中若隐若现。	远处的灯光被树枝遮挡，显得若隐若现。
cy_00861	面对新技术，公司不能因害怕失败而裹足不前。	她担心别人嘲笑自己，一直裹足不前。
cy_00862	这项科学发现曾经轰动一时。	那部电影上映时轰动一时，观众纷纷讨论。
cy_00863	订单无法完成，取消又要赔钱，他进退维谷。	继续走有危险，退路又被堵住，队伍进退维谷。
cy_00864	骗子听到警方展开调查，顿时闻风丧胆。	影片中的匪徒对这位侦探闻风丧胆。
cy_00865	这家医院的护理水平在本地区首屈一指。	她的修复技艺在同行中首屈一指。
cy_00866	高瞻远瞩的规划为城市保留了绿地。	他高瞻远瞩，早早开始培养年轻人才。
cy_00867	门外突然传来巨响，把孩子吓得魂飞魄散。	发现自己差点撞车，他顿时魂飞魄散。
cy_00868	这位作家凭畅销新书名利双收。	她的设计赢得大奖和订单，可谓名利双收。
cy_00869	丢失的相机终于失而复得，他十分开心。	钱包失而复得，让她对好心人充满感激。
cy_00870	证据面前，他仍强词夺理，不肯认错。	她指出问题，对方却用各种借口强词夺理。
cy_00871	几个人的善举像星星之火，带动了整个社区。	这次小小的创新，是未来变革的星星之火。
cy_00872	队长一马当先，率先跑完了山路。	清理积雪时，老党员一马当先带头动手。
cy_00873	她当选社区负责人，可以说众望所归。	大家一致推选这位医生领奖，确是众望所归。
cy_00874	资料准备齐全，这次申请应该十拿九稳。	他平时练得很熟，对这场比赛十拿九稳。
cy_00875	海边的岩石奇形怪状，吸引了孩子们。	他收藏了许多奇形怪状的手工陶器。
cy_00876	老师傅做事一板一眼，从不省略检查步骤。	孩子一板一眼地练习动作，十分认真。
cy_00877	同样的错误不能再犯，大家都说事不过三。	他已经两次失约，我提醒他事不过三。
cy_00878	老管线频繁漏水，更换工作势在必行。	交通事故不断，改善路口设计势在必行。
cy_00879	这家新企业后来居上，超过了老牌竞争者。	她虽然入队较晚，却凭努力后来居上。
cy_00880	他在镜头前搔首弄姿，让旁人觉得很尴尬。	那位模特故意搔首弄姿，想吸引更多目光。
cy_00881	影片中的英雄勇气十足，仿佛无坚不摧。	这支队伍配合默契，展现出无坚不摧的气势。
cy_00882	她没有打开那封来历不明的邮件。	商店拒绝收购来历不明的二手设备。
cy_00883	所谓内幕全是空穴来风，不能当作证据。	别把空穴来风的传闻当成正式通知。
cy_00884	他整理房间虎头蛇尾，最后只收拾了一半。	这项计划开头很好，却因管理松懈而虎头蛇尾。
cy_00885	河边堆积的垃圾触目惊心，必须尽快清理。	检测出的危险裂缝触目惊心，工人立即停工。
cy_00886	这部影片讲述了警员除暴安良的故事。	他希望当警察，为居民除暴安良。
cy_00887	听到家人平安的消息，她的担忧一扫而空。	假期里好好休息后，他的疲惫一扫而空。
cy_00888	他三言两语就把事情经过说明白了。	这件事很复杂，不能三言两语就说清楚。
cy_00889	他忙于研究，常常不修边幅。	那位老人不修边幅，却待人十分热情。
cy_00890	她不声不响地替大家打扫了会议室。	他不声不响地离开，却留下了感谢信。
cy_00891	这次展览让她学到很多，真是不虚此行。	看到了期待已久的景色，我们觉得不虚此行。
cy_00892	他仗势欺人，逼邻居接受不合理的条件。	负责人受到处分，不能再仗势欺人。
cy_00893	明知违法还继续造假，就是以身试法。	他侥幸以为不会被查，最终因以身试法获刑。
cy_00894	网上有许多似是而非的说法，需要认真核实。	他的解释似是而非，没真正回答问题。
cy_00895	不能凭空捏造事实，损害别人的名誉。	那张所谓的通知是有人凭空捏造的。
cy_00896	海上失联多日，家人担心他凶多吉少。	暴风雪突然加剧，救援队觉得前路凶多吉少。
cy_00897	为了保护村民，救援队再辛苦也在所不辞。	只要能帮孩子恢复健康，她付出努力在所不辞。
cy_00898	他久蹲后突然起身，感到头晕眼花。	她一整天没好好吃饭，饿得头晕眼花。
cy_00899	这位歌手的事业如日中天，演出十分抢手。	公司发展如日中天，订单持续增加。
cy_00900	那场战争使许多家庭家破人亡。	这部小说讲述了灾难后家破人亡的一家人。
cy_00901	风雪过后，来上课的学生寥寥无几。	这批旧照片里，能看清人物的寥寥无几。
cy_00902	没有通行证明，他在这座陌生城市寸步难行。	路面结冰以后，车辆几乎寸步难行。
cy_00903	先了解学习困难，辅导才能对症下药。	解决停车问题要找准原因，才能对症下药。
cy_00904	那名骗子巧舌如簧，让不少人上了当。	他巧舌如簧，却拿不出任何可靠的证据。
cy_00905	为了省一点运费而损坏货物，实在得不偿失。	熬夜赶工影响了身体健康，真是得不偿失。
cy_00906	孩子放学迟迟没回家，母亲心急如焚。	文件马上要提交，电脑却坏了，他心急如焚。
cy_00907	这部关于普通家庭的电影感人至深。	她讲述的救助经历感人至深，让听众落泪。
cy_00908	同学发生争执，也不能对别人拳打脚踢。	视频里有人对路人拳打脚踢，旁人立即报警。
cy_00909	比赛将近，队员们摩拳擦掌，跃跃欲试。	新设备到了，维修组摩拳擦掌，准备大干一场。
cy_00910	队员们昂首挺胸地走进颁奖大厅。	她昂首挺胸，勇敢地面对面试官的提问。
cy_00911	他在复杂的环境中仍坚持洁身自好。	她不参与弄虚作假，始终洁身自好。
cy_00912	有人趁仓库盘点混乱浑水摸鱼，偷走了货物。	他想在小组项目中浑水摸鱼，却被同伴发现。
cy_00913	这本书并不是解决所有难题的灵丹妙药。	提高效率没有灵丹妙药，需要逐步改进。
cy_00914	突来的瓢泼大雨把我们困在了车站。	外面下着瓢泼大雨，她赶紧关上窗户。
cy_00915	他做决定总是畏首畏尾，错过了不少机会。	她不再畏首畏尾，主动报名参加演讲。
cy_00916	孩子抱着一个硕大无比的南瓜，高兴极了。	展厅里摆着硕大无比的鲸鱼模型。
cy_00917	请用简明扼要的语言说明故障情况。	这份会议记录简明扼要，重点十分清楚。
cy_00918	她精打细算地安排生活，逐渐存下了积蓄。	小店老板精打细算，减少不必要的浪费。
cy_00919	新展览开幕后，游客纷至沓来。	好消息纷至沓来，让团队充满信心。
cy_00920	问题早已讨论过，他又在会上老调重弹。	这篇文章老调重弹，缺少新的观察。
cy_00921	孩子们聚精会神地看着木偶表演。	她聚精会神地检查账目，没有注意到下雨。
cy_00922	她的钢琴演奏行云流水，十分自然。	这篇散文写得行云流水，让人一气读完。
cy_00923	商家趁灾后急需物资涨价，简直是趁火打劫。	他想利用朋友的困境趁火打劫，低价收购房屋。
cy_00924	她在比赛中一路过关斩将，进入决赛。	团队过关斩将，终于拿到了重要订单。
cy_00925	这位年轻选手是田径队的后起之秀。	那位摄影师被同行称为后起之秀。
cy_00926	第一次见到崇敬的作家，他显得诚惶诚恐。	她诚惶诚恐地接下重任，生怕辜负信任。
cy_00927	道路修通以后，村民逐渐过上安居乐业的生活。	居民期待社区安全稳定，人人能够安居乐业。
cy_00928	他愿做一个顶天立地、勇于负责的人。	她用自己的行动展示了顶天立地的担当。
cy_00929	他取得一点成绩就妄自尊大，不肯继续学习。	这家公司妄自尊大，完全忽视了顾客意见。
cy_00930	账目一查，那个骗子终于露出了狐狸尾巴。	他的说辞前后矛盾，很快露出狐狸尾巴。
cy_00931	订单突然增加，员工整天疲于奔命。	她同时承担太多工作，已经疲于奔命。
cy_00932	他想用假报表瞒天过海，却被审计发现。	骗子企图瞒天过海，偷偷转移客户的钱。
cy_00933	邮递员翻山越岭，把信送到偏远村庄。	我们翻山越岭，终于找到那片高山草甸。
cy_00934	我对这项技术一知半解，还需要请教专家。	他一知半解就急着操作，结果弄坏了设备。
cy_00935	听到朋友求助，她不假思索地答应了。	这道题练过多次，他不假思索就写出了答案。
cy_00936	这门手工技艺在村里世代相传。	家族的老食谱世代相传，保留着熟悉的味道。
cy_00937	面对两份工作邀请，她一时举棋不定。	他在是否搬家这件事上举棋不定。
cy_00938	假期不能只顾吃喝玩乐，也要好好休息。	他整天只想吃喝玩乐，不愿承担家庭责任。
cy_00939	四季周而复始，果农年年照料这片果园。	机器周而复始地运转，需要定期维护。
cy_00940	发现有人落水，她当机立断拨打了救援电话。	经理当机立断，停止销售有问题的产品。
cy_00941	看着修复后的古建筑，敬意在他心中油然而生。	听到志愿者的故事，她的感激油然而生。
cy_00942	面对意外的变化，他选择泰然处之。	即使被批评，她也能泰然处之，认真反思。
cy_00943	那只流浪狗瘦骨嶙峋，急需食物和治疗。	久病之后，他瘦骨嶙峋，家人十分担心。
cy_00944	合住之前，我们先约法三章，明确各自责任。	班长与大家约法三章，共同维护教室整洁。
cy_00945	这是最后一次选拔机会，她决定背水一战。	球队已没有退路，只能在决赛中背水一战。
cy_00946	能得到您亲自指导，我真是三生有幸。	他见到了仰慕多年的画家，觉得三生有幸。
cy_00947	改造后的生产效率与过去不可同日而语。	她现在的演奏水平与初学时不可同日而语。
cy_00948	演员通过举手投足展现人物的性格。	她举手投足间都显得从容有礼。
cy_00949	邻居送来鲜花，祝贺我们乔迁之喜。	朋友们聚在新家，一起庆祝他的乔迁之喜。
cy_00950	多去看看外面的世界，别做井底之蛙。	他发现自己的见识有限，不能再当井底之蛙。
cy_00951	这孩子伶牙俐齿，常把爷爷逗得哈哈大笑。	她伶牙俐齿，在辩论中回应十分迅速。
cy_00952	骗子偷梁换柱，把真货换成了廉价仿品。	他企图在合同中偷梁换柱，改变付款条件。
cy_00953	她耐心讲清事情的前因后果，消除了误会。	调查必须了解前因后果，不能只看一段视频。
cy_00954	海底的生物千奇百怪，让孩子们看得入迷。	展览里有千奇百怪的创意家具。
cy_00955	山区天气变化无常，出发前要准备雨具。	他情绪变化无常，同事很难与他沟通。
cy_00956	孩子把洗手液当颜料，弄得妈妈哭笑不得。	他认真答错了最简单的问题，让同伴哭笑不得。
cy_00957	再这样乱花钱，月底就要喝西北风了。	没有工作又不愿谋生，他只能担心喝西北风。
cy_00958	刚出炉的面包香气扑鼻，让人垂涎欲滴。	她端出热腾腾的饺子，孩子们垂涎欲滴。
cy_00959	他花钱大手大脚，工资总是存不下来。	她开始记账，改掉了大手大脚的习惯。
cy_00960	经历事业的大起大落后，他变得更加稳重。	这家公司几经大起大落，终于找到稳定方向。
cy_00961	大家都盼望天下太平，家人平安相聚。	即使眼前看似天下太平，也不能忽视隐患。
cy_00962	警方布下天罗地网，最终抓获了逃犯。	影片中的主角设下天罗地网，等待罪犯现身。
cy_00963	她从信的字里行间读出了母亲的思念。	文章字里行间透露着作者对故乡的热爱。
cy_00964	他不愿安于现状，报名学习新的技能。	公司若安于现状，很快就会落后于市场。
cy_00965	长期干旱使这片土地寸草不生。	污染严重的山坡寸草不生，急需生态修复。
cy_00966	双方调解失败，只能对簿公堂。	为了追回欠款，他决定与对方对簿公堂。
cy_00967	那人故意接近孩子，显然居心叵测。	这份匿名消息来路不明，发布者可能居心叵测。
cy_00968	公司已经山穷水尽，急需找到新的订单。	她一度觉得山穷水尽，朋友的帮助带来了转机。
cy_00969	这位拳手左右开弓，让对手难以招架。	他练习打沙袋时左右开弓，动作十分有力。
cy_00970	他在文章里引经据典，解释节日的历史。	教授引经据典地论证观点，学生认真做笔记。
cy_00971	侦查人员用引蛇出洞的办法发现了诈骗者。	影片里的警探引蛇出洞，让嫌疑人暴露踪迹。
cy_00972	被困的队伍弹尽粮绝，只能等待救援。	小说中的守军弹尽粮绝，仍坚持守住阵地。
cy_00973	她用事实证明了方案的价值，让大家心服口服。	这次比赛输得心服口服，他决定加强训练。
cy_00974	这对夫妻多年互相扶持，感情忠贞不渝。	影片里的战士对信念忠贞不渝，从未动摇。
cy_00975	他为了息事宁人，主动退还了争议款项。	她选择息事宁人，不再为这点小事争吵。
cy_00976	那个恶贯满盈的罪犯终于受到法律制裁。	影片中的恶人恶贯满盈，百姓盼他被抓。
cy_00977	老人写给志愿者的感谢信感人肺腑。	她讲述的重逢故事感人肺腑，令人落泪。
cy_00978	两位朋友推心置腹地谈了一整晚。	经理与员工推心置腹地交流，解开了误会。
cy_00979	他经常搬弄是非，破坏同事之间的关系。	我们不该搬弄是非，传播未经核实的闲话。
cy_00980	这张资格证成了她进入行业的敲门砖。	扎实的作品集是他申请设计工作的敲门砖。
cy_00981	他抛下患病的家人不管，实在无情无义。	那个无情无义的人连老朋友也不愿帮助。
cy_00982	修复生态时不我待，我们必须尽快行动。	机会转瞬即逝，时不我待，要抓紧准备。
cy_00983	面对复杂传闻，我们要学会明辨是非。	她希望孩子能够明辨是非，不随意伤害别人。
cy_00984	沙尘暴袭来，窗外顿时昏天黑地。	天空乌云密布，一时间昏天黑地。
cy_00985	新合作伙伴出现，让困难中的项目柳暗花明。	穿过狭窄山道，前方突然柳暗花明。
cy_00986	出口已被封住，逃犯成了瓮中之鳖。	影片中的骗子落入圈套，像瓮中之鳖一样无处可逃。
cy_00987	他目空一切，从不认真听取专家意见。	年轻选手不该目空一切，要尊重对手。
cy_00988	父母省吃俭用，为孩子准备学习费用。	她省吃俭用，终于攒够了开店的钱。
cy_00989	大家希望家乡繁荣昌盛，生活越来越好。	这场展览呈现了城市繁荣昌盛的一面。
cy_00990	他做事缩手缩脚，始终不敢尝试新方法。	有了同事支持，她终于不再缩手缩脚。
cy_00991	爷爷老当益壮，还每天骑车去公园。	这位退休工程师老当益壮，仍参与技术指导。
cy_00992	他整日花天酒地，很快耗尽了积蓄。	小说里的富少花天酒地，不顾家人的劝告。
cy_00993	那人装神弄鬼，骗取村民的钱财。	骗子用灯光和烟雾装神弄鬼，终于被揭穿。
cy_00994	歹徒被包围后仍负隅顽抗，拒不投降。	影片中的敌军负隅顽抗，最终还是失败了。
cy_00995	这位身经百战的队长在危急时刻十分冷静。	他身经百战，懂得怎样应对比赛中的变化。
cy_00996	车到山前必有路，我们先把眼前的准备做好。	她相信车到山前必有路，没有被暂时的困难吓倒。
cy_00997	丢了重要的纪念物，她追悔莫及。	他错过道歉的机会，如今追悔莫及。
cy_00998	今天风和日丽，很适合到郊外散步。	在风和日丽的午后，孩子们在公园放风筝。
cy_00999	他不愿与那些不三不四的人来往。	他说了一堆不三不四的话，让大家很反感。
cy_01000	她为保护这片湿地大声疾呼，呼吁停止污染。	专家大声疾呼，提醒社会重视儿童阅读。
