# AI contextual wording corrections; preserve the selected current sense, not a human sign-off.
cy_00001	being difficult to believe
cy_00002	being beyond ordinary understanding
cy_00003	something holding true regardless of the circumstances
cy_00004	relief and gratitude after a difficulty is resolved
cy_00015	a complicated story that takes time to explain
cy_00020	something being clear and easy to recognize
cy_00024	a thoroughly confused or disastrous state
cy_00025	everyone taking their assigned position
cy_00027	having no good or correct points at all
cy_00028	watching from the sidelines without helping
cy_00033	other things of the same kind
cy_00034	something happening without any apparent reason
cy_00036	something being proper and naturally expected
cy_00038	total mental and physical exhaustion
cy_00043	feeling more gratitude than words can express
cy_00044	something being complete and thorough
cy_00047	continuing in the same way as before
cy_00048	refusing or being unable to provide information
cy_00055	every action or movement a person makes
cy_00056	a safe and pleasant journey
cy_00063	complete dedication without reservation
cy_00065	something being widely known
cy_00074	total physical and mental exhaustion
cy_00076	remaining safe and unharmed
cy_00077	something happening naturally without deliberate intervention
cy_00079	something appearing suddenly and unexpectedly
cy_00085	being trapped in a desperate situation with no way out
cy_00088	working closely together toward a shared goal
cy_00093	changing the appearance while leaving the substance unchanged
cy_00094	speaking or writing directly about the main point
cy_00097	making no useful difference to a problem
cy_00109	being in immediate danger
cy_00112	having no understanding of a subject
cy_00115	the truth becoming fully clear
cy_00116	the period from one's birth until now
cy_00122	a course with no viable way forward
cy_00123	something being seamless and without detectable flaws
cy_00131	complete mental and physical exhaustion
cy_00134	having everything that could be needed
cy_00136	the full truth becoming known
cy_00139	a person with no fame or important position
cy_00143	a reputation or name matching reality
cy_00147	what someone is capable of doing
cy_00148	being caught unprepared with no time to respond
cy_00149	staying outside a matter and avoiding involvement
cy_00151	being neatly arranged and well organized
cy_00155	remaining composed as if nothing had happened
cy_00157	something exceeding the limits of one's patience
cy_00159	one person or thing replacing another
cy_00161	the whole period from beginning to end
cy_00163	a healthy, radiant appearance
cy_00169	expressing a point indirectly and evasively
cy_00171	something disappearing completely
cy_00176	acting involuntarily or without conscious control
cy_00179	the years of a person's remaining life
cy_00188	a task being extremely easy
cy_00199	catching or eliminating an entire group at once
cy_00210	escaping alive from mortal danger
cy_00213	a search being extremely difficult
cy_00216	being bewildered and unsure how to act
cy_00223	an attractive appearance lacking real substance
cy_00227	being sensible and willing to listen to reason
cy_00231	the expectation of meeting again in the future
cy_00241	something being delightful to look at
cy_00245	trivial matters of little importance
cy_00247	fully deserving an honor or reputation
cy_00252	extreme hardship and suffering
cy_00257	a very long journey from far away
cy_00262	directions or aims being completely opposed
cy_00274	a separated couple being reunited
cy_00277	a very large difference between two things
cy_00281	deliberately searching for minor faults in others
cy_00282	making anger or an already serious situation worse
cy_00291	complete disappearance or destruction
cy_00293	cutting off a relationship decisively
cy_00295	a target of criticism from everyone
cy_00300	overcoming opposition wherever one advances
cy_00306	mechanically copying ideas without understanding them
cy_00308	something being unsurprising
cy_00311	inventing something with no basis in fact
cy_00315	a desperate final struggle to avoid destruction
cy_00317	the first person to initiate a harmful practice
cy_00326	a disorderly group with no effective organization
cy_00330	maintaining a solemn and serious manner
cy_00337	something continuing in an unbroken stream
cy_00341	being extremely thin and emaciated
cy_00345	working in a practical and conscientious way
cy_00353	staying close to someone without leaving their side
cy_00355	barely surviving or prolonging a failing situation
cy_00360	gaining an advantage by acting before others
cy_00367	having more than enough of something
cy_00369	childhood intimacy between future sweethearts
cy_00401	correcting a problem after a loss to prevent further harm
cy_00411	talking irresponsibly without regard for the facts
cy_00412	identifying the essential point directly and precisely
cy_00414	a situation being settled with the outcome clear
cy_00415	success coming naturally once the conditions are ready
cy_00420	handling a familiar task easily through experience
cy_00425	boasting about oneself
cy_00427	standing out from others through appearance or ability
cy_00430	backing out of a shared undertaking midway
cy_00431	an opportunity to put one's abilities to use
cy_00433	praising someone or something continuously
cy_00437	performing a task smoothly and skillfully
cy_00438	familiar remarks with nothing new to offer
cy_00439	regrouping after failure to make another attempt
cy_00440	adapting calmly to whatever circumstances arise
cy_00451	calm and uneventful conditions
cy_00463	appearing and disappearing unpredictably
cy_00465	a person whose behavior harms the whole group
cy_00466	removing the root cause of trouble completely
cy_00469	something enormous and imposing
cy_00480	something continuing without end
cy_00481	persistently investigating a matter to its roots
cy_00482	something remaining exactly as it was
cy_00484	a sudden and severe decline
cy_00489	making picky or disparaging comments about others
cy_00493	a bad situation or behavior becoming still worse
cy_00496	something being already decided and impossible to undo
cy_00497	showing leniency and allowing a way out
cy_00504	mutual sympathy between people with similar troubles
cy_00505	something having no value at all
cy_00509	being entirely free from dirt or corrupting influences
cy_00515	a vast difference between two things
cy_00521	skill improving through repeated practice
cy_00529	a frightening or intensely dramatic experience
cy_00530	changing an entire situation fundamentally
cy_00535	being severely criticized or completely refuted
cy_00538	looking insignificant beside something much greater
cy_00543	being lively and full of energy
cy_00548	avoiding trouble through preparation
cy_00552	saving a dangerous situation through determined effort
cy_00566	turning a dangerous situation into a safe one
cy_00568	cooperating to overcome a shared difficulty
cy_00576	an empty promise that will not be fulfilled
cy_00578	being entirely unconcerned
cy_00587	being fluent and persuasive in speech
cy_00593	trapping oneself through one's own actions
cy_00596	scheming and competing against others for advantage
cy_00601	attracting no interest or attention
cy_00602	giving meticulous care in every detail
cy_00603	letting go of blame for past mistakes
cy_00607	an incident becoming the subject of widespread discussion
cy_00615	actions taken openly with great fanfare
cy_00621	two sides being evenly matched
cy_00625	following others without independent judgment
cy_00635	keeping pace with someone of equal ability
cy_00636	the strong exploiting or overpowering the weak
cy_00644	creating an original style or approach
cy_00645	a view extending as far as the eye can see
cy_00646	a tense confrontation close to erupting
cy_00649	claims or accusations made without factual evidence
cy_00650	being willing to commit any kind of wrongdoing
cy_00671	cutting corners in labor or materials at the expense of quality
cy_00682	a devastating disaster
cy_00685	empty theorizing without practical knowledge
cy_00690	learning from someone else's earlier failure
cy_00700	continuing to work hard after each achievement
cy_00719	disagreeing with a view or refusing to accept it as correct
cy_00720	remaining calm without revealing one's feelings
cy_00733	behaving fiercely and threateningly
cy_00754	abusing one's position and power
cy_00757	making steady progress in the proper order
cy_00764	acting promptly without further words or objections
cy_00773	exaggerating beyond the actual facts
cy_00776	taking repeated trouble willingly and patiently
cy_00834	adding something unnecessary that spoils the result
cy_00835	being unable to continue comfortably or stop safely
cy_00843	many close and complicated connections
cy_00845	something having considerable potential and being worth pursuing
cy_00855	volunteering oneself for a task or position
cy_00863	being trapped in a difficult dilemma
cy_00865	being ranked first or considered the best
cy_00881	being powerful enough to overcome every obstacle
cy_00888	expressing something in only a few words
cy_00899	being at the height of prosperity or influence
cy_00903	choosing an effective solution for the specific problem
cy_00912	profiting from a confused or chaotic situation
cy_00921	focusing one's full attention
cy_00923	exploiting another person's crisis for personal gain
cy_00924	overcoming successive obstacles or opponents
cy_00926	feeling deeply anxious and respectfully apprehensive
cy_00937	being unable to make a decision
cy_00946	being exceptionally fortunate
cy_00959	spending money or using resources extravagantly
cy_00962	a tight net of capture with no route of escape
cy_00968	being in a desperate situation with no way forward
cy_00972	running out of ammunition and essential supplies
cy_00975	settling a dispute so that people can live in peace
cy_00985	a hopeful turning point after difficulty
cy_00986	someone already trapped and unable to escape
cy_00993	using deceptive tricks to mislead others
