组词	拼音	英文释义	词性	解释	例句一	英语一	例句二	英语二
牙刷	yá shuā	toothbrush	noun	A brush used to clean the teeth.	我把牙刷放在洗手台上。	I put the toothbrush on the washbasin.	这把牙刷的刷毛很软。	The bristles of this toothbrush are soft.
洗发水	xǐ fà shuǐ	shampoo	noun	A liquid used to wash the hair.	这瓶洗发水快用完了。	This bottle of shampoo is almost empty.	爸爸用洗发水洗头。	Dad washes his hair with shampoo.
沐浴露	mù yù lù	shower gel	noun	A liquid cleanser used when washing the body.	浴室里放着一瓶沐浴露。	There is a bottle of shower gel in the bathroom.	她把沐浴露挤在手上。	She squeezes some shower gel onto her hand.
洗衣液	xǐ yī yè	liquid laundry detergent	noun	A liquid product used to wash clothes.	洗衣液放在洗衣机旁边。	The liquid laundry detergent is beside the washing machine.	妈妈倒了一点洗衣液进去。	Mom poured in a little liquid laundry detergent.
洗衣粉	xǐ yī fěn	washing powder	noun	A powder used to remove dirt from clothes.	这袋洗衣粉有淡淡的香味。	This bag of washing powder has a mild scent.	请把洗衣粉收好。	Please put the washing powder away.
洗衣机	xǐ yī jī	washing machine	noun	A machine that washes clothes.	洗衣机正在洗床单。	The washing machine is washing the bedsheets.	这台洗衣机放在阳台上。	This washing machine is on the balcony.
洗碗机	xǐ wǎn jī	dishwasher	noun	A machine that washes dishes and eating utensils.	洗碗机里装满了盘子。	The dishwasher is full of plates.	这些碗可以放进洗碗机。	These bowls can go in the dishwasher.
微波炉	wēi bō lú	microwave oven	noun	An appliance that uses microwaves to heat food.	我用微波炉热了一碗饭。	I heated a bowl of rice in the microwave oven.	微波炉放在厨房的架子上。	The microwave oven is on a shelf in the kitchen.
水龙头	shuǐ lóng tóu	tap; faucet	noun	A device that controls the flow of water from a pipe.	洗完手后记得关水龙头。	Remember to turn off the tap after washing your hands.	这个水龙头一直在滴水。	This tap keeps dripping.
下水道	xià shuǐ dào	drain; sewer	noun	A channel or pipe that carries used water away.	下水道堵住了，水流不下去。	The drain is blocked, so the water cannot flow away.	工人正在清理下水道。	The workers are cleaning the sewer.
马桶	mǎ tǒng	toilet	noun	A toilet bowl used in a bathroom.	小朋友已经会自己用马桶了。	The child can now use the toilet without help.	这个马桶需要清洗。	This toilet needs cleaning.
浴缸	yù gāng	bathtub	noun	A large tub in which a person can bathe.	浴缸里放满了温水。	The bathtub is filled with warm water.	浴缸旁边挂着一条毛巾。	A towel hangs beside the bathtub.
淋浴	lín yù	take a shower	verb	To wash the body under water flowing from a shower.	他运动后去淋浴。	He takes a shower after exercising.	我淋浴时喜欢用温水。	I like to use warm water when I shower.
浴巾	yù jīn	bath towel	noun	A large towel used to dry the body after bathing.	我用浴巾擦干身上的水。	I dry my body with a bath towel.	这条浴巾是蓝色的。	This bath towel is blue.
牙线	yá xiàn	dental floss	noun	A thin strand used to clean between teeth.	牙医给我看了一盒牙线。	The dentist showed me a box of dental floss.	她用牙线清理牙缝。	She cleans between her teeth with dental floss.
牙签	yá qiān	toothpick	noun	A small pointed stick used to remove food from between teeth.	桌上有一盒牙签。	There is a box of toothpicks on the table.	请把用过的牙签扔进垃圾桶。	Please throw the used toothpick into the bin.
湿巾	shī jīn	wet wipe	noun	A small piece of moistened cloth used for wiping.	她拿出一张湿巾擦手。	She takes out a wet wipe to clean her hands.	包里还有一包湿巾。	There is still a pack of wet wipes in the bag.
餐巾	cān jīn	napkin	noun	A piece of paper or cloth used at meals to wipe the mouth or hands.	服务员把餐巾放在盘子旁。	The waiter puts a napkin beside the plate.	他用餐巾擦了擦嘴。	He wipes his mouth with a napkin.
洗手液	xǐ shǒu yè	liquid hand soap	noun	A liquid cleanser used to wash the hands.	洗手液放在水龙头旁边。	The liquid hand soap is beside the tap.	洗手时可以用一点洗手液。	You can use a little liquid hand soap when washing your hands.
拖地	tuō dì	mop the floor	verb	To clean a floor with a mop.	爸爸正在客厅拖地。	Dad is mopping the floor in the living room.	拖地以后，地面还有点湿。	The floor is still a little wet after mopping.
抹布	mā bù	cleaning cloth	noun	A piece of cloth used to wipe surfaces.	这块抹布是用来擦桌子的。	This cloth is for wiping the table.	我把抹布洗干净了。	I washed the cleaning cloth.
地毯	dì tǎn	carpet; rug	noun	A thick floor covering made from fabric.	孩子坐在地毯上看书。	The child sits on the rug to read.	门口的地毯上有些灰尘。	There is some dust on the carpet by the door.
插头	chā tóu	plug	noun	The part of an electrical cord inserted into a socket.	这个插头没有插好。	This plug is not inserted properly.	爸爸把插头从插座里拔出来。	Dad pulls the plug out of the socket.
插座	chā zuò	socket; outlet	noun	A fitting into which an electrical plug is inserted.	桌子下面有一个插座。	There is a socket under the desk.	这个插座旁边不要放水杯。	Do not put a cup of water beside this socket.
衣柜	yī guì	wardrobe	noun	A cupboard used to store clothes.	她把外套挂进衣柜。	She hangs her coat in the wardrobe.	衣柜里有两个抽屉。	There are two drawers in the wardrobe.
衣架	yī jià	clothes hanger	noun	A frame or support used to hang clothes.	这件衬衫需要一个衣架。	This shirt needs a hanger.	妈妈把衣架挂在横杆上。	Mom hangs the clothes hanger on the rail.
被单	bèi dān	bedsheet	noun	A cloth sheet used as bedding.	我今天换了一条干净的被单。	I changed to a clean bedsheet today.	被单上印着小花。	There are small flowers printed on the bedsheet.
床垫	chuáng diàn	mattress	noun	A padded layer on a bed that supports a sleeping person.	这张床垫太软了。	This mattress is too soft.	床垫上铺着一条白色床单。	A white sheet covers the mattress.
枕套	zhěn tào	pillowcase	noun	A cloth cover placed around a pillow.	我把枕套拆下来洗。	I take the pillowcase off to wash it.	这个枕套和床单是一样的颜色。	This pillowcase is the same color as the sheet.
天花板	tiān huā bǎn	ceiling	noun	The upper surface inside a room.	天花板上有一盏灯。	There is a light on the ceiling.	这间屋子的天花板很高。	The ceiling in this room is very high.
厨具	chú jù	kitchen utensils	noun	Tools and equipment used to prepare food.	这些厨具放在同一个柜子里。	These kitchen utensils are kept in the same cupboard.	这家店卖各种厨具。	This shop sells all kinds of kitchen utensils.
锅铲	guō chǎn	cooking spatula	noun	A utensil used to turn or stir food in a pan or wok.	爸爸用锅铲翻动青菜。	Dad turns the vegetables with a spatula.	锅铲放在灶台旁边。	The cooking spatula is beside the stove.
平底锅	píng dǐ guō	frying pan	noun	A pan with a flat base used especially for frying food.	我用平底锅煎鸡蛋。	I fry eggs in a frying pan.	这个平底锅有长长的把手。	This frying pan has a long handle.
汤匙	tāng chí	soup spoon	noun	A spoon used to eat or serve soup.	他拿着汤匙喝汤。	He drinks soup with a soup spoon.	桌上少放了一把汤匙。	One soup spoon is missing from the table setting.
饭碗	fàn wǎn	rice bowl	noun	A bowl used for eating rice or other food.	我的饭碗里还剩一点米饭。	There is still a little rice in my bowl.	吃完饭后，他把饭碗放进水槽。	After eating, he puts his rice bowl in the sink.
保鲜	bǎo xiān	keep fresh	verb	To keep food from losing its freshness.	这个盒子可以帮助食物保鲜。	This container helps keep food fresh.	蔬菜需要保鲜，不能放太久。	Vegetables need to be kept fresh and should not be left too long.
冷藏	lěng cáng	refrigerate	verb	To keep food or other items at a low temperature without freezing them.	这盒酸奶需要冷藏。	This yogurt needs to be refrigerated.	请把剩下的蛋糕冷藏起来。	Please refrigerate the remaining cake.
过期	guò qī	expire	verb	To pass the allowed or intended period of use.	这瓶牛奶已经过期了。	This milk has expired.	请检查药品是否过期。	Please check whether the medicine has expired.
变质	biàn zhì	go bad; spoil	verb	To deteriorate in quality, especially when food is no longer fit to eat.	天气热，饭菜容易变质。	Food spoils easily in hot weather.	这块肉已经变质，不能吃了。	This meat has gone bad and cannot be eaten.
剩菜	shèng cài	leftover dishes	noun	Cooked dishes that remain after a meal.	妈妈把剩菜放进冰箱。	Mom puts the leftover dishes in the refrigerator.	今天的剩菜不多。	There are not many leftovers today.
清扫	qīng sǎo	sweep and clean	verb	To remove dirt or litter by sweeping and cleaning.	大家一起清扫教室。	Everyone sweeps and cleans the classroom together.	工人每天清扫这条街。	Workers clean this street every day.
收纳	shōu nà	put away neatly	verb	To organize and store things in a suitable place.	这些盒子用来收纳玩具。	These boxes are used to organize and store toys.	她把冬天的衣服收纳好了。	She has put away the winter clothes neatly.
洗衣	xǐ yī	wash clothes	verb	To clean clothes with water and a washing product.	奶奶在院子里洗衣。	Grandma is washing clothes in the yard.	我把洗衣的事情安排在周末。	I plan to do the laundry at the weekend.
开水	kāi shuǐ	boiled water	noun	Water that has been boiled; it can refer to boiling or cooled boiled water.	杯里的开水还很烫。	The boiled water in the cup is still very hot.	这壶开水已经凉了。	The boiled water in this kettle has cooled.
冷水	lěng shuǐ	cold water	noun	Water at a low temperature.	我用冷水洗了洗手。	I washed my hands with cold water.	这杯冷水是刚从冰箱里拿出来的。	This cold water has just been taken from the refrigerator.
下厨	xià chú	cook a meal	verb	To go into the kitchen to prepare food.	爸爸今天下厨做晚饭。	Dad is cooking dinner today.	她周末常常下厨。	She often cooks at the weekend.
煎蛋	jiān dàn	fried egg	noun	An egg cooked in a pan with a little oil.	早餐有面包和煎蛋。	There is bread and a fried egg for breakfast.	这份煎蛋的边缘有点脆。	The edge of this fried egg is a little crisp.
蛋炒饭	dàn chǎo fàn	egg fried rice	noun	Rice stir-fried with egg and often other ingredients.	我中午吃了一碗蛋炒饭。	I ate a bowl of egg fried rice for lunch.	这份蛋炒饭里有胡萝卜。	There is carrot in this egg fried rice.
食醋	shí cù	vinegar used in cooking	noun	A sour liquid used to season or prepare food.	这瓶食醋放在厨房柜子里。	This bottle of cooking vinegar is in the kitchen cupboard.	凉拌菜里加了一点食醋。	A little vinegar was added to the cold dish.
香油	xiāng yóu	sesame oil	noun	A fragrant oil made from sesame seeds and used as a seasoning.	这碗面上滴了几滴香油。	A few drops of sesame oil were added to this bowl of noodles.	香油的味道很香。	Sesame oil has a fragrant aroma.
菜油	cài yóu	rapeseed oil	noun	An edible oil made from rapeseed.	妈妈用菜油炒菜。	Mom uses rapeseed oil to stir-fry vegetables.	这瓶菜油刚刚打开。	This bottle of rapeseed oil has just been opened.
食用油	shí yòng yóu	cooking oil	noun	Oil intended for preparing food.	食用油不要倒得太多。	Do not pour in too much cooking oil.	店里有不同种类的食用油。	The shop has different kinds of cooking oil.
调料	tiáo liào	seasoning	noun	An ingredient added to food to improve or change its taste.	厨房里有盐和其他调料。	There is salt and other seasoning in the kitchen.	这道菜不用放很多调料。	This dish does not need much seasoning.
味精	wèi jīng	monosodium glutamate	noun	A seasoning commonly used to add a savory taste to food.	这包味精放在调料架上。	This packet of monosodium glutamate is on the seasoning rack.	这道汤没有放味精。	No monosodium glutamate was added to this soup.
胡椒	hú jiāo	pepper	noun	A spice with a sharp taste, commonly used to season food.	他往汤里加了一点胡椒。	He adds a little pepper to the soup.	胡椒装在这个小瓶里。	The pepper is in this small bottle.
甜味	tián wèi	sweet taste	noun	The taste commonly associated with sugar.	这个苹果有淡淡的甜味。	This apple has a mild sweet taste.	我喜欢红薯的甜味。	I like the sweet taste of sweet potatoes.
苦味	kǔ wèi	bitter taste	noun	A taste like that of some medicines or unsweetened strong coffee.	这杯茶有一点苦味。	This cup of tea has a slightly bitter taste.	孩子不喜欢这种药的苦味。	The child does not like the bitter taste of this medicine.
咸菜	xián cài	salted vegetables; pickles	noun	Vegetables preserved or seasoned with salt.	桌上有一小碟咸菜。	There is a small dish of salted vegetables on the table.	爷爷喝粥时喜欢配咸菜。	Grandpa likes to have pickles with his congee.
生姜	shēng jiāng	fresh ginger	noun	The fresh rootlike stem of ginger used in cooking.	她把生姜切成薄片。	She cuts the fresh ginger into thin slices.	这道鱼里放了一点生姜。	A little fresh ginger was added to this fish dish.
蒜头	suàn tóu	garlic bulb	noun	A bulb of garlic made up of separate cloves.	厨房里挂着几串蒜头。	Several strings of garlic bulbs hang in the kitchen.	他把蒜头掰开了。	He breaks the garlic bulb into cloves.
绿豆	lǜ dòu	mung bean	noun	A small green bean often used in soups and desserts.	奶奶用绿豆煮汤。	Grandma cooks soup with mung beans.	袋子里的绿豆是干的。	The mung beans in the bag are dried.
黄豆	huáng dòu	soybean	noun	A yellow variety of soybean used to make soy foods.	这些黄豆泡在水里。	These soybeans are soaking in water.	妈妈买了一袋黄豆。	Mom bought a bag of soybeans.
红豆	hóng dòu	red bean	noun	A small red bean often used in sweet food.	面包里有甜甜的红豆。	There are sweet red beans inside the bread.	红豆需要煮软才好吃。	Red beans need to be cooked until soft to taste good.
扁豆	biǎn dòu	hyacinth bean	noun	A bean with broad flat pods, commonly eaten as a vegetable.	奶奶买了一篮扁豆。	Grandma bought a basket of hyacinth beans.	这盘扁豆已经炒熟了。	The hyacinth beans on this plate have been thoroughly cooked.
豆奶	dòu nǎi	soy milk	noun	A drink made from soybeans.	他早餐喝了一杯豆奶。	He drank a cup of soy milk for breakfast.	这盒豆奶还没有打开。	This carton of soy milk has not been opened yet.
蛋白	dàn bái	egg white	noun	The pale part of an egg surrounding the yolk.	蛋白煮熟后会变白。	Egg white turns white when cooked.	她把蛋白和蛋黄分开了。	She separates the egg white from the yolk.
蛋黄	dàn huáng	egg yolk	noun	The yellow part inside an egg.	这个鸡蛋有两个蛋黄。	This egg has two yolks.	蛋黄的颜色是金黄色的。	The yolk is golden yellow.
皮蛋	pí dàn	preserved egg	noun	An egg preserved by a traditional process, often with a dark translucent white.	这碗粥里有皮蛋。	There is preserved egg in this congee.	她把皮蛋切成小块。	She cuts the preserved egg into small pieces.
奶粉	nǎi fěn	milk powder	noun	Milk that has been dried into powder.	妈妈把奶粉放在柜子里。	Mom puts the milk powder in the cupboard.	这罐奶粉刚买回来。	This tin of milk powder has just been bought.
奶油	nǎi yóu	cream	noun	The rich fatty part of milk used in cooking and desserts.	蛋糕上有一层奶油。	There is a layer of cream on the cake.	她在汤里加了一点奶油。	She adds a little cream to the soup.
芝士	zhī shì	cheese	noun	A common borrowed word for cheese.	这个三明治里有芝士。	There is cheese in this sandwich.	芝士受热后变软了。	The cheese becomes soft when heated.
奶酪	nǎi lào	cheese	noun	A food made from milk that has been curdled and processed.	她把奶酪切成小块。	She cuts the cheese into small pieces.	冰箱里还剩一盒奶酪。	There is still a box of cheese in the refrigerator.
黄油	huáng yóu	butter	noun	A solid dairy fat used for spreading on bread and for cooking.	他在面包上抹了一点黄油。	He spreads a little butter on the bread.	黄油放在锅里慢慢融化。	The butter melts slowly in the pan.
鸡腿	jī tuǐ	chicken leg	noun	The leg of a chicken, especially as food.	他夹了一只鸡腿给妹妹。	He gives his younger sister a chicken leg with his chopsticks.	这只鸡腿烤得很香。	This chicken leg has a delicious roasted aroma.
鸡胸	jī xiōng	chicken breast	noun	The breast meat of a chicken.	她把鸡胸切成薄片。	She cuts the chicken breast into thin slices.	这份沙拉里有鸡胸。	There is chicken breast in this salad.
鱼肉	yú ròu	fish flesh	noun	The flesh of a fish eaten as food.	这块鱼肉没有刺。	This piece of fish has no bones.	孩子喜欢吃蒸熟的鱼肉。	The child likes eating steamed fish.
排骨	pái gǔ	pork ribs	noun	Meat attached to ribs, commonly pork in everyday food contexts.	妈妈正在炖排骨。	Mom is stewing pork ribs.	这碗汤里有排骨和萝卜。	There are pork ribs and radish in this soup.
肉馅	ròu xiàn	meat filling	noun	Chopped or minced meat used as a filling.	她往肉馅里加了一点盐。	She adds a little salt to the meat filling.	这些饺子里面是肉馅。	These dumplings have a meat filling.
肉丸	ròu wán	meatball	noun	A ball made from minced meat.	汤里有几个肉丸。	There are several meatballs in the soup.	她把肉丸放进锅里煮。	She puts the meatballs in the pot to cook.
肉片	ròu piàn	sliced meat	noun	A thin slice of meat.	爸爸把肉片放进热锅里。	Dad puts the slices of meat into the hot pan.	这盘肉片切得很薄。	The meat on this plate is sliced very thinly.
火腿	huǒ tuǐ	ham	noun	Preserved meat from a pig's leg, often sliced for meals.	面包里夹着火腿。	There is ham in the bread.	我把火腿切成小丁。	I cut the ham into small cubes.
香肠	xiāng cháng	sausage	noun	A food made by filling a casing with seasoned meat.	午饭有香肠和土豆。	There are sausages and potatoes for lunch.	这些香肠需要放进冰箱。	These sausages need to go in the refrigerator.
豆腐	dòu fu	tofu	noun	A soft food made from soybeans.	这块豆腐很嫩。	This piece of tofu is very soft.	奶奶用豆腐做汤。	Grandma makes soup with tofu.
豆腐干	dòu fu gān	firm dried tofu	noun	Tofu pressed into firm pieces with less water than fresh soft tofu.	这盘豆腐干切成了细条。	The firm dried tofu on this plate is cut into thin strips.	她买了一包豆腐干。	She bought a packet of firm dried tofu.
豆腐皮	dòu fu pí	tofu skin	noun	A thin soy product used in cooking, such as the skin formed on heated soy milk.	这道菜里有豆腐皮。	There is tofu skin in this dish.	妈妈把豆腐皮卷起来。	Mom rolls up the tofu skin.
豆芽	dòu yá	bean sprouts	noun	Young sprouts grown from beans and eaten as vegetables.	这盘豆芽很脆。	These bean sprouts are crisp.	她把豆芽洗好放在碗里。	She washes the bean sprouts and puts them in a bowl.
零食	líng shí	snack	noun	Food eaten between regular meals.	书包里有一小包零食。	There is a small packet of snacks in the schoolbag.	吃饭前不要吃太多零食。	Do not eat too many snacks before a meal.
白饭	bái fàn	plain cooked rice	noun	Cooked rice without other ingredients mixed in.	我要一碗白饭。	I would like a bowl of plain rice.	他把菜放在白饭上。	He puts the vegetables on the plain rice.
白粥	bái zhōu	plain rice congee	noun	Rice cooked with plenty of water without added ingredients.	早上我们喝了一碗白粥。	We had a bowl of plain congee in the morning.	这锅白粥熬得很软。	The plain congee in this pot has been cooked until very soft.
小米	xiǎo mǐ	millet	noun	A small grain used to make porridge and other food.	奶奶用小米煮粥。	Grandma cooks porridge with millet.	这一袋小米是黄色的。	The millet in this bag is yellow.
燕麦	yàn mài	oats	noun	A cereal grain often eaten as porridge or flakes.	早餐可以加一点燕麦。	You can add some oats to breakfast.	这包燕麦已经打开了。	This packet of oats has already been opened.
麦片	mài piàn	oat flakes; cereal flakes	noun	Flattened cereal grains eaten as breakfast food.	她把麦片倒进碗里。	She pours the cereal flakes into a bowl.	这碗麦片里加了牛奶。	Milk has been added to this bowl of cereal.
菜谱	cài pǔ	recipe collection; cookbook	noun	A written guide showing ingredients and ways to cook dishes.	妈妈照着菜谱做了一道菜。	Mom follows a recipe to make a dish.	这本菜谱里有很多家常菜。	This cookbook has many everyday dishes.
甜瓜	tián guā	melon	noun	A melon with sweet flesh.	这个甜瓜切开后很香。	This melon smells fragrant when cut open.	他买了两个甜瓜。	He bought two melons.
木瓜	mù guā	papaya	noun	A tropical fruit with orange flesh and small dark seeds.	她把木瓜切成小块。	She cuts the papaya into small pieces.	这个木瓜已经熟了。	This papaya is ripe.
杏子	xìng zi	apricot	noun	A small orange-yellow fruit with a stone inside.	这篮杏子是刚摘的。	The apricots in this basket have just been picked.	杏子里面有一个硬核。	There is a hard stone inside an apricot.
樱桃	yīng táo	cherry	noun	A small round fruit, commonly red when ripe.	盘子里放着红红的樱桃。	There are bright red cherries on the plate.	她把樱桃洗干净了。	She has washed the cherries.
番茄	fān qié	tomato	noun	A red fruit commonly used as a vegetable in cooking.	我把番茄切成片。	I slice the tomato.	这碗汤里有番茄和鸡蛋。	There is tomato and egg in this soup.
花菜	huā cài	cauliflower	noun	A vegetable with a compact head of pale flower buds.	妈妈把花菜分成小朵。	Mom separates the cauliflower into small florets.	今天的花菜炒得很嫩。	Today's cauliflower has been cooked until tender.
青椒	qīng jiāo	green pepper	noun	A green pepper used as a vegetable.	这道菜里有青椒。	There is green pepper in this dish.	她把青椒里的籽去掉。	She removes the seeds from the green pepper.
空心菜	kōng xīn cài	water spinach	noun	A leafy green vegetable with hollow stems.	这盘空心菜炒得很脆。	The water spinach on this plate is crisp.	她把空心菜洗净再下锅。	She washes the water spinach before putting it in the pan.
香菜	xiāng cài	coriander; cilantro	noun	A leafy herb used to add flavor to food.	这碗面上放了一点香菜。	A little cilantro was put on these noodles.	他不喜欢香菜的味道。	He does not like the taste of cilantro.
茄子	qié zi	eggplant	noun	A vegetable with soft flesh, often with purple skin.	奶奶把茄子切成小块。	Grandma cuts the eggplant into small pieces.	这几个茄子长得很大。	These eggplants have grown very large.
南瓜	nán guā	pumpkin	noun	A large squash often used in soups and cooked dishes.	妈妈用南瓜煮粥。	Mom cooks porridge with pumpkin.	这个南瓜的皮很硬。	This pumpkin has a hard skin.
冬瓜	dōng guā	winter melon	noun	A large pale-fleshed vegetable often used in soup.	汤里有冬瓜和排骨。	There is winter melon and pork ribs in the soup.	她削掉了冬瓜的皮。	She removes the skin of the winter melon.
苦瓜	kǔ guā	bitter melon	noun	A ridged vegetable known for its bitter taste.	这道苦瓜有一点苦。	This bitter melon dish tastes slightly bitter.	爸爸把苦瓜切成薄片。	Dad cuts the bitter melon into thin slices.
丝瓜	sī guā	luffa; sponge gourd	noun	A long gourd eaten as a vegetable when young.	院子里的丝瓜长得很长。	The luffa gourds in the yard have grown very long.	今天的汤里有丝瓜。	There is luffa in today's soup.
木耳	mù ěr	wood ear mushroom	noun	An edible fungus with a dark ear-like shape.	她把木耳泡在水里。	She soaks the wood ear mushrooms in water.	这道菜里放了木耳。	Wood ear mushrooms were added to this dish.
海带	hǎi dài	kelp	noun	An edible seaweed commonly cooked in soup or cold dishes.	这碗海带汤很清淡。	This kelp soup has a mild flavor.	妈妈把海带切成细丝。	Mom cuts the kelp into thin strips.
紫菜	zǐ cài	laver; edible seaweed	noun	A thin edible seaweed often used in soup.	碗里有紫菜和鸡蛋。	There is laver and egg in the bowl.	她往汤里放了一点紫菜。	She adds a little seaweed to the soup.
山药	shān yao	Chinese yam	noun	An edible tuber commonly used in Chinese cooking.	奶奶把山药切成小块。	Grandma cuts the Chinese yam into small pieces.	这碗粥里有山药。	There is Chinese yam in this porridge.
绿茶	lǜ chá	green tea	noun	Tea made from leaves processed to retain a green character.	他给客人泡了一杯绿茶。	He makes a cup of green tea for the guest.	这盒绿茶闻起来很清香。	This box of green tea smells fresh and fragrant.
红茶	hóng chá	black tea	noun	A type of tea called red tea in Chinese because of its brewed color.	她往红茶里加了一点牛奶。	She adds a little milk to the black tea.	这杯红茶还很热。	This cup of black tea is still hot.
奶茶	nǎi chá	milk tea	noun	Tea served with milk.	姐姐买了一杯奶茶。	My older sister bought a cup of milk tea.	这杯奶茶没有加糖。	No sugar was added to this milk tea.
凉茶	liáng chá	herbal cooling drink	noun	A traditional drink made from herbs, often called cooling tea.	这家店卖凉茶。	This shop sells herbal cooling drinks.	爷爷给我看了一瓶凉茶。	Grandpa showed me a bottle of herbal cooling drink.
豆乳	dòu rǔ	soy milk	noun	A drink made from soybeans; another word for soy milk.	这盒豆乳没有加糖。	No sugar was added to this soy milk.	她把豆乳倒进杯子。	She pours the soy milk into a cup.
饮用水	yǐn yòng shuǐ	drinking water	noun	Water intended or suitable for people to drink.	这里有干净的饮用水。	There is clean drinking water here.	学校提供免费的饮用水。	The school provides free drinking water.
汽水	qì shuǐ	soda; fizzy drink	noun	A drink containing bubbles of gas.	他打开了一瓶汽水。	He opens a bottle of soda.	这杯汽水冒着小泡。	There are small bubbles rising in this soda.
苏打水	sū dá shuǐ	soda water	noun	Carbonated water, sometimes containing added minerals.	她点了一杯苏打水。	She orders a glass of soda water.	苏打水里的气泡很细。	The bubbles in the soda water are very small.
热饮	rè yǐn	hot drink	noun	A drink served hot.	冬天我喜欢喝热饮。	I like hot drinks in winter.	菜单上列着几种热饮。	Several hot drinks are listed on the menu.
冷饮	lěng yǐn	cold drink	noun	A drink or refreshment served cold.	天气热时，店里卖很多冷饮。	The shop sells many cold drinks in hot weather.	这家店既有热饮，也有冷饮。	This shop has both hot and cold drinks.
冰块	bīng kuài	ice cube; piece of ice	noun	A small block or piece of frozen water.	她往杯里放了两块冰块。	She puts two ice cubes into the glass.	冰块在水里慢慢融化。	The ice cubes melt slowly in the water.
甜点	tián diǎn	dessert	noun	A sweet food usually eaten after a meal.	饭后我们吃了一点甜点。	We had a little dessert after the meal.	今天的甜点是水果蛋糕。	Today's dessert is fruit cake.
甜食	tián shí	sweet food	noun	Food with a sweet taste, especially snacks or desserts.	他很喜欢吃甜食。	He likes eating sweet food very much.	桌上摆着几种甜食。	Several kinds of sweet food are on the table.
主食	zhǔ shí	staple food	noun	The main carbohydrate-rich food in a meal, such as rice or noodles.	米饭是我们常吃的主食。	Rice is a staple food we often eat.	这顿饭的主食是面条。	The staple food for this meal is noodles.
副食	fù shí	foods accompanying a staple	noun	Foods eaten with staple foods, such as meat, vegetables, and other dishes.	这家商店卖粮食和副食。	This shop sells grain and foods that accompany it.	米饭以外的菜可以算作副食。	Dishes apart from rice can be considered accompanying foods.
素菜	sù cài	vegetable dish; meatless dish	noun	A dish prepared without meat.	今天桌上有两道素菜。	There are two meatless dishes on the table today.	这家店的素菜选择很多。	This restaurant has many meatless dishes to choose from.
凉菜	liáng cài	cold dish	noun	A prepared dish served cold.	客人先吃了几道凉菜。	The guests first had several cold dishes.	这道凉菜里有黄瓜。	There is cucumber in this cold dish.
汤面	tāng miàn	noodles in soup	noun	Noodles served in broth.	这碗汤面很烫。	This bowl of noodles in soup is hot.	他早餐吃了一碗汤面。	He ate a bowl of noodles in soup for breakfast.
拌面	bàn miàn	noodles mixed with sauce	noun	Noodles mixed with seasonings or sauce rather than served in soup.	她把拌面搅拌均匀。	She mixes the dressed noodles thoroughly.	这份拌面里加了花生酱。	Peanut butter was added to these dressed noodles.
炸鸡	zhá jī	fried chicken	noun	Chicken cooked by frying.	孩子们分享了一份炸鸡。	The children shared some fried chicken.	这家店的炸鸡很脆。	The fried chicken at this shop is crisp.
烤鸭	kǎo yā	roast duck	noun	Duck cooked by roasting.	餐桌上有一盘烤鸭。	There is a plate of roast duck on the table.	服务员把烤鸭切成薄片。	The waiter slices the roast duck thinly.
炖肉	dùn ròu	stew meat	verb	To cook meat slowly in liquid.	爸爸正在厨房炖肉。	Dad is stewing meat in the kitchen.	炖肉的时候，锅里有香味。	There is a pleasant smell from the pot while the meat stews.
油炸	yóu zhá	deep-fry	verb	To cook food in hot oil.	这道点心需要油炸。	This snack needs to be deep-fried.	她把鱼块放进锅里油炸。	She puts the pieces of fish into the pot to deep-fry them.
红烧	hóng shāo	braise in a savory sauce	verb	To cook food in a sauce that often includes soy sauce.	妈妈把排骨红烧了。	Mom braised the pork ribs in a savory sauce.	这条鱼可以红烧。	This fish can be braised in a savory sauce.
凉拌	liáng bàn	dress a cold dish	verb	To prepare food by mixing it cold with seasonings.	这根黄瓜可以凉拌。	This cucumber can be dressed as a cold dish.	她把煮好的面条凉拌着吃。	She mixes seasonings into the cooked noodles and eats them cold.
炒锅	chǎo guō	wok	noun	A pan commonly used for stir-frying.	这口炒锅有点重。	This wok is rather heavy.	爸爸把炒锅放在灶上。	Dad puts the wok on the stove.
蒸锅	zhēng guō	steaming pot	noun	A pot used to cook food with steam.	蒸锅里放着包子。	There are buns in the steaming pot.	她打开了蒸锅的盖子。	She opens the lid of the steaming pot.
蒸笼	zhēng lóng	steamer basket	noun	A basket or container used to hold food while it is steamed.	包子放在蒸笼里。	The buns are in the steamer basket.	这只蒸笼是竹子做的。	This steamer basket is made of bamboo.
电饭锅	diàn fàn guō	electric rice cooker	noun	An electric appliance used to cook rice.	电饭锅里的饭已经熟了。	The rice in the electric rice cooker is done.	她把米和水倒进电饭锅。	She pours the rice and water into the rice cooker.
高压锅	gāo yā guō	pressure cooker	noun	A pot that cooks food under increased pressure.	妈妈用高压锅炖排骨。	Mom stews pork ribs in a pressure cooker.	这口高压锅放在柜子里。	This pressure cooker is in the cupboard.
烤箱	kǎo xiāng	oven	noun	An enclosed appliance used to bake or roast food.	蛋糕正在烤箱里烤。	The cake is baking in the oven.	这个烤箱有两层架子。	This oven has two racks.
榨汁机	zhà zhī jī	juicer	noun	A machine used to extract juice from fruit or vegetables.	她把苹果放进榨汁机。	She puts the apples into the juicer.	这台榨汁机需要清洗。	This juicer needs cleaning.
烤面包机	kǎo miàn bāo jī	toaster	noun	An appliance used to toast slices of bread.	烤面包机里放着两片面包。	There are two slices of bread in the toaster.	面包从烤面包机里弹了出来。	The bread pops up from the toaster.
抽油烟机	chōu yóu yān jī	kitchen extractor hood	noun	An appliance that removes cooking smoke and grease-laden air.	炒菜时，爸爸打开了抽油烟机。	Dad turns on the extractor hood when stir-frying.	这台抽油烟机的声音不大。	This extractor hood is not very loud.
打火机	dǎ huǒ jī	lighter	noun	A small device used to produce a flame.	他把打火机放回口袋。	He puts the lighter back in his pocket.	这个打火机已经没气了。	This lighter is out of fuel.
菜刀	cài dāo	kitchen knife	noun	A knife used to cut food while cooking.	爸爸用菜刀切土豆。	Dad cuts the potatoes with a kitchen knife.	菜刀放在厨房的刀架上。	The kitchen knife is in the knife rack.
餐具	cān jù	tableware	noun	Utensils and dishes used for eating and serving food.	吃饭前要摆好餐具。	Set out the tableware before the meal.	这些餐具已经洗干净了。	This tableware has already been washed.
食材	shí cái	food ingredients	noun	Materials used to prepare food.	她去市场买食材。	She goes to the market to buy ingredients.	这些食材可以做一锅汤。	These ingredients can make a pot of soup.
饭量	fàn liàng	amount one usually eats	noun	The quantity of food a person normally eats at a meal.	他的饭量比我大。	He usually eats more than I do.	孩子长大以后，饭量也变大了。	As the child grew older, the amount of food they ate increased.
食量	shí liàng	food intake	noun	The quantity of food eaten by a person or animal.	这只猫的食量不大。	This cat does not eat much.	医生问了他最近的食量。	The doctor asked about how much he had been eating recently.
食欲	shí yù	appetite	noun	The desire to eat food.	他今天没有什么食欲。	He does not have much appetite today.	运动以后，我的食欲变好了。	My appetite improved after exercising.
饿肚子	è dù zi	go hungry	verb	To remain without enough food to eat.	他忘了带午饭，只好饿肚子。	He forgot to bring lunch and had to go hungry.	我们不想让孩子饿肚子。	We do not want the child to go hungry.
夜宵	yè xiāo	late-night snack	noun	Food eaten late at night.	爸爸下班后吃了一点夜宵。	Dad had a little late-night snack after work.	这家小店晚上卖夜宵。	This small shop sells late-night food.
便饭	biàn fàn	simple everyday meal	noun	An ordinary meal without elaborate dishes.	周末来我家吃顿便饭。	Come to my home for a simple meal at the weekend.	他们准备了一顿便饭。	They prepared a simple everyday meal.
便当	biàn dāng	packed meal; lunchbox meal	noun	A prepared meal packed in a box for taking away.	她带着便当去上班。	She takes a packed meal to work.	这份便当里有米饭和蔬菜。	This lunchbox meal has rice and vegetables.
饮酒	yǐn jiǔ	drink alcohol	verb	To drink alcoholic beverages.	他吃饭时很少饮酒。	He rarely drinks alcohol with meals.	这位客人表示自己不饮酒。	This guest says that they do not drink alcohol.
酒量	jiǔ liàng	ability to tolerate alcohol	noun	The amount of alcohol a person can drink before becoming drunk.	他的酒量很小。	He cannot tolerate much alcohol.	大家的酒量不一样。	People differ in how much alcohol they can tolerate.
白酒	bái jiǔ	Chinese distilled liquor	noun	A clear strong alcoholic drink traditionally made from grain.	柜子里有一瓶白酒。	There is a bottle of Chinese distilled liquor in the cupboard.	爷爷把白酒倒进小酒杯。	Grandpa pours the liquor into a small glass.
红酒	hóng jiǔ	red wine	noun	Wine with a red color.	客人点了一杯红酒。	The guest orders a glass of red wine.	这瓶红酒还没有打开。	This bottle of red wine has not been opened yet.
料酒	liào jiǔ	cooking wine	noun	Wine used to flavor food during cooking.	妈妈往肉里加了一点料酒。	Mom adds a little cooking wine to the meat.	料酒放在调料柜里。	The cooking wine is in the seasoning cupboard.
开瓶器	kāi píng qì	bottle opener	noun	A tool used to remove a bottle cap or cork.	你能帮我找一下开瓶器吗？	Can you help me find the bottle opener?	他用开瓶器打开了瓶子。	He opens the bottle with a bottle opener.
保温瓶	bǎo wēn píng	vacuum flask	noun	A bottle designed to keep its contents hot or cold.	保温瓶里的水还是热的。	The water in the vacuum flask is still hot.	她带了一只保温瓶去上班。	She takes a vacuum flask to work.
热水瓶	rè shuǐ píng	hot-water flask	noun	An insulated flask commonly used to store hot water.	奶奶给热水瓶加满了水。	Grandma fills the hot-water flask.	热水瓶放在桌子旁边。	The hot-water flask is beside the table.
罐子	guàn zi	jar; canister	noun	A container used to hold food or other things.	这个罐子里装着饼干。	There are biscuits in this jar.	她拧开了罐子的盖子。	She unscrews the lid of the jar.
玻璃杯	bō li bēi	glass drinking cup	noun	A drinking container made of glass.	玻璃杯里有一半水。	The glass is half full of water.	这个玻璃杯摔碎了。	This drinking glass broke when it fell.
保鲜膜	bǎo xiān mó	food wrap	noun	A thin plastic film used to cover food.	她用保鲜膜盖住了碗口。	She covers the bowl with food wrap.	保鲜膜放在厨房的抽屉里。	The food wrap is in the kitchen drawer.
头痛	tóu tòng	headache; have a headache	verb	To feel pain in the head.	他今天头痛，想休息一会儿。	He has a headache today and wants to rest for a while.	我头痛的时候不想说话。	I do not want to talk when I have a headache.
牙痛	yá tòng	toothache	noun	Pain in a tooth or the teeth.	牙痛让他晚上睡不好。	The toothache keeps him from sleeping well at night.	她因为牙痛去看牙医。	She goes to the dentist because of a toothache.
腹痛	fù tòng	abdominal pain	noun	Pain in the abdomen or belly.	医生询问了他腹痛的位置。	The doctor asked where the abdominal pain was.	她因腹痛去了医院。	She went to the hospital because of abdominal pain.
胃痛	wèi tòng	stomach pain	noun	Pain felt in the stomach area.	他把最近胃痛的情况告诉医生。	He tells the doctor about his recent stomach pain.	胃痛让她吃不下东西。	The stomach pain makes her unable to eat.
发热	fā rè	have a fever	verb	To have a body temperature above the usual range.	孩子昨晚开始发热。	The child started to have a fever last night.	医生问他发热多久了。	The doctor asks how long he has had a fever.
流感	liú gǎn	influenza; flu	noun	A contagious illness caused by influenza viruses.	班里有几个同学得了流感。	Several classmates have caught the flu.	老师介绍了流感这个词。	The teacher explained the word influenza.
过敏	guò mǐn	allergic; have an allergy	verb	To have an abnormal reaction to a substance.	她对这种花粉过敏。	She is allergic to this type of pollen.	医生问他是否对药物过敏。	The doctor asks whether he is allergic to any medicine.
恶心	ě xīn	feel nauseous	verb	To feel sick as if one might vomit.	坐车太久，他觉得恶心。	He feels nauseous after being in the car for too long.	她把恶心的感觉告诉了护士。	She tells the nurse about her nausea.
鼻炎	bí yán	rhinitis	noun	Inflammation of the lining of the nose.	医生说他患有鼻炎。	The doctor says he has rhinitis.	这份病历里写着鼻炎。	Rhinitis is written in this medical record.
咽炎	yān yán	pharyngitis	noun	Inflammation of the throat or pharynx.	医生给她解释了咽炎的含义。	The doctor explains what pharyngitis means to her.	他的检查报告提到了咽炎。	His examination report mentions pharyngitis.
肺炎	fèi yán	pneumonia	noun	An illness involving inflammation and infection of the lungs.	这位病人因肺炎住院。	This patient is hospitalized with pneumonia.	医生正在讨论肺炎的治疗方案。	The doctors are discussing a treatment plan for pneumonia.
胃病	wèi bìng	stomach illness	noun	An illness or disorder affecting the stomach.	他因为胃病去医院检查。	He goes to the hospital for an examination because of a stomach illness.	奶奶向医生讲了自己的胃病。	Grandma tells the doctor about her stomach illness.
血压	xuè yā	blood pressure	noun	The pressure exerted by blood in the blood vessels.	护士给他测了血压。	The nurse checks his blood pressure.	医生在病历上记录了血压。	The doctor records the blood pressure in the medical chart.
血糖	xuè táng	blood sugar	noun	The amount or concentration of glucose in the blood.	医生建议他做一次血糖检查。	The doctor suggests that he have a blood sugar test.	这张报告上有血糖的结果。	The blood sugar result is on this report.
体温	tǐ wēn	body temperature	noun	The temperature of a person's body.	妈妈给孩子量了体温。	Mom takes the child's temperature.	护士把体温写在记录表上。	The nurse writes the body temperature on the record sheet.
体重	tǐ zhòng	body weight	noun	How much a person's body weighs.	他每周记录一次体重。	He records his weight once a week.	这个孩子的体重增加了。	This child's weight has increased.
心跳	xīn tiào	heartbeat	noun	The repeated beating of the heart.	跑步后，我的心跳变快了。	My heartbeat became faster after running.	医生听了听他的心跳。	The doctor listens to his heartbeat.
脉搏	mài bó	pulse	noun	The rhythmic beat felt in an artery as the heart pumps.	医生按着他的手腕检查脉搏。	The doctor presses his wrist to check his pulse.	护士记录了病人的脉搏。	The nurse records the patient's pulse.
胸口	xiōng kǒu	chest	noun	The front part of the upper body around the chest.	他把手放在胸口。	He puts his hand on his chest.	她说胸口有点不舒服。	She says her chest feels a little uncomfortable.
腰部	yāo bù	waist; lower back area	noun	The part of the body around the waist and lower back.	这件外套的腰部太紧。	This coat is too tight around the waist.	他在腰部垫了一个小枕头。	He puts a small cushion behind his lower back.
后背	hòu bèi	back of the body	noun	The rear surface of a person's trunk.	他的后背出了很多汗。	His back is very sweaty.	妈妈轻轻拍了拍孩子的后背。	Mom gently pats the child's back.
肩头	jiān tóu	shoulder	noun	The top or surface of a shoulder.	她把手搭在我的肩头。	She rests her hand on my shoulder.	雪花落在他的肩头。	Snowflakes land on his shoulders.
嗓子	sǎng zi	throat; voice	noun	The throat, especially as used for speaking.	他说话太久，嗓子有点疼。	His throat hurts a little after speaking for too long.	她喝了一口水润润嗓子。	She takes a sip of water to moisten her throat.
脚趾	jiǎo zhǐ	toe	noun	One of the digits at the end of a foot.	这双鞋挤得脚趾不舒服。	These shoes squeeze my toes uncomfortably.	孩子正在数自己的脚趾。	The child is counting their toes.
指头	zhǐ tou	finger; toe	noun	An everyday word for a finger or a toe.	他用指头指着书上的字。	He points to the character in the book with his finger.	这个指头上有一块小伤口。	There is a small cut on this finger.
头皮	tóu pí	scalp	noun	The skin covering the top of the head.	她觉得头皮有点痒。	Her scalp feels a little itchy.	医生查看了他的头皮。	The doctor examines his scalp.
毛孔	máo kǒng	pore	noun	A small opening in the skin.	这张图片显示了皮肤上的毛孔。	This picture shows the pores on the skin.	医生向她解释了毛孔的作用。	The doctor explains the function of pores to her.
汗液	hàn yè	sweat	noun	The liquid produced by sweat glands on the skin.	运动时，皮肤会排出汗液。	The skin produces sweat during exercise.	这件衣服吸收了很多汗液。	This garment has absorbed a lot of sweat.
关节	guān jié	joint	noun	The place where bones meet and allow movement.	医生检查了他的膝盖关节。	The doctor examines his knee joint.	她活动了一下手腕关节。	She moves her wrist joint a little.
伤痕	shāng hén	scar; mark of an injury	noun	A visible mark left by an injury.	他的手臂上留着一道伤痕。	There is a scar on his arm.	这道伤痕已经很淡了。	This scar has become very faint.
擦伤	cā shāng	scrape; abrasion	noun	A shallow injury caused by rubbing or scraping the skin.	她摔倒后，膝盖上有擦伤。	There is a scrape on her knee after she falls.	护士查看了他手上的擦伤。	The nurse examines the abrasion on his hand.
扭伤	niǔ shāng	sprain	noun	An injury caused by twisting a joint.	他的脚踝扭伤还没好。	His ankle sprain has not healed yet.	医生检查了她的扭伤。	The doctor examines her sprain.
出血	chū xuè	bleed	verb	To lose blood from a wound or inside the body.	他的手指受伤后一直出血。	His finger keeps bleeding after being injured.	护士发现伤口还在出血。	The nurse notices that the wound is still bleeding.
止血	zhǐ xuè	stop bleeding	verb	To bring bleeding to a stop.	护士正在给伤口止血。	The nurse is stopping the bleeding from the wound.	医生检查了止血后的伤口。	The doctor examines the wound after the bleeding has stopped.
创可贴	chuāng kě tiē	adhesive bandage	noun	A small ready-made dressing with adhesive edges.	她的手指上贴着创可贴。	There is an adhesive bandage on her finger.	这个盒子里还有几片创可贴。	There are still several adhesive bandages in this box.
消毒	xiāo dú	disinfect	verb	To reduce or remove harmful microorganisms from something.	工作人员每天给桌面消毒。	The staff disinfect the table surfaces every day.	护士先给这些器具消毒。	The nurse disinfects these instruments first.
药片	yào piàn	medicine tablet	noun	Medicine pressed into a small solid piece.	药片放在这个盒子里。	The medicine tablets are in this box.	她看了看药片上的字。	She looks at the writing on the tablet.
处方	chǔ fāng	medical prescription	noun	A medical instruction specifying medicines or treatment.	医生给他开了一张处方。	The doctor writes him a prescription.	药师查看了处方上的药名。	The pharmacist checks the medicine names on the prescription.
药方	yào fāng	prescription; medicinal formula	noun	A written list of medicines and their intended preparation or use.	医生把药方写在纸上。	The doctor writes the prescription on paper.	这张药方上的字很清楚。	The writing on this prescription is clear.
药房	yào fáng	pharmacy	noun	A place where medicines are prepared or supplied.	医院的药房在一楼。	The hospital pharmacy is on the first floor.	她拿着处方去了药房。	She goes to the pharmacy with the prescription.
服药	fú yào	take medicine	verb	To take medicine as a treatment.	医生询问了他的服药情况。	The doctor asks about the medicine he has been taking.	她把服药时间记在本子上。	She writes the times for taking medicine in a notebook.
吃药	chī yào	take medicine	verb	An everyday way to say taking medicine by mouth.	妈妈提醒他按医生的要求吃药。	Mom reminds him to take the medicine as directed by the doctor.	她吃药前看了看说明。	She reads the instructions before taking the medicine.
打针	dǎ zhēn	get or give an injection	verb	To receive or administer medicine through a needle.	孩子打针时握着妈妈的手。	The child holds Mom's hand while getting an injection.	护士准备给病人打针。	The nurse prepares to give the patient an injection.
输液	shū yè	receive or administer an intravenous infusion	verb	To deliver fluid into a vein, usually through a tube.	他正在医院输液。	He is receiving an intravenous infusion at the hospital.	护士检查了输液的情况。	The nurse checks the infusion.
退烧药	tuì shāo yào	fever-reducing medicine	noun	A medicine used to reduce a fever.	医生向她介绍了这种退烧药。	The doctor introduces this fever-reducing medicine to her.	这盒退烧药放在药柜里。	This box of fever-reducing medicine is in the medicine cabinet.
止痛药	zhǐ tòng yào	painkiller	noun	A medicine used to relieve pain.	药师解释了止痛药的用法。	The pharmacist explains how the painkiller is used.	她把止痛药的包装拿给医生看。	She shows the doctor the painkiller packaging.
消炎药	xiāo yán yào	anti-inflammatory medicine	noun	A medicine used to reduce inflammation; it does not automatically mean an antibiotic.	医生给他介绍了消炎药。	The doctor introduces anti-inflammatory medicine to him.	这盒消炎药上印着药名。	The medicine name is printed on this box of anti-inflammatory medicine.
感冒药	gǎn mào yào	cold medicine	noun	Medicine intended to relieve symptoms of a common cold.	药师向他说明了感冒药的成分。	The pharmacist explains the ingredients of the cold medicine to him.	感冒药的盒子放在桌上。	The cold medicine box is on the table.
护理	hù lǐ	nurse; provide care	verb	To look after someone who needs help or medical care.	护士细心护理病人。	The nurse carefully looks after the patient.	他在家护理受伤的父亲。	He cares for his injured father at home.
看病	kàn bìng	see a doctor	verb	To visit a medical professional about an illness.	她今天去医院看病。	She goes to the hospital to see a doctor today.	爷爷让我陪他去看病。	Grandpa asks me to go with him to see a doctor.
就医	jiù yī	seek medical treatment	verb	To consult a medical professional for care.	他因为胃痛去就医。	He seeks medical treatment because of stomach pain.	医生问她以前是否就医。	The doctor asks whether she has sought medical treatment before.
挂号	guà hào	register for a medical appointment	verb	To register before seeing a clinician at a hospital or clinic.	她到医院以后先挂号。	She registers after arriving at the hospital.	我们可以在这个窗口挂号。	We can register at this window.
门诊	mén zhěn	outpatient service	noun	Medical care provided without an overnight hospital stay.	这家医院的门诊早上开门。	The outpatient service at this hospital opens in the morning.	她在门诊等医生。	She waits for the doctor in the outpatient department.
急诊	jí zhěn	emergency medical service	noun	A service that treats urgent medical problems.	他陪父亲去了急诊。	He accompanies his father to the emergency department.	急诊的入口在大门右边。	The emergency department entrance is to the right of the main gate.
出院	chū yuàn	leave hospital after treatment	verb	To leave a hospital after being discharged.	她今天可以出院了。	She can leave the hospital today.	爷爷出院后回到了家里。	Grandpa returned home after leaving the hospital.
患者	huàn zhě	patient	noun	A person receiving care for an illness or condition.	医生耐心听患者说话。	The doctor listens patiently to the patient.	这位患者正在等检查结果。	This patient is waiting for examination results.
病史	bìng shǐ	medical history	noun	A record or account of a person's past illnesses and treatment.	医生询问了他的病史。	The doctor asks about his medical history.	她把病史整理成一张表。	She organizes her medical history into a chart.
病因	bìng yīn	cause of an illness	noun	The reason or factor responsible for a disease.	医生还在调查病因。	The doctor is still investigating the cause of the illness.	这次检查是为了寻找病因。	This examination is intended to find the cause of the illness.
病房	bìng fáng	hospital ward; patient room	noun	A room or area in a hospital where patients stay.	病房里有三张床。	There are three beds in the hospital room.	护士走进病房查看病人。	The nurse enters the ward to check the patients.
病假	bìng jià	sick leave	noun	Time away from school or work because of illness.	他今天请了病假。	He takes sick leave today.	这张病假条需要交给老师。	This sick-leave note needs to be given to the teacher.
体检	tǐ jiǎn	health checkup	noun	A physical examination to assess a person's health.	单位安排了年度体检。	The workplace has arranged an annual health checkup.	她带着体检报告去问医生。	She takes her checkup report to ask the doctor about it.
化验	huà yàn	laboratory test	noun	An examination of a sample using laboratory methods.	医生让他做一次化验。	The doctor asks him to have a laboratory test.	化验结果还没有出来。	The laboratory test results are not ready yet.
内科	nèi kē	internal medicine	noun	The branch of medicine dealing mainly with internal diseases without surgery.	她去内科看医生。	She sees a doctor in the internal medicine department.	这位医生在内科工作。	This doctor works in internal medicine.
外科	wài kē	surgery; surgical department	noun	The branch of medicine that uses operations to treat conditions.	外科医生正在查看病历。	The surgeon is examining the medical record.	外科的诊室在二楼。	The surgical consulting room is on the second floor.
儿科	ér kē	pediatrics	noun	The branch of medicine concerned with children's health.	妈妈带孩子去了儿科。	Mom takes the child to pediatrics.	这位护士在儿科工作。	This nurse works in pediatrics.
眼科	yǎn kē	ophthalmology	noun	The medical specialty dealing with the eyes.	他在眼科检查视力。	He has his eyesight checked in ophthalmology.	眼科医生查看了她的眼睛。	The ophthalmologist examines her eyes.
牙科	yá kē	dentistry	noun	The branch of healthcare concerned with teeth and related structures.	她预约了牙科检查。	She makes an appointment for a dental checkup.	牙科诊室里有一张治疗椅。	There is a treatment chair in the dental consulting room.
麻醉	má zuì	anesthesia	noun	A medically induced loss of sensation used during procedures.	医生在手术前说明了麻醉安排。	The doctor explains the anesthesia arrangements before the operation.	这位医生负责麻醉。	This doctor is responsible for anesthesia.
康复	kāng fù	recover; rehabilitation	verb	To regain health or ability after illness or injury.	他正在家里慢慢康复。	He is recovering gradually at home.	医生希望她早日康复。	The doctor hopes she will recover soon.
保健	bǎo jiàn	health maintenance	noun	Activities intended to protect or maintain health.	社区举办了保健知识讲座。	The community held a talk on health maintenance.	这本书介绍了日常保健。	This book introduces everyday health maintenance.
营养	yíng yǎng	nutrition	noun	The nourishment that food supplies for growth and health.	孩子需要均衡的营养。	Children need balanced nutrition.	老师介绍了食物中的营养。	The teacher explained the nutrients in food.
维生素	wéi shēng sù	vitamin	noun	A nutrient needed in small amounts for normal bodily functions.	这本书介绍了维生素的种类。	This book introduces the different types of vitamins.	医生向她说明了维生素的作用。	The doctor explains the role of vitamins to her.
热量	rè liàng	calories; heat energy	noun	The energy content of food in this dietary context.	这张标签上写着食品的热量。	This label shows the energy content of the food.	她在比较两份早餐的热量。	She compares the calories in two breakfasts.
热身	rè shēn	warm up	verb	To prepare the body for exercise with light activity.	跑步前，我们先热身。	We warm up before running.	教练带大家做热身。	The coach leads everyone through a warm-up.
健身	jiàn shēn	exercise for fitness	verb	To exercise in order to maintain or improve physical fitness.	他每周去健身两次。	He exercises for fitness twice a week.	这间房子可以用来健身。	This room can be used for exercise.
慢跑	màn pǎo	jog	verb	To run at a gentle or moderate pace.	她早上在公园慢跑。	She jogs in the park in the morning.	我们沿着河边慢跑了一圈。	We jogged a loop along the river.
拉伸	lā shēn	stretch	verb	To lengthen muscles or limbs in an exercise context.	教练带大家拉伸腿部。	The coach leads everyone in stretching their legs.	她运动后做了一会儿拉伸。	She stretches for a while after exercising.
按摩	àn mó	massage	verb	To press and rub parts of the body.	他给奶奶按摩肩膀。	He massages Grandma's shoulders.	这位师傅正在给客人按摩。	This practitioner is giving the customer a massage.
午睡	wǔ shuì	take an afternoon nap	verb	To sleep for a short time around midday or in the afternoon.	孩子们吃完午饭就午睡。	The children take a nap after lunch.	我今天午睡了半个小时。	I took a half-hour afternoon nap today.
抽烟	chōu yān	smoke cigarettes	verb	To smoke tobacco.	他已经不抽烟了。	He no longer smokes cigarettes.	这间屋子里禁止抽烟。	Smoking is prohibited in this room.
戒烟	jiè yān	quit smoking	verb	To stop the habit of smoking tobacco.	爸爸决定戒烟。	Dad decides to quit smoking.	他戒烟已经一年了。	He has been off cigarettes for a year.
戒酒	jiè jiǔ	stop drinking alcohol	verb	To give up drinking alcoholic beverages.	他正在努力戒酒。	He is trying hard to stop drinking alcohol.	她把戒酒的决定告诉家人。	She tells her family about her decision to stop drinking.
护肤	hù fū	care for the skin	verb	To look after the condition of the skin.	她洗脸后开始护肤。	She begins her skincare after washing her face.	这本杂志介绍了护肤方法。	This magazine introduces skincare methods.
防晒	fáng shài	protect against sunlight	verb	To reduce exposure to the effects of sunlight.	她戴帽子防晒。	She wears a hat to protect herself from the sun.	夏天出门要注意防晒。	Pay attention to sun protection when going out in summer.
防晒霜	fáng shài shuāng	sunscreen cream	noun	A cream used to reduce the skin's exposure to ultraviolet light.	她把防晒霜放进包里。	She puts the sunscreen cream in her bag.	这瓶防晒霜快用完了。	This bottle of sunscreen is almost empty.
护手霜	hù shǒu shuāng	hand cream	noun	A cream used to moisturize or care for the hands.	她洗手后涂了一点护手霜。	She applies some hand cream after washing her hands.	桌上有一支护手霜。	There is a tube of hand cream on the table.
面霜	miàn shuāng	face cream	noun	A cream applied to the face for skincare.	她打开了面霜的盖子。	She opens the face cream lid.	这瓶面霜放在镜子旁边。	This jar of face cream is beside the mirror.
乳液	rǔ yè	lotion	noun	A fluid skincare preparation in this context.	她把乳液轻轻涂在脸上。	She gently applies the lotion to her face.	这瓶乳液没有很浓的香味。	This lotion does not have a strong fragrance.
香皂	xiāng zào	toilet soap	noun	A bar of scented soap used for washing.	洗手台上放着一块香皂。	There is a bar of toilet soap on the washbasin.	这块香皂闻起来很香。	This bar of soap smells fragrant.
梳子	shū zi	comb	noun	A toothed tool used to arrange hair.	她拿起梳子梳头。	She picks up the comb to comb her hair.	这把梳子有几颗齿断了。	A few teeth on this comb have broken.
洗面奶	xǐ miàn nǎi	facial cleanser	noun	A cleanser used to wash the face.	洗面奶放在浴室的架子上。	The facial cleanser is on the bathroom shelf.	她用一点洗面奶洗脸。	She washes her face with a little facial cleanser.
剃须	tì xū	shave facial hair	verb	To remove beard or mustache hair by shaving.	爸爸早上在镜子前剃须。	Dad shaves in front of the mirror in the morning.	他旅行时也带着剃须工具。	He also carries shaving tools when traveling.
剃须刀	tì xū dāo	razor	noun	A device used to shave facial hair.	他的剃须刀放在抽屉里。	His razor is in the drawer.	这把剃须刀是电动的。	This razor is electric.
电吹风	diàn chuī fēng	electric hair dryer	noun	An electrical appliance that blows air to dry hair.	她用电吹风把头发吹干。	She dries her hair with an electric hair dryer.	这个电吹风有两个档位。	This electric hair dryer has two settings.
吹风机	chuī fēng jī	hair dryer	noun	A device that blows air, commonly used to dry hair.	吹风机放在浴室里。	The hair dryer is in the bathroom.	她借了一台吹风机。	She borrowed a hair dryer.
口臭	kǒu chòu	bad breath	noun	An unpleasant smell from the mouth.	他把口臭的问题告诉牙医。	He tells the dentist about his bad breath.	牙医询问了口臭持续的时间。	The dentist asks how long the bad breath has lasted.
近视	jìn shì	nearsightedness	noun	Difficulty seeing distant objects clearly.	她因为近视戴着眼镜。	She wears glasses because of nearsightedness.	医生给他做了近视检查。	The doctor examines him for nearsightedness.
远视	yuǎn shì	farsightedness	noun	A vision condition that can make nearby objects harder to focus on.	医生说她有远视。	The doctor says she has farsightedness.	这份报告记录了远视的情况。	This report records the farsightedness findings.
视力	shì lì	eyesight	noun	The ability to see clearly.	他今天去检查视力。	He goes to have his eyesight checked today.	她的视力比去年好了。	Her eyesight is better than last year.
镜框	jìng kuàng	eyeglass frame	noun	The frame that holds the lenses of glasses.	这副镜框有点重。	These eyeglass frames are a little heavy.	她选了一副黑色镜框。	She chooses a pair of black frames.
隐形眼镜	yǐn xíng yǎn jìng	contact lenses	noun	Small lenses worn directly on the eyes.	她把隐形眼镜放回盒子。	She puts the contact lenses back in their case.	他向医生询问隐形眼镜。	He asks the doctor about contact lenses.
助听器	zhù tīng qì	hearing aid	noun	A device used to make sounds easier to hear.	爷爷戴着助听器。	Grandpa wears a hearing aid.	工作人员给她检查助听器。	The staff check her hearing aid.
耳塞	ěr sāi	earplugs	noun	Small items placed in the ears to reduce noise.	他睡觉时戴着耳塞。	He wears earplugs when sleeping.	这副耳塞装在小盒子里。	These earplugs are in a small case.
棉签	mián qiān	cotton swab	noun	A small stick with cotton on its tip.	护士拿出了一根棉签。	The nurse takes out a cotton swab.	棉签放在这个塑料盒里。	The cotton swabs are in this plastic box.
棉球	mián qiú	cotton ball	noun	A small ball of cotton used for cleaning or medical care.	护士把棉球放在托盘上。	The nurse puts the cotton balls on a tray.	这个盒子里装着干净的棉球。	This box contains clean cotton balls.
鼻塞	bí sè	blocked nose	noun	A feeling that the nose is blocked and air cannot pass easily.	鼻塞让他晚上睡不好。	A blocked nose keeps him from sleeping well at night.	她向医生描述鼻塞的情况。	She describes her blocked nose to the doctor.
流鼻涕	liú bí tì	have a runny nose	verb	To have mucus running from the nose.	孩子感冒以后一直流鼻涕。	The child has had a runny nose since catching a cold.	他一边流鼻涕，一边找纸巾。	He looks for tissues while his nose is running.
咳痰	ké tán	cough up phlegm	verb	To bring mucus up from the airways by coughing.	医生问他有没有咳痰。	The doctor asks whether he has been coughing up phlegm.	他把咳痰的情况告诉护士。	He tells the nurse about coughing up phlegm.
焦虑	jiāo lǜ	anxiety	noun	A feeling of worry or unease about uncertain events.	等待结果让她感到焦虑。	Waiting for the result makes her feel anxious.	他把自己的焦虑告诉朋友。	He tells his friend about his anxiety.
关怀	guān huái	care and concern	noun	Kind attention to another person's needs or well-being.	她感受到了家人的关怀。	She feels the care and concern of her family.	老师给了他很多关怀。	The teacher gives him much care and concern.
喂养	wèi yǎng	feed and raise	verb	To give food and ongoing care to a person or animal.	她每天喂养这只小猫。	She feeds and cares for this kitten every day.	爷爷教我怎样喂养小鸟。	Grandpa teaches me how to feed and raise a small bird.
养育	yǎng yù	raise; bring up	verb	To provide care and support while a child grows up.	父母辛苦养育孩子。	The parents work hard to raise their child.	她感谢奶奶养育自己。	She thanks Grandma for bringing her up.
看护	kān hù	look after	verb	To watch over and care for someone.	他在医院看护父亲。	He looks after his father in the hospital.	奶奶帮忙看护孩子。	Grandma helps look after the child.
护工	hù gōng	care worker	noun	A worker who provides practical care for people needing assistance.	这位护工帮助老人吃饭。	This care worker helps the elderly person eat.	医院里的护工很细心。	The care workers in the hospital are attentive.
月嫂	yuè sǎo	postpartum care worker	noun	A worker who assists a mother and newborn after childbirth.	这位月嫂正在照顾宝宝。	This postpartum care worker is looking after the baby.	她向月嫂学习照顾孩子。	She learns about caring for a baby from the postpartum care worker.
托儿所	tuō ér suǒ	nursery; daycare center	noun	A place that looks after very young children during the day.	妈妈把孩子送到托儿所。	Mom takes the child to the daycare center.	托儿所的老师正在准备午饭。	The daycare teachers are preparing lunch.
幼儿园	yòu ér yuán	kindergarten	noun	A school or childcare setting for children before primary school.	妹妹明天要去幼儿园。	My younger sister is going to kindergarten tomorrow.	幼儿园里有一个小操场。	There is a small playground at the kindergarten.
奶瓶	nǎi píng	feeding bottle	noun	A bottle used to feed a baby milk.	宝宝抱着奶瓶喝奶。	The baby holds the bottle and drinks milk.	她把奶瓶洗干净了。	She has washed the feeding bottle.
奶嘴	nǎi zuǐ	bottle teat; nipple	noun	The part of a feeding bottle that a baby sucks.	这个奶嘴装在奶瓶上。	This teat is fitted to the feeding bottle.	她检查了奶嘴是否干净。	She checks whether the bottle teat is clean.
纸尿裤	zhǐ niào kù	disposable diaper	noun	An absorbent disposable garment worn by babies or others needing it.	妈妈给宝宝换纸尿裤。	Mom changes the baby's disposable diaper.	包里放着几片纸尿裤。	There are several disposable diapers in the bag.
尿布	niào bù	diaper; nappy	noun	A piece of cloth or other material worn to absorb urine.	奶奶把尿布洗干净了。	Grandma has washed the diapers.	她把干净的尿布放在床边。	She puts the clean diaper beside the bed.
童装	tóng zhuāng	children's clothing	noun	Clothes made for children.	这家店专门卖童装。	This shop specializes in children's clothing.	这些童装的颜色很鲜艳。	The colors of these children's clothes are bright.
儿女	ér nǚ	sons and daughters; children	noun	A person's children.	父母希望儿女平安。	The parents hope their children stay safe.	他的儿女都住在附近。	His children all live nearby.
小孩子	xiǎo hái zi	young child	noun	An everyday term for a young child.	这个小孩子很喜欢画画。	This young child likes drawing very much.	小孩子正在院子里玩。	The young child is playing in the yard.
亲子	qīn zǐ	parent and child	adjective	Relating to a parent together with their child.	学校安排了亲子活动。	The school arranged a parent-child activity.	这次亲子游戏很有意思。	This parent-child game is interesting.
母女	mǔ nǚ	mother and daughter	noun	A mother and her daughter together.	这对母女一起去买菜。	This mother and daughter go shopping for food together.	照片里的母女笑得很开心。	The mother and daughter in the photo are smiling happily.
母子	mǔ zǐ	mother and son	noun	A mother and her son together.	这对母子坐在树下。	This mother and son sit under the tree.	母子俩一起做饭。	The mother and son cook together.
父子	fù zǐ	father and son	noun	A father and his son together.	父子俩在院子里下棋。	The father and son play chess in the yard.	这对父子每天一起跑步。	This father and son run together every day.
父女	fù nǚ	father and daughter	noun	A father and his daughter together.	父女俩一起整理书架。	The father and daughter organize the bookshelf together.	这对父女走在公园里。	This father and daughter walk in the park.
夫妇	fū fù	husband and wife; married couple	noun	Two people married to each other.	这对夫妇住在楼上。	This married couple lives upstairs.	夫妇俩一起经营小店。	The married couple runs a small shop together.
姐妹	jiě mèi	sisters	noun	Two or more women or girls who are sisters.	这对姐妹很喜欢唱歌。	These two sisters like singing very much.	姐妹俩在一起做作业。	The two sisters do their homework together.
侄女	zhí nǚ	brother's daughter; niece	noun	The daughter of one's brother.	哥哥的女儿是我的侄女。	My brother's daughter is my niece.	我给侄女买了一本书。	I bought a book for my niece.
外甥女	wài sheng nǚ	sister's daughter; niece	noun	The daughter of one's sister.	姐姐的女儿是我的外甥女。	My sister's daughter is my niece.	外甥女周末来我家玩。	My niece comes to play at my home at the weekend.
公公	gōng gong	husband's father; father-in-law	noun	The father of a married woman's husband.	她的公公住在乡下。	Her husband's father lives in the countryside.	她周末去看望公公。	She visits her father-in-law at the weekend.
岳母	yuè mǔ	wife's mother; mother-in-law	noun	The mother of a married man's wife.	他的岳母住在附近。	His wife's mother lives nearby.	他帮岳母搬了几箱东西。	He helps his mother-in-law move several boxes.
晚辈	wǎn bèi	younger-generation relative	noun	A person of a younger generation in a family or social relationship.	爷爷很关心家里的晚辈。	Grandpa cares a lot about the younger family members.	晚辈们围着奶奶聊天。	The younger relatives gather around Grandma and talk.
辈分	bèi fen	generation status in a family	noun	A person's position among generations of a family.	他向我解释了亲戚之间的辈分。	He explains the generation relationships between the relatives.	这张家谱写清了大家的辈分。	This family tree clearly shows everyone's generation status.
家务	jiā wù	housework	noun	Work done to keep a household clean and organized.	我们一起分担家务。	We share the housework.	爸爸今天做了很多家务。	Dad has done a lot of housework today.
养家	yǎng jiā	support a family	verb	To provide the money or resources needed for a family's living expenses.	他努力工作养家。	He works hard to support his family.	父母一起承担养家的责任。	The parents share the responsibility of supporting the family.
宠物	chǒng wù	pet	noun	An animal kept for companionship.	她养了一只宠物猫。	She keeps a cat as a pet.	这些宠物很喜欢和人玩。	These pets like playing with people.
猫粮	māo liáng	cat food	noun	Food prepared for cats.	她往碗里倒了一点猫粮。	She pours some cat food into the bowl.	这袋猫粮快吃完了。	This bag of cat food is almost used up.
狗粮	gǒu liáng	dog food	noun	Food prepared for dogs.	爷爷给小狗买了一袋狗粮。	Grandpa bought a bag of dog food for the puppy.	狗粮放在门后的盒子里。	The dog food is in the box behind the door.
鱼缸	yú gāng	fish tank	noun	A container in which fish are kept.	鱼缸里有三条小鱼。	There are three little fish in the tank.	她把鱼缸放在窗边。	She puts the fish tank by the window.
狗窝	gǒu wō	dog kennel; dog bed	noun	A shelter or resting place for a dog.	小狗正在狗窝里睡觉。	The puppy is sleeping in its bed.	爸爸把狗窝搬到院子里。	Dad moves the dog kennel into the yard.
猫砂	māo shā	cat litter	noun	Material placed in a tray for a cat to use as a toilet.	她给猫砂盆换了猫砂。	She changes the litter in the cat's litter tray.	这袋猫砂有点重。	This bag of cat litter is rather heavy.
羽绒服	yǔ róng fú	down jacket	noun	A coat filled with down for warmth.	冬天她常穿羽绒服。	She often wears a down jacket in winter.	这件羽绒服很轻。	This down jacket is very light.
棉衣	mián yī	padded cotton coat	noun	A warm garment padded with cotton.	奶奶给孩子准备了一件棉衣。	Grandma prepares a padded cotton coat for the child.	这件棉衣是去年买的。	This padded cotton coat was bought last year.
风衣	fēng yī	windbreaker; trench coat	noun	A coat designed to protect against wind.	他出门时穿了一件风衣。	He wears a windbreaker when going out.	这件风衣有一个大口袋。	This windbreaker has a large pocket.
大衣	dà yī	overcoat	noun	A long warm coat worn over other clothes.	她把大衣挂在门边。	She hangs her overcoat by the door.	这件大衣穿起来很暖和。	This overcoat is very warm to wear.
夹克	jiā kè	jacket	noun	A short outer garment, commonly with sleeves and a front fastening.	他穿着一件黑色夹克。	He wears a black jacket.	这件夹克的拉链坏了。	The zipper on this jacket is broken.
长袖	cháng xiù	long sleeves	noun	Sleeves that cover most or all of the arms.	这件衬衫是长袖的。	This shirt has long sleeves.	天气凉了，大家换上长袖衣服。	The weather has become cool, and everyone changes into long-sleeved clothes.
短裤	duǎn kù	shorts	noun	Trousers that cover only the upper part of the legs.	他穿短裤去跑步。	He wears shorts to go running.	这条短裤有两个口袋。	These shorts have two pockets.
连衣裙	lián yī qún	dress	noun	A one-piece garment with a skirt and upper body section.	她穿着一条蓝色连衣裙。	She wears a blue dress.	这条连衣裙很适合夏天。	This dress is suitable for summer.
内衣	nèi yī	underwear	noun	Clothing worn underneath outer clothes.	她把洗好的内衣收起来。	She puts away the washed underwear.	这个抽屉里放着内衣。	There is underwear in this drawer.
内裤	nèi kù	underpants	noun	Underwear worn over the hips and upper legs.	他准备了一条干净的内裤。	He prepares a clean pair of underpants.	内裤晾在阳台上。	The underpants are drying on the balcony.
凉鞋	liáng xié	sandals	noun	Light shoes with openings that leave part of the feet exposed.	她夏天喜欢穿凉鞋。	She likes wearing sandals in summer.	这双凉鞋的带子很软。	The straps on these sandals are soft.
皮鞋	pí xié	leather shoes	noun	Shoes made from leather.	爸爸把皮鞋擦干净了。	Dad has cleaned his leather shoes.	这双皮鞋是棕色的。	These leather shoes are brown.
布鞋	bù xié	cloth shoes	noun	Shoes whose uppers are made mainly of fabric.	奶奶常穿这双布鞋。	Grandma often wears these cloth shoes.	这双布鞋很轻。	These cloth shoes are very light.
鞋垫	xié diàn	insole	noun	An insert placed inside a shoe beneath the foot.	他把鞋垫从鞋里拿出来。	He takes the insoles out of the shoes.	这双鞋垫已经洗干净了。	These insoles have been washed.
领口	lǐng kǒu	neckline; collar opening	noun	The opening of a garment around the neck.	这件衣服的领口有点紧。	The neckline of this garment is a little tight.	她把领口整理了一下。	She adjusts the neckline.
帽檐	mào yán	hat brim	noun	The part of a hat that projects outward around or above the face.	这顶帽子的帽檐很宽。	The brim of this hat is wide.	雨水从帽檐上滴下来。	Rainwater drips from the hat brim.
纽扣	niǔ kòu	button	noun	A small fastening on clothing.	这件衬衫掉了一颗纽扣。	A button has come off this shirt.	她把纽扣扣好了。	She fastens the buttons.
拉链	lā liàn	zipper	noun	A fastening with interlocking teeth that opens and closes with a slider.	他拉上了外套的拉链。	He zips up his coat.	书包的拉链卡住了。	The schoolbag zipper is stuck.
毛线	máo xiàn	wool yarn	noun	Yarn used for knitting or similar work.	奶奶用毛线织围巾。	Grandma knits a scarf with wool yarn.	这团毛线是红色的。	This ball of yarn is red.
熨烫	yùn tàng	iron clothes	verb	To smooth fabric with heat and pressure.	她正在熨烫衬衫。	She is ironing a shirt.	这条裙子需要熨烫。	This skirt needs ironing.
漂洗	piǎo xǐ	rinse washed items	verb	To wash out soap or other residues with clean water.	洗完衣服后要漂洗。	The clothes need rinsing after washing.	她把毛巾又漂洗了一次。	She rinses the towel once more.
脱水	tuō shuǐ	remove water; spin-dry	verb	To remove water from something, such as wet clothes.	洗衣机正在给衣服脱水。	The washing machine is spin-drying the clothes.	这些床单脱水后轻了很多。	These bedsheets are much lighter after spin-drying.
手洗	shǒu xǐ	wash by hand	verb	To wash something manually rather than in a machine.	这件毛衣需要手洗。	This sweater needs washing by hand.	她在水盆里手洗围巾。	She washes the scarf by hand in a basin.
干洗	gān xǐ	dry-clean	verb	To clean clothes using a process that does not wash them in water.	这件大衣要送去干洗。	This overcoat needs to be sent for dry-cleaning.	店员说这条裙子适合干洗。	The shop assistant says this skirt is suitable for dry-cleaning.
晾衣架	liàng yī jià	clothes-drying rack	noun	A rack or support used to hang wet clothes to dry.	阳台上有一个晾衣架。	There is a clothes-drying rack on the balcony.	她把晾衣架搬进屋里。	She moves the drying rack indoors.
试衣	shì yī	try on clothes	verb	To put on clothes to check their fit or appearance.	她去试衣间试衣。	She goes to the fitting room to try on clothes.	买衣服前，我想先试衣。	I would like to try on the clothes before buying them.
抱枕	bào zhěn	cushion for holding	noun	A cushion that can be held or hugged.	她坐在沙发上抱着抱枕。	She sits on the sofa holding a cushion.	这个抱枕上画着一只猫。	There is a cat drawn on this cushion.
靠垫	kào diàn	back cushion	noun	A cushion used to support the back while sitting.	他把靠垫放在腰后。	He puts the cushion behind his lower back.	椅子上的靠垫很软。	The back cushion on the chair is soft.
坐垫	zuò diàn	seat cushion	noun	A pad or cushion placed on a seat.	这把椅子需要一个坐垫。	This chair needs a seat cushion.	她把坐垫铺在凳子上。	She puts the seat cushion on the stool.
扶手	fú shǒu	armrest; handrail	noun	A support to rest an arm on or hold while moving.	这把椅子的扶手很宽。	The armrests of this chair are wide.	奶奶扶着楼梯扶手上楼。	Grandma goes upstairs holding the handrail.
床头柜	chuáng tóu guì	bedside table	noun	A small cabinet or table placed beside a bed.	床头柜上放着一本书。	There is a book on the bedside table.	她把眼镜收进床头柜。	She puts her glasses in the bedside cabinet.
杂物	zá wù	miscellaneous items	noun	Various small belongings that are not grouped into one specific kind.	这个抽屉里装着杂物。	This drawer contains miscellaneous items.	他把桌上的杂物收起来。	He puts away the assorted things on the desk.
客房	kè fáng	guest room	noun	A room provided for guests to stay in.	客房已经收拾好了。	The guest room has been tidied up.	这间客房有一扇大窗户。	This guest room has a large window.
屋外	wū wài	outside the house	location noun	The area outside a house or building.	屋外下着大雨。	It is raining heavily outside the house.	他把椅子搬到屋外。	He moves the chair outside the house.
花束	huā shù	bouquet	noun	Flowers gathered and arranged as a group.	她收到了一束漂亮的花束。	She received a beautiful bouquet.	花束放在花瓶旁边。	The bouquet is beside the vase.
花肥	huā féi	flower fertilizer	noun	Fertilizer used for flowering plants.	爷爷买了一包花肥。	Grandpa bought a packet of flower fertilizer.	花肥放在园艺工具旁边。	The flower fertilizer is beside the gardening tools.
浇花	jiāo huā	water flowers	verb	To give flowers or flowering plants water.	她每天早上浇花。	She waters the flowers every morning.	爷爷拿着水壶去浇花。	Grandpa takes a watering can to water the flowers.
盆栽	pén zāi	potted plant	noun	A plant grown in a pot.	窗台上有两盆盆栽。	There are two potted plants on the windowsill.	他给盆栽换了一个大花盆。	He gives the potted plant a bigger pot.
盆景	pén jǐng	miniature landscape in a pot	noun	A carefully arranged miniature plant or landscape display in a container.	爷爷正在修剪盆景。	Grandpa is pruning the miniature potted landscape.	这盆盆景摆在客厅里。	This miniature potted landscape is displayed in the living room.
种菜	zhòng cài	grow vegetables	verb	To plant and cultivate vegetables.	奶奶在院子里种菜。	Grandma grows vegetables in the yard.	这片地可以用来种菜。	This plot can be used to grow vegetables.
园艺	yuán yì	gardening; horticulture	noun	The practice of cultivating and caring for plants.	她最近喜欢上了园艺。	She has recently taken an interest in gardening.	这家店卖园艺工具。	This shop sells gardening tools.
肥料	féi liào	fertilizer	noun	Material added to soil or plants to provide nutrients.	爷爷把肥料放在工具房里。	Grandpa keeps the fertilizer in the tool shed.	这种肥料用在菜地里。	This fertilizer is used in the vegetable patch.
通风	tōng fēng	ventilate	verb	To allow air to move through a space.	她打开窗户，让房间通风。	She opens the window to ventilate the room.	这间屋子通风很好。	This room is well ventilated.
换气	huàn qì	exchange air; ventilate	verb	To replace stale air with fresh air.	浴室里有一个换气设备。	There is a ventilation device in the bathroom.	我们打开窗户换气。	We open the window to exchange the air.
暖气	nuǎn qì	heating; radiator	noun	A heating system or equipment that warms a room.	冬天屋里开着暖气。	The heating is on indoors in winter.	这间房子的暖气很暖和。	The heating in this room is warm.
空调	kōng tiáo	air conditioner	noun	A device that controls indoor temperature and sometimes humidity.	他把空调调小了一点。	He turns the air conditioner down a little.	这台空调装在墙上。	This air conditioner is mounted on the wall.
电扇	diàn shàn	electric fan	noun	An electrically powered device with rotating blades that moves air.	电扇放在桌子旁边。	The electric fan is beside the desk.	这台电扇转得很慢。	This electric fan is turning slowly.
风扇	fēng shàn	fan	noun	A device that moves air with rotating blades.	她打开风扇，让屋里凉快些。	She turns on the fan to cool the room.	风扇的声音很轻。	The fan is quiet.
台灯	tái dēng	desk lamp	noun	A lamp placed on a desk or table.	他开着台灯写作业。	He does his homework with the desk lamp on.	这盏台灯可以调节高度。	The height of this desk lamp can be adjusted.
电灯	diàn dēng	electric light	noun	A light powered by electricity.	天黑后，妈妈打开了电灯。	Mom turns on the electric light after dark.	这间房子有两盏电灯。	There are two electric lights in this room.
灯罩	dēng zhào	lampshade	noun	A cover around a lamp that shades or directs its light.	这个灯罩是白色的。	This lampshade is white.	她把灯罩上的灰尘擦掉。	She wipes the dust off the lampshade.
电池	diàn chí	battery	noun	A device that supplies electrical energy.	遥控器里的电池没电了。	The batteries in the remote control are flat.	这个玩具需要两节电池。	This toy needs two batteries.
遥控器	yáo kòng qì	remote control	noun	A device used to control equipment from a distance.	遥控器放在沙发上。	The remote control is on the sofa.	他拿起遥控器换了一个频道。	He picks up the remote control and changes the channel.
手电筒	shǒu diàn tǒng	flashlight	noun	A portable battery-powered light.	她用手电筒照着地面。	She shines the flashlight on the ground.	爸爸把手电筒放进背包。	Dad puts the flashlight in the backpack.
电源	diàn yuán	power supply	noun	The source or supply of electricity for equipment.	检查前，他关掉了电源。	He turns off the power supply before the inspection.	这台机器需要连接电源。	This machine needs to be connected to a power supply.
插线板	chā xiàn bǎn	power strip	noun	A device with several electrical sockets connected to one cable.	电脑旁边有一个插线板。	There is a power strip beside the computer.	这块插线板有几个插座。	This power strip has several sockets.
排插	pái chā	power strip	noun	A row of electrical outlets on one device.	这只排插放在桌子下面。	This power strip is under the desk.	他把排插移到干燥的地方。	He moves the power strip to a dry place.
电表	diàn biǎo	electricity meter	noun	A device that measures the amount of electricity used.	工作人员来查看电表。	A worker comes to read the electricity meter.	电表装在门外的箱子里。	The electricity meter is in the box outside the door.
水表	shuǐ biǎo	water meter	noun	A device that measures the amount of water used.	水表上的数字变化了。	The numbers on the water meter have changed.	工作人员记录了水表读数。	The worker records the water meter reading.
燃气	rán qì	fuel gas	noun	Gas used as fuel for heating or cooking.	厨房里的灶具使用燃气。	The stove in the kitchen uses fuel gas.	工作人员正在检查燃气设备。	The worker is checking the gas equipment.
煤气	méi qì	coal gas; household gas	noun	Gas used as fuel, originally gas produced from coal.	这户人家用煤气做饭。	This household cooks with gas.	师傅正在检查煤气管道。	The technician is checking the gas pipe.
热水器	rè shuǐ qì	water heater	noun	A device that heats water for washing or other uses.	浴室里装着热水器。	There is a water heater in the bathroom.	这台热水器正在加热。	This water heater is heating up.
漏电	lòu diàn	electrical leakage	noun	An unintended flow of electricity outside the proper circuit.	电工正在检查漏电问题。	The electrician is checking an electrical leakage problem.	这台设备出现了漏电。	This equipment has developed electrical leakage.
停水	tíng shuǐ	water supply interruption	noun	A temporary stopping of the water supply.	小区今天上午停水。	The residential area has no water supply this morning.	通知上写着停水时间。	The notice lists the time of the water supply interruption.
断电	duàn diàn	lose or cut electrical power	verb	To have the electrical power supply interrupted.	这台机器突然断电了。	This machine suddenly loses power.	工人先断电，再检查线路。	The worker cuts the power before checking the wiring.
水箱	shuǐ xiāng	water tank	noun	A container used to store water.	这个水箱装满了水。	This water tank is full of water.	屋顶上有一个水箱。	There is a water tank on the roof.
门把手	mén bǎ shou	door handle	noun	A part of a door that is held to open or close it.	她转动门把手，打开了门。	She turns the door handle and opens the door.	这个门把手有点松。	This door handle is a little loose.
房门	fáng mén	room door	noun	The door to a room.	他轻轻关上房门。	He closes the room door gently.	房门上贴着一张纸。	There is a piece of paper on the room door.
后门	hòu mén	back door	noun	A door at the back of a house or building.	她从后门走进院子。	She goes into the yard through the back door.	后门旁边放着一个水桶。	There is a bucket beside the back door.
纱窗	shā chuāng	window screen	noun	A mesh covering on a window that lets air through and keeps insects out.	纱窗上有一个小洞。	There is a small hole in the window screen.	她打开窗户，拉好了纱窗。	She opens the window and positions the screen properly.
防盗门	fáng dào mén	security door	noun	A door designed to resist unauthorized entry.	这家人换了一扇防盗门。	This family has replaced their security door.	防盗门的锁已经修好了。	The security door lock has been repaired.
防盗	fáng dào	prevent theft	verb	To take steps to guard against stealing.	这些措施是为了防盗。	These measures are intended to prevent theft.	店里装了设备防盗。	The shop has installed equipment to prevent theft.
报警器	bào jǐng qì	alarm device	noun	A device that gives a warning signal when a condition is detected.	报警器突然响了。	The alarm suddenly goes off.	工作人员检查了报警器。	The staff inspect the alarm device.
灭火器	miè huǒ qì	fire extinguisher	noun	A portable device used to put out a fire.	门口放着一只灭火器。	There is a fire extinguisher by the entrance.	工作人员检查了灭火器的日期。	The staff check the date on the fire extinguisher.
灭火	miè huǒ	put out a fire	verb	To extinguish a fire.	消防员正在灭火。	The firefighters are putting out the fire.	这次灭火用了很长时间。	It took a long time to put out this fire.
消防	xiāo fáng	fire prevention and firefighting	noun	Work involving preventing fires and dealing with them.	学校组织了消防演练。	The school organized a fire safety drill.	社区邀请了消防人员。	The community invited fire service personnel.
逃生	táo shēng	escape from danger	verb	To get away from a dangerous situation.	老师带大家熟悉逃生路线。	The teacher shows everyone the escape route.	演练时，大家按顺序逃生。	Everyone escapes in order during the drill.
门框	mén kuàng	doorframe	noun	The frame surrounding a doorway.	门框上有一道划痕。	There is a scratch on the doorframe.	他站在门框旁边。	He stands beside the doorframe.
垃圾箱	lā jī xiāng	rubbish container	noun	A large container for collecting rubbish.	楼下有几个垃圾箱。	There are several rubbish containers downstairs.	她把垃圾袋放进垃圾箱。	She puts the rubbish bag in the rubbish container.
垃圾车	lā jī chē	garbage truck	noun	A vehicle used to collect and transport rubbish.	垃圾车每天早上来。	The garbage truck comes every morning.	工人把垃圾倒进垃圾车。	The workers empty the rubbish into the garbage truck.
纸盒	zhǐ hé	cardboard box	noun	A box made from stiff paper or cardboard.	饼干装在纸盒里。	The biscuits are in a cardboard box.	他把纸盒折好了。	He folds the cardboard box.
纸袋	zhǐ dài	paper bag	noun	A bag made from paper.	她把面包放进纸袋。	She puts the bread into the paper bag.	这个纸袋有两个提手。	This paper bag has two handles.
废纸	fèi zhǐ	waste paper	noun	Paper that is no longer needed.	他把废纸放进回收箱。	He puts the waste paper in the recycling box.	桌上堆着一些废纸。	There is some waste paper piled on the desk.
废品	fèi pǐn	discarded materials	noun	Items or materials no longer useful in their current form.	这家店收购废品。	This shop buys discarded materials.	他们把废品分类放好。	They sort the discarded materials and put them away.
回收	huí shōu	recycle; collect for reuse	verb	To collect used materials so they can be used again.	这些纸盒可以回收。	These cardboard boxes can be recycled.	工作人员来回收旧电池。	The staff come to collect the used batteries for recycling.
厨余	chú yú	kitchen food waste	noun	Food scraps and other organic waste produced in a kitchen.	这些菜叶属于厨余。	These vegetable leaves are kitchen food waste.	她把厨余倒进专用桶里。	She empties the food waste into the designated bin.
生活垃圾	shēng huó lā jī	household waste	noun	Waste generated by ordinary daily living.	小区每天清运生活垃圾。	Household waste is removed from the residential area every day.	这些生活垃圾需要分类。	This household waste needs sorting.
棉布	mián bù	cotton fabric	noun	Cloth made mainly from cotton fibers.	这件衣服是棉布做的。	This garment is made from cotton fabric.	奶奶剪了一块棉布。	Grandma cuts a piece of cotton fabric.
鸡爪	jī zhuǎ	chicken foot	noun	A chicken's foot, especially when prepared as food.	这盘鸡爪已经煮好了。	The chicken feet on this plate are cooked.	她买了一小盒鸡爪。	She bought a small box of chicken feet.
鸡翅	jī chì	chicken wing	noun	A chicken's wing, especially as food.	爸爸正在烤鸡翅。	Dad is roasting chicken wings.	盘子里还有两只鸡翅。	There are still two chicken wings on the plate.
猪蹄	zhū tí	pig's trotter	noun	The foot of a pig, commonly prepared as a dish.	奶奶炖了一锅猪蹄。	Grandma stewed a pot of pig's trotters.	这道猪蹄放了很多香料。	Many spices were added to this pig's trotter dish.
牛排	niú pái	beef steak	noun	A thick cut of beef cooked as a portion.	他点了一份牛排。	He orders a beef steak.	这块牛排切成了小块。	This steak has been cut into small pieces.
羊排	yáng pái	lamb chop	noun	A rib or similar portion of lamb or mutton.	这份羊排是烤的。	These lamb chops are roasted.	爸爸把羊排放在烤盘上。	Dad puts the lamb chops on the roasting tray.
猪排	zhū pái	pork chop	noun	A portion of pork cut from around the ribs or loin.	她点了一份猪排。	She orders a pork chop.	猪排旁边放着一些蔬菜。	There are some vegetables beside the pork chop.
鸡排	jī pái	chicken cutlet	noun	A flat portion of chicken meat served as a dish.	这份鸡排配着米饭。	This chicken cutlet is served with rice.	她把鸡排切成细条。	She cuts the chicken cutlet into thin strips.
鱼排	yú pái	fish steak; fish fillet portion	noun	A portion of fish meat prepared as a flat piece.	这份鱼排旁边有一片柠檬。	There is a slice of lemon beside this fish portion.	厨师把鱼排煎成金黄色。	The cook fries the fish portion until golden.
鱼刺	yú cì	fishbone	noun	A small bone in fish flesh.	这块鱼里有一根鱼刺。	There is a fishbone in this piece of fish.	他把鱼刺挑出来了。	He picked out the fishbone.
生鱼片	shēng yú piàn	sashimi; raw fish slices	noun	Thin slices of raw fish served as a prepared dish.	菜单上有生鱼片。	There is sashimi on the menu.	这盘生鱼片摆得很整齐。	The raw fish slices on this plate are arranged neatly.
鱼头	yú tóu	fish head	noun	The head of a fish, sometimes used as food.	妈妈把鱼头放进汤锅。	Mom puts the fish head into the soup pot.	这碗汤里有一个鱼头。	There is a fish head in this soup.
肉汤	ròu tāng	meat broth	noun	A liquid made by cooking meat in water.	这锅肉汤闻起来很香。	This pot of meat broth smells fragrant.	她把面条放进肉汤里。	She puts the noodles into the meat broth.
烤串	kǎo chuàn	grilled skewers	noun	Pieces of food threaded onto sticks and grilled.	朋友们点了几份烤串。	The friends ordered several servings of grilled skewers.	这家小店晚上卖烤串。	This small shop sells grilled skewers in the evening.
串烧	chuàn shāo	grilled food on skewers	noun	Food placed on a skewer and cooked, often over a grill.	菜单上有鸡肉串烧。	There are grilled chicken skewers on the menu.	这份串烧里有肉和蔬菜。	These grilled skewers contain meat and vegetables.
凉粉	liáng fěn	starch jelly dish	noun	A chilled jelly-like dish made from starch, commonly served with seasoning.	这碗凉粉加了辣椒。	Chili was added to this starch jelly dish.	她把凉粉切成小块。	She cuts the starch jelly into small pieces.
凉皮	liáng pí	cold skin noodles	noun	A Chinese noodle-like dish often served cold with seasonings.	她午饭吃了一份凉皮。	She had a serving of cold skin noodles for lunch.	这份凉皮里有黄瓜丝。	There are shredded cucumber pieces in these cold skin noodles.
酸辣汤	suān là tāng	hot and sour soup	noun	A soup with both sour and spicy flavors.	他点了一碗酸辣汤。	He orders a bowl of hot and sour soup.	这碗酸辣汤有点辣。	This hot and sour soup is a little spicy.
烧卖	shāo mài	shumai dumpling	noun	A steamed dumpling with a wrapper gathered around a filling.	蒸笼里有几个烧卖。	There are several shumai dumplings in the steamer.	她早餐吃了两个烧卖。	She ate two shumai dumplings for breakfast.
春卷	chūn juǎn	spring roll	noun	A filled roll made with a thin wrapper, often fried.	这盘春卷刚刚炸好。	These spring rolls have just been fried.	春卷里面有蔬菜。	There are vegetables inside the spring rolls.
煎饼	jiān bǐng	pancake; Chinese crepe	noun	A thin cake cooked on a hot surface, often served as a savory food.	他买了一份煎饼当早餐。	He bought a Chinese crepe for breakfast.	这张煎饼里加了鸡蛋。	Egg was added to this pancake.
葱油饼	cōng yóu bǐng	scallion pancake	noun	A flat pancake flavored with scallions and oil.	这张葱油饼很香。	This scallion pancake smells delicious.	她把葱油饼切成四块。	She cuts the scallion pancake into four pieces.
馅料	xiàn liào	filling; stuffing	noun	Ingredients put inside dumplings, pastries, or other food.	这些饺子的馅料是蔬菜。	These dumplings have a vegetable filling.	她把馅料放在面皮上。	She puts the filling on the wrapper.
酱料	jiàng liào	sauce	noun	A prepared mixture added to food for flavor.	这份沙拉配有酱料。	This salad comes with a sauce.	她把酱料倒在面条上。	She pours the sauce over the noodles.
豆瓣酱	dòu bàn jiàng	chili bean paste	noun	A thick fermented bean seasoning, often containing chili.	妈妈往锅里加了一点豆瓣酱。	Mom adds a little chili bean paste to the pan.	这瓶豆瓣酱放在调料架上。	This jar of chili bean paste is on the seasoning rack.
番茄酱	fān qié jiàng	ketchup; tomato sauce	noun	A sauce made mainly from tomatoes.	他在盘边挤了一点番茄酱。	He squeezes a little ketchup onto the edge of the plate.	这道菜用了番茄酱。	Tomato sauce was used in this dish.
沙拉酱	shā lā jiàng	salad dressing	noun	A sauce mixed with or served over a salad.	她把沙拉酱拌进蔬菜里。	She mixes the salad dressing into the vegetables.	这瓶沙拉酱快用完了。	This bottle of salad dressing is almost empty.
花生酱	huā shēng jiàng	peanut butter	noun	A paste made from ground peanuts.	他在面包上抹了花生酱。	He spreads peanut butter on the bread.	这瓶花生酱里有小颗粒。	There are small pieces in this peanut butter.
果酱	guǒ jiàng	jam	noun	A sweet spread made from fruit and sugar.	她往面包上涂了一点果酱。	She spreads a little jam on the bread.	这瓶果酱是草莓做的。	This jam is made from strawberries.
味觉	wèi jué	sense of taste	noun	The ability to recognize flavors through the mouth.	老师给我们介绍了味觉。	The teacher introduced the sense of taste to us.	他发现自己的味觉变弱了。	He notices that his sense of taste has become weaker.
鲜味	xiān wèi	umami; savory taste	noun	A savory taste found in foods such as broth and mushrooms.	这碗汤有很浓的鲜味。	This soup has a strong savory taste.	蘑菇给这道菜增加了鲜味。	The mushrooms add a savory taste to this dish.
卤肉	lǔ ròu	braised seasoned meat	noun	Meat cooked in a seasoned broth, often with soy sauce and spices.	这碗饭上放着卤肉。	There is braised seasoned meat on this bowl of rice.	奶奶做的卤肉很香。	Grandma's braised meat smells delicious.
卤蛋	lǔ dàn	seasoned boiled egg	noun	A peeled boiled egg cooked in soy sauce and other seasonings.	面条里有一个卤蛋。	There is a seasoned boiled egg in the noodles.	这些卤蛋装在小盒子里。	These seasoned boiled eggs are in a small box.
冰糖	bīng táng	rock sugar	noun	Sugar formed into coarse crystals.	奶奶往锅里放了几块冰糖。	Grandma puts several pieces of rock sugar into the pot.	这袋冰糖有大有小。	The pieces of rock sugar in this bag vary in size.
砂糖	shā táng	granulated sugar	noun	Sugar in small loose grains.	她把砂糖倒进碗里。	She pours the granulated sugar into the bowl.	这包砂糖还没有打开。	This packet of granulated sugar has not been opened.
白糖	bái táng	white sugar	noun	Refined sugar with a white color.	她往茶里加了一点白糖。	She adds a little white sugar to the tea.	白糖装在这个小罐子里。	The white sugar is in this small jar.
红糖	hóng táng	brown sugar	noun	Sugar with a brown color and a characteristic flavor.	奶奶用红糖做糕点。	Grandma makes pastries with brown sugar.	这袋红糖结成了小块。	The brown sugar in this bag has formed small lumps.
糖浆	táng jiāng	syrup	noun	A thick sweet liquid containing sugar.	她往饮料里加了一点糖浆。	She adds a little syrup to the drink.	糖浆慢慢从勺子上流下来。	The syrup flows slowly off the spoon.
糖粉	táng fěn	powdered sugar	noun	Sugar ground into a fine powder.	蛋糕上撒着一层糖粉。	A layer of powdered sugar is sprinkled on the cake.	她把糖粉筛进碗里。	She sifts the powdered sugar into the bowl.
花生	huā shēng	peanut	noun	A seed commonly eaten roasted or used in cooking.	爷爷买了一袋花生。	Grandpa bought a bag of peanuts.	这些花生已经剥好壳了。	These peanuts have already been shelled.
腰果	yāo guǒ	cashew	noun	A curved edible nut with a mild flavor.	这个小碗里装着腰果。	There are cashews in this small bowl.	她把腰果分给朋友。	She shares the cashews with her friends.
核桃	hé tao	walnut	noun	A nut with a hard shell and a ridged edible kernel.	他用工具夹开核桃。	He cracks the walnut with a tool.	这盘点心里有核桃。	There are walnuts in these pastries.
开心果	kāi xīn guǒ	pistachio	noun	A small nut often sold in a partly open shell.	她买了一袋开心果。	She bought a bag of pistachios.	这些开心果的壳已经打开了。	The shells of these pistachios are already open.
瓜子	guā zǐ	roasted seeds for snacking	noun	Edible seeds such as sunflower or melon seeds, often eaten as snacks.	桌上放着一盘瓜子。	There is a plate of roasted seeds on the table.	他把瓜子壳收进小袋里。	He puts the seed shells in a small bag.
葵花子	kuí huā zǐ	sunflower seeds	noun	The seeds of a sunflower.	这袋葵花子是烤过的。	These sunflower seeds have been roasted.	她把葵花子撒在面包上。	She sprinkles sunflower seeds on the bread.
豆瓣	dòu bàn	halves of a bean	noun	The separate halves of a bean or pea.	泡软的豆瓣可以分开。	The soaked bean halves can be separated.	他把豆瓣放在小碗里。	He puts the bean halves in a small bowl.
小白菜	xiǎo bái cài	bok choy	noun	A leafy vegetable with pale stalks and green leaves.	妈妈买了一把小白菜。	Mom bought a bunch of bok choy.	这碗汤里放了小白菜。	Bok choy was added to this soup.
大白菜	dà bái cài	napa cabbage	noun	A large leafy cabbage with pale stalks.	这棵大白菜很重。	This napa cabbage is heavy.	奶奶把大白菜切成细丝。	Grandma shreds the napa cabbage.
腌肉	yān ròu	salted or marinated meat	noun	Meat treated with salt or a seasoning mixture.	这块腌肉放在盒子里。	This piece of salted meat is in a container.	爸爸把腌肉切成薄片。	Dad cuts the marinated meat into thin slices.
腊肉	là ròu	cured and air-dried meat	noun	Meat preserved by curing and drying.	爷爷把腊肉挂在屋檐下。	Grandpa hangs the cured meat under the eaves.	这道菜里有腊肉和青菜。	There is cured meat and greens in this dish.
肉丝	ròu sī	shredded meat	noun	Meat cut into narrow strips.	她把肉丝放进锅里。	She puts the shredded meat into the pan.	这碗面里有肉丝。	There is shredded meat in these noodles.
蜜枣	mì zǎo	candied jujube	noun	A jujube preserved with sugar.	这份点心里有蜜枣。	There is candied jujube in this snack.	她把蜜枣切成小块。	She cuts the candied jujubes into small pieces.
枣泥	zǎo ní	jujube paste	noun	A soft paste made from cooked jujubes.	这个月饼里是枣泥。	This mooncake has a jujube paste filling.	奶奶正在准备枣泥。	Grandma is preparing jujube paste.
桂圆	guì yuán	longan	noun	A small fruit with a round seed, often also referring to dried longan.	她剥开了桂圆的壳。	She peels the longan shell.	这碗粥里放了桂圆。	Longan was added to this congee.
奶昔	nǎi xī	milkshake	noun	A drink made by blending milk with ice cream or other ingredients.	她点了一杯草莓奶昔。	She orders a strawberry milkshake.	这杯奶昔喝起来很浓。	This milkshake is thick to drink.
乳酸菌	rǔ suān jūn	lactic acid bacteria	noun	Bacteria that produce lactic acid during fermentation.	老师介绍了乳酸菌的作用。	The teacher explains the role of lactic acid bacteria.	这篇文章讨论乳酸菌发酵。	This article discusses lactic acid bacterial fermentation.
酸奶油	suān nǎi yóu	sour cream	noun	A cultured cream with a mildly sour taste.	她把酸奶油加进酱料里。	She adds sour cream to the sauce.	这盒酸奶油放在冰箱里。	This tub of sour cream is in the refrigerator.
冰棍	bīng gùn	ice pop	noun	A frozen sweet snack on a stick.	孩子拿着一根冰棍。	The child holds an ice pop.	这根冰棍有水果味。	This ice pop has a fruit flavor.
冰棒	bīng bàng	ice pop	noun	A frozen snack served on a stick.	她买了一根橙子味冰棒。	She bought an orange-flavored ice pop.	冰棒在手里慢慢融化。	The ice pop melts slowly in her hand.
雪糕	xuě gāo	ice cream bar	noun	Ice cream made in a shape often held on a stick.	他打开了雪糕的包装。	He opens the ice cream bar wrapper.	这根雪糕外面有一层巧克力。	This ice cream bar has a layer of chocolate on the outside.
冰淇淋	bīng qí lín	ice cream	noun	A frozen sweet food commonly made from milk or cream.	她点了一份冰淇淋。	She orders some ice cream.	这碗冰淇淋里有草莓。	There are strawberries in this ice cream.
冰沙	bīng shā	slush drink	noun	A drink or dessert with finely crushed ice.	这杯冰沙是芒果味的。	This slush drink is mango-flavored.	她用勺子搅了搅冰沙。	She stirs the slush drink with a spoon.
冰水	bīng shuǐ	iced water	noun	Cold water containing ice or chilled to a low temperature.	他倒了一杯冰水。	He pours a glass of iced water.	冰水里的冰块还没融化。	The ice cubes in the iced water have not melted yet.
温热	wēn rè	warm; lukewarm	adjective	Pleasantly warm rather than very hot.	这杯水还是温热的。	This water is still warm.	她把温热的毛巾放在手边。	She puts the warm towel beside her.
泡茶	pào chá	make tea	verb	To prepare tea by soaking leaves in water.	爷爷正在给客人泡茶。	Grandpa is making tea for the guests.	她用这只茶壶泡茶。	She uses this teapot to make tea.
煮沸	zhǔ fèi	bring to a boil	verb	To heat a liquid until it boils.	她把锅里的水煮沸。	She brings the water in the pot to a boil.	水煮沸后开始冒大泡。	Large bubbles rise after the water is brought to a boil.
加热	jiā rè	heat up	verb	To raise the temperature of something.	他把汤放在锅里加热。	He heats the soup in a pot.	这台机器可以加热食物。	This machine can heat food.
熟食	shú shí	cooked prepared food	noun	Food that has been cooked and is ready for eating.	这家店卖各种熟食。	This shop sells various cooked prepared foods.	她买了一盒熟食带回家。	She bought a box of cooked food to take home.
生食	shēng shí	eat raw	verb	To eat food without cooking it.	菜单上说明这道菜可以生食。	The menu states that this dish can be eaten raw.	他向厨师询问哪些食材适合生食。	He asks the cook which ingredients are suitable for eating raw.
生肉	shēng ròu	raw meat	noun	Meat that has not been cooked.	生肉放在一个单独的盒子里。	The raw meat is in a separate container.	她把生肉切成小块。	She cuts the raw meat into small pieces.
半熟	bàn shú	partly cooked	adjective	Cooked only partway rather than fully.	这个鸡蛋的蛋黄还是半熟的。	The yolk of this egg is still partly cooked.	他把半熟的蔬菜放回锅里。	He puts the partly cooked vegetables back in the pan.
可口	kě kǒu	tasty	adjective	Pleasant to eat or drink.	这道菜清淡可口。	This dish is mild and tasty.	奶奶做的点心很可口。	Grandma's snacks are very tasty.
软烂	ruǎn làn	soft and well cooked	adjective	Soft and easily broken apart, especially of cooked food.	土豆已经炖得软烂。	The potatoes have been stewed until very soft.	这种豆子煮久了会变软烂。	These beans become soft when cooked for a long time.
肉皮	ròu pí	pork skin	noun	The skin of pork used as food in this context.	她把肉皮切成小条。	She cuts the pork skin into small strips.	这道菜里有肉皮。	There is pork skin in this dish.
饮食	yǐn shí	diet; food and drink	noun	What a person eats and drinks, or their eating habits.	医生问了他的饮食习惯。	The doctor asks about his eating habits.	这本书介绍了当地的饮食。	This book introduces the local food and drink.
用餐	yòng cān	have a meal	verb	To eat a meal, often in a polite or formal expression.	客人正在餐厅用餐。	The guests are having a meal in the dining room.	我们每天在这里用餐。	We eat our meals here every day.
就餐	jiù cān	have a meal	verb	To eat at a dining place, especially in formal usage.	学生们在食堂就餐。	The students eat in the cafeteria.	这里可以供十个人就餐。	This place can seat ten people for a meal.
进食	jìn shí	take food; eat	verb	To consume food, especially in a formal or medical context.	护士询问病人的进食情况。	The nurse asks about the patient's food intake.	观察员记录了动物进食的时间。	The observer records when the animal eats.
禁食	jìn shí	fast; abstain from eating	verb	To stop eating for a specified period or purpose.	检查前，他按照医生要求禁食。	He fasts as instructed by the doctor before the examination.	护士问她已经禁食多久了。	The nurse asks how long she has been fasting.
节食	jié shí	restrict food intake	verb	To limit the amount or kind of food one eats.	她向医生询问节食的问题。	She asks the doctor about restricting food intake.	他把节食的想法告诉家人。	He tells his family about his idea of going on a diet.
食疗	shí liáo	food-based therapy	noun	The use of food as a traditional health-related treatment approach.	这本书介绍了食疗的概念。	This book introduces the concept of food-based therapy.	她向医生询问食疗。	She asks the doctor about food-based therapy.
偏食	piān shí	favor only certain foods	verb	To eat some kinds of food while avoiding others.	这个孩子有点偏食。	This child tends to eat only certain foods.	老师和家长讨论偏食的问题。	The teacher and parents discuss selective eating.
挑食	tiāo shí	be picky about food	verb	To reject many foods according to personal preferences.	妹妹吃饭时有点挑食。	My younger sister is a little picky about food.	他告诉我自己以前很挑食。	He tells me he used to be very picky about food.
素食	sù shí	vegetarian food	noun	Food prepared without meat, or a vegetarian way of eating.	这家店提供素食。	This restaurant offers vegetarian food.	今天的午饭是素食。	Today's lunch is vegetarian.
素食者	sù shí zhě	vegetarian	noun	A person who follows a diet without meat.	她是一位素食者。	She is a vegetarian.	这份菜单适合素食者。	This menu is suitable for vegetarians.
健康食品	jiàn kāng shí pǐn	health food	noun	Food marketed or described as supporting a healthy diet.	这家店有一个健康食品柜台。	This shop has a health food counter.	她正在比较几种健康食品。	She is comparing several health food products.
绿色食品	lǜ sè shí pǐn	Green Food; certified quality food	noun	A Chinese food-quality designation associated with approved production and quality requirements.	包装上有绿色食品标志。	The packaging bears the Green Food mark.	这家农场生产绿色食品。	This farm produces Green Food-certified products.
免疫	miǎn yì	immunity	noun	The body's capacity to resist particular diseases.	老师介绍了免疫这个概念。	The teacher introduces the concept of immunity.	这篇文章讨论人体免疫。	This article discusses human immunity.
抗体	kàng tǐ	antibody	noun	A protein produced by the immune system that recognizes particular targets.	这份报告记录了抗体检测结果。	This report records the antibody test results.	老师解释了抗体的作用。	The teacher explains the role of antibodies.
传染病	chuán rǎn bìng	infectious disease	noun	A disease that can spread through infection.	老师向学生介绍传染病。	The teacher introduces infectious diseases to the students.	医院设有传染病相关的门诊。	The hospital has a clinic for infectious diseases.
慢性病	màn xìng bìng	chronic disease	noun	A disease that lasts a long time or requires ongoing care.	这位医生研究慢性病。	This doctor studies chronic diseases.	社区举办了慢性病知识讲座。	The community held a talk about chronic diseases.
外伤	wài shāng	external injury	noun	An injury caused by an external force or accident.	医生检查了他身上的外伤。	The doctor examines the injuries on his body.	护士先记录了外伤的位置。	The nurse first records the location of the external injury.
急救箱	jí jiù xiāng	first-aid kit	noun	A box containing supplies used for immediate basic care.	急救箱放在办公室里。	The first-aid kit is in the office.	她检查了急救箱里的用品。	She checks the supplies in the first-aid kit.
瘀青	yū qīng	bruise	noun	A discolored area of skin caused by bleeding under the surface.	她的膝盖上有一块瘀青。	There is a bruise on her knee.	医生看了看他手臂上的瘀青。	The doctor looks at the bruise on his arm.
淤青	yū qīng	bruise	noun	A common written form for a bruise or contusion.	他的腿上出现了一块淤青。	A bruise has appeared on his leg.	这块淤青的颜色变淡了。	The color of this bruise has become lighter.
水肿	shuǐ zhǒng	edema; swelling from fluid	noun	Swelling caused by fluid accumulating in body tissues.	医生检查了他的水肿。	The doctor examines his edema.	这份病历记录了水肿的位置。	This medical record notes the location of the swelling from fluid.
红肿	hóng zhǒng	red and swollen	adjective	Reddened and swollen, often around an injury or irritation.	他的手指有点红肿。	His finger is a little red and swollen.	医生看了看红肿的地方。	The doctor examines the red and swollen area.
流血	liú xuè	bleed	verb	To have blood flow out of the body.	他的手指还在流血。	His finger is still bleeding.	护士发现伤口开始流血。	The nurse notices that the wound has started bleeding.
头疼	tóu téng	headache; have a headache	verb	To have pain in the head in its literal sense.	她今天头疼，想早点休息。	She has a headache today and wants to rest early.	他把头疼的情况告诉了医生。	He tells the doctor about his headache.
睡衣	shuì yī	pajamas	noun	Clothes worn for sleeping.	他换上睡衣准备睡觉。	He puts on his pajamas and gets ready for bed.	这套睡衣是棉布做的。	These pajamas are made from cotton fabric.
睡袋	shuì dài	sleeping bag	noun	A padded bag in which a person can sleep.	她把睡袋铺在帐篷里。	She lays the sleeping bag inside the tent.	这个睡袋很轻，方便携带。	This sleeping bag is light and easy to carry.
